[     160ms] [INFO] [foxi] skeletal-режим v2, клипы: Big_Wave_Hello, Cheer_with_Both_Hands_Up, Happy_jump_f, Running, Shake_It_Off_Dance, Walking @ http://localhost:8123/mascot/mascot.js:336
[     160ms] [WARNING] [foxi] не запустился: ReferenceError: t is not defined
    at animate (http://localhost:8123/mascot/mascot.js:601:23)
    at init (http://localhost:8123/mascot/mascot.js:623:3) @ http://localhost:8123/mascot/mascot.js:95
[     163ms] ReferenceError: t is not defined
    at animate (http://localhost:8123/mascot/mascot.js:601:23)
[     169ms] ReferenceError: t is not defined
    at animate (http://localhost:8123/mascot/mascot.js:601:23)
[     176ms] ReferenceError: t is not defined
    at animate (http://localhost:8123/mascot/mascot.js:601:23)
[     185ms] ReferenceError: t is not defined
    at animate (http://localhost:8123/mascot/mascot.js:601:23)
[     193ms] ReferenceError: t is not defined
    at animate (http://localhost:8123/mascot/mascot.js:601:23)
[     201ms] ReferenceError: t is not defined
    at animate (http://localhost:8123/mascot/mascot.js:601:23)
[     210ms] ReferenceError: t is not defined
    at animate (http://localhost:8123/mascot/mascot.js:601:23)
[     218ms] ReferenceError: t is not defined
    at animate (http://localhost:8123/mascot/mascot.js:601:23)
[     226ms] ReferenceError: t is not defined
    at animate (http://localhost:8123/mascot/mascot.js:601:23)
[     235ms] ReferenceError: t is not defined
    at animate (http://localhost:8123/mascot/mascot.js:601:23)
[     243ms] ReferenceError: t is not defined
    at animate (http://localhost:8123/mascot/mascot.js:601:23)
[     251ms] ReferenceError: t is not defined
    at animate (http://localhost:8123/mascot/mascot.js:601:23)
[     260ms] ReferenceError: t is not defined
    at animate (http://localhost:8123/mascot/mascot.js:601:23)
[     268ms] ReferenceError: t is not defined
    at animate (http://localhost:8123/mascot/mascot.js:601:23)
[     276ms] ReferenceError: t is not defined
    at animate (http://localhost:8123/mascot/mascot.js:601:23)
[     284ms] ReferenceError: t is not defined
    at animate (http://localhost:8123/mascot/mascot.js:601:23)
[     293ms] ReferenceError: t is not defined
    at animate (http://localhost:8123/mascot/mascot.js:601:23)
[     301ms] ReferenceError: t is not defined
    at animate (http://localhost:8123/mascot/mascot.js:601:23)
[     309ms] ReferenceError: t is not defined
    at animate (http://localhost:8123/mascot/mascot.js:601:23)
[     318ms] ReferenceError: t is not defined
    at animate (http://localhost:8123/mascot/mascot.js:601:23)
[     326ms] ReferenceError: t is not defined
    at animate (http://localhost:8123/mascot/mascot.js:601:23)
[     334ms] ReferenceError: t is not defined
    at animate (http://localhost:8123/mascot/mascot.js:601:23)
[     343ms] ReferenceError: t is not defined
    at animate (http://localhost:8123/mascot/mascot.js:601:23)
[     351ms] ReferenceError: t is not defined
    at animate (http://localhost:8123/mascot/mascot.js:601:23)
[     359ms] ReferenceError: t is not defined
    at animate (http://localhost:8123/mascot/mascot.js:601:23)
[     368ms] ReferenceError: t is not defined
    at animate (http://localhost:8123/mascot/mascot.js:601:23)
[     376ms] ReferenceError: t is not defined
    at animate (http://localhost:8123/mascot/mascot.js:601:23)
[     385ms] ReferenceError: t is not defined
    at animate (http://localhost:8123/mascot/mascot.js:601:23)
[     393ms] ReferenceError: t is not defined
    at animate (http://localhost:8123/mascot/mascot.js:601:23)
[     401ms] ReferenceError: t is not defined
    at animate (http://localhost:8123/mascot/mascot.js:601:23)
[     410ms] ReferenceError: t is not defined
    at animate (http://localhost:8123/mascot/mascot.js:601:23)
[     418ms] ReferenceError: t is not defined
    at animate (http://localhost:8123/mascot/mascot.js:601:23)
[     425ms] ReferenceError: t is not defined
    at animate (http://localhost:8123/mascot/mascot.js:601:23)
[     435ms] ReferenceError: t is not defined
    at animate (http://localhost:8123/mascot/mascot.js:601:23)
[     443ms] ReferenceError: t is not defined
    at animate (http://localhost:8123/mascot/mascot.js:601:23)
[     451ms] ReferenceError: t is not defined
    at animate (http://localhost:8123/mascot/mascot.js:601:23)
[     460ms] ReferenceError: t is not defined
    at animate (http://localhost:8123/mascot/mascot.js:601:23)
[     468ms] ReferenceError: t is not defined
    at animate (http://localhost:8123/mascot/mascot.js:601:23)
[     476ms] ReferenceError: t is not defined
    at animate (http://localhost:8123/mascot/mascot.js:601:23)
[     484ms] ReferenceError: t is not defined
    at animate (http://localhost:8123/mascot/mascot.js:601:23)
[     492ms] ReferenceError: t is not defined
    at animate (http://localhost:8123/mascot/mascot.js:601:23)
[     501ms] ReferenceError: t is not defined
    at animate (http://localhost:8123/mascot/mascot.js:601:23)
[     510ms] ReferenceError: t is not defined
    at animate (http://localhost:8123/mascot/mascot.js:601:23)
[     518ms] ReferenceError: t is not defined
    at animate (http://localhost:8123/mascot/mascot.js:601:23)
[     526ms] ReferenceError: t is not defined
    at animate (http://localhost:8123/mascot/mascot.js:601:23)
[     534ms] ReferenceError: t is not defined
    at animate (http://localhost:8123/mascot/mascot.js:601:23)
[     543ms] ReferenceError: t is not defined
    at animate (http://localhost:8123/mascot/mascot.js:601:23)
[     551ms] ReferenceError: t is not defined
    at animate (http://localhost:8123/mascot/mascot.js:601:23)
[     559ms] ReferenceError: t is not defined
    at animate (http://localhost:8123/mascot/mascot.js:601:23)
[     568ms] ReferenceError: t is not defined
    at animate (http://localhost:8123/mascot/mascot.js:601:23)
[     576ms] ReferenceError: t is not defined
    at animate (http://localhost:8123/mascot/mascot.js:601:23)
[     585ms] ReferenceError: t is not defined
    at animate (http://localhost:8123/mascot/mascot.js:601:23)
[     593ms] ReferenceError: t is not defined
    at animate (http://localhost:8123/mascot/mascot.js:601:23)
[     602ms] ReferenceError: t is not defined
    at animate (http://localhost:8123/mascot/mascot.js:601:23)
[     610ms] ReferenceError: t is not defined
    at animate (http://localhost:8123/mascot/mascot.js:601:23)
[     619ms] ReferenceError: t is not defined
    at animate (http://localhost:8123/mascot/mascot.js:601:23)
[     627ms] ReferenceError: t is not defined
    at animate (http://localhost:8123/mascot/mascot.js:601:23)
[     635ms] ReferenceError: t is not defined
    at animate (http://localhost:8123/mascot/mascot.js:601:23)
[     644ms] ReferenceError: t is not defined
    at animate (http://localhost:8123/mascot/mascot.js:601:23)
[     652ms] ReferenceError: t is not defined
    at animate (http://localhost:8123/mascot/mascot.js:601:23)
[     660ms] ReferenceError: t is not defined
    at animate (http://localhost:8123/mascot/mascot.js:601:23)
[     669ms] ReferenceError: t is not defined
    at animate (http://localhost:8123/mascot/mascot.js:601:23)
[     678ms] ReferenceError: t is not defined
    at animate (http://localhost:8123/mascot/mascot.js:601:23)
[     686ms] ReferenceError: t is not defined
    at animate (http://localhost:8123/mascot/mascot.js:601:23)
[     694ms] ReferenceError: t is not defined
    at animate (http://localhost:8123/mascot/mascot.js:601:23)
[     701ms] ReferenceError: t is not defined
    at animate (http://localhost:8123/mascot/mascot.js:601:23)
[     711ms] ReferenceError: t is not defined
    at animate (http://localhost:8123/mascot/mascot.js:601:23)
[     719ms] ReferenceError: t is not defined
    at animate (http://localhost:8123/mascot/mascot.js:601:23)
[     728ms] ReferenceError: t is not defined
    at animate (http://localhost:8123/mascot/mascot.js:601:23)
[     735ms] ReferenceError: t is not defined
    at animate (http://localhost:8123/mascot/mascot.js:601:23)
[     744ms] ReferenceError: t is not defined
    at animate (http://localhost:8123/mascot/mascot.js:601:23)
[     753ms] ReferenceError: t is not defined
    at animate (http://localhost:8123/mascot/mascot.js:601:23)
[     761ms] ReferenceError: t is not defined
    at animate (http://localhost:8123/mascot/mascot.js:601:23)
[     769ms] ReferenceError: t is not defined
    at animate (http://localhost:8123/mascot/mascot.js:601:23)
[     777ms] ReferenceError: t is not defined
    at animate (http://localhost:8123/mascot/mascot.js:601:23)
[     786ms] ReferenceError: t is not defined
    at animate (http://localhost:8123/mascot/mascot.js:601:23)
[     794ms] ReferenceError: t is not defined
    at animate (http://localhost:8123/mascot/mascot.js:601:23)
[     803ms] ReferenceError: t is not defined
    at animate (http://localhost:8123/mascot/mascot.js:601:23)
[     812ms] ReferenceError: t is not defined
    at animate (http://localhost:8123/mascot/mascot.js:601:23)
[     825ms] ReferenceError: t is not defined
    at animate (http://localhost:8123/mascot/mascot.js:601:23)
[     827ms] ReferenceError: t is not defined
    at animate (http://localhost:8123/mascot/mascot.js:601:23)
[     836ms] ReferenceError: t is not defined
    at animate (http://localhost:8123/mascot/mascot.js:601:23)
[     843ms] ReferenceError: t is not defined
    at animate (http://localhost:8123/mascot/mascot.js:601:23)
[     852ms] ReferenceError: t is not defined
    at animate (http://localhost:8123/mascot/mascot.js:601:23)
[     861ms] ReferenceError: t is not defined
    at animate (http://localhost:8123/mascot/mascot.js:601:23)
[     869ms] ReferenceError: t is not defined
    at animate (http://localhost:8123/mascot/mascot.js:601:23)
[     877ms] ReferenceError: t is not defined
    at animate (http://localhost:8123/mascot/mascot.js:601:23)
[     885ms] ReferenceError: t is not defined
    at animate (http://localhost:8123/mascot/mascot.js:601:23)
[     894ms] ReferenceError: t is not defined
    at animate (http://localhost:8123/mascot/mascot.js:601:23)
[     902ms] ReferenceError: t is not defined
    at animate (http://localhost:8123/mascot/mascot.js:601:23)
[     911ms] ReferenceError: t is not defined
    at animate (http://localhost:8123/mascot/mascot.js:601:23)
[     919ms] ReferenceError: t is not defined
    at animate (http://localhost:8123/mascot/mascot.js:601:23)
[     927ms] ReferenceError: t is not defined
    at animate (http://localhost:8123/mascot/mascot.js:601:23)
[     935ms] ReferenceError: t is not defined
    at animate (http://localhost:8123/mascot/mascot.js:601:23)
[     944ms] ReferenceError: t is not defined
    at animate (http://localhost:8123/mascot/mascot.js:601:23)
[     952ms] ReferenceError: t is not defined
    at animate (http://localhost:8123/mascot/mascot.js:601:23)
[     960ms] ReferenceError: t is not defined
    at animate (http://localhost:8123/mascot/mascot.js:601:23)
[     970ms] ReferenceError: t is not defined
    at animate (http://localhost:8123/mascot/mascot.js:601:23)
[     979ms] ReferenceError: t is not defined
    at animate (http://localhost:8123/mascot/mascot.js:601:23)
[     986ms] ReferenceError: t is not defined
    at animate (http://localhost:8123/mascot/mascot.js:601:23)
[     995ms] ReferenceError: t is not defined
    at animate (http://localhost:8123/mascot/mascot.js:601:23)
[    1002ms] ReferenceError: t is not defined
    at animate (http://localhost:8123/mascot/mascot.js:601:23)
[    1010ms] ReferenceError: t is not defined
    at animate (http://localhost:8123/mascot/mascot.js:601:23)
[    1019ms] ReferenceError: t is not defined
    at animate (http://localhost:8123/mascot/mascot.js:601:23)
[    1027ms] ReferenceError: t is not defined
    at animate (http://localhost:8123/mascot/mascot.js:601:23)
[    1035ms] ReferenceError: t is not defined
    at animate (http://localhost:8123/mascot/mascot.js:601:23)
[    1044ms] ReferenceError: t is not defined
    at animate (http://localhost:8123/mascot/mascot.js:601:23)
[    1051ms] ReferenceError: t is not defined
    at animate (http://localhost:8123/mascot/mascot.js:601:23)
[    1059ms] ReferenceError: t is not defined
    at animate (http://localhost:8123/mascot/mascot.js:601:23)
[    1068ms] ReferenceError: t is not defined
    at animate (http://localhost:8123/mascot/mascot.js:601:23)
[    1076ms] ReferenceError: t is not defined
    at animate (http://localhost:8123/mascot/mascot.js:601:23)
[    1084ms] ReferenceError: t is not defined
    at animate (http://localhost:8123/mascot/mascot.js:601:23)
[    1093ms] ReferenceError: t is not defined
    at animate (http://localhost:8123/mascot/mascot.js:601:23)
[    1102ms] ReferenceError: t is not defined
    at animate (http://localhost:8123/mascot/mascot.js:601:23)
[    1110ms] ReferenceError: t is not defined
    at animate (http://localhost:8123/mascot/mascot.js:601:23)
[    1118ms] ReferenceError: t is not defined
    at animate (http://localhost:8123/mascot/mascot.js:601:23)
[    1126ms] ReferenceError: t is not defined
    at animate (http://localhost:8123/mascot/mascot.js:601:23)
[    1135ms] ReferenceError: t is not defined
    at animate (http://localhost:8123/mascot/mascot.js:601:23)
[    1143ms] ReferenceError: t is not defined
    at animate (http://localhost:8123/mascot/mascot.js:601:23)
[    1151ms] ReferenceError: t is not defined
    at animate (http://localhost:8123/mascot/mascot.js:601:23)
[    1159ms] ReferenceError: t is not defined
    at animate (http://localhost:8123/mascot/mascot.js:601:23)
[    1168ms] ReferenceError: t is not defined
    at animate (http://localhost:8123/mascot/mascot.js:601:23)
[    1176ms] ReferenceError: t is not defined
    at animate (http://localhost:8123/mascot/mascot.js:601:23)
[    1184ms] ReferenceError: t is not defined
    at animate (http://localhost:8123/mascot/mascot.js:601:23)
[    1193ms] ReferenceError: t is not defined
    at animate (http://localhost:8123/mascot/mascot.js:601:23)
[    1202ms] ReferenceError: t is not defined
    at animate (http://localhost:8123/mascot/mascot.js:601:23)
[    1210ms] ReferenceError: t is not defined
    at animate (http://localhost:8123/mascot/mascot.js:601:23)
[    1218ms] ReferenceError: t is not defined
    at animate (http://localhost:8123/mascot/mascot.js:601:23)
[    1226ms] ReferenceError: t is not defined
    at animate (http://localhost:8123/mascot/mascot.js:601:23)
[    1235ms] ReferenceError: t is not defined
    at animate (http://localhost:8123/mascot/mascot.js:601:23)
[    1243ms] ReferenceError: t is not defined
    at animate (http://localhost:8123/mascot/mascot.js:601:23)
[    1251ms] ReferenceError: t is not defined
    at animate (http://localhost:8123/mascot/mascot.js:601:23)
[    1259ms] ReferenceError: t is not defined
    at animate (http://localhost:8123/mascot/mascot.js:601:23)
[    1268ms] ReferenceError: t is not defined
    at animate (http://localhost:8123/mascot/mascot.js:601:23)
[    1276ms] ReferenceError: t is not defined
    at animate (http://localhost:8123/mascot/mascot.js:601:23)
[    1284ms] ReferenceError: t is not defined
    at animate (http://localhost:8123/mascot/mascot.js:601:23)
[    1293ms] ReferenceError: t is not defined
    at animate (http://localhost:8123/mascot/mascot.js:601:23)
[    1301ms] ReferenceError: t is not defined
    at animate (http://localhost:8123/mascot/mascot.js:601:23)
[    1310ms] ReferenceError: t is not defined
    at animate (http://localhost:8123/mascot/mascot.js:601:23)
[    1319ms] ReferenceError: t is not defined
    at animate (http://localhost:8123/mascot/mascot.js:601:23)
[    1327ms] ReferenceError: t is not defined
    at animate (http://localhost:8123/mascot/mascot.js:601:23)
[    1335ms] ReferenceError: t is not defined
    at animate (http://localhost:8123/mascot/mascot.js:601:23)
[    1343ms] ReferenceError: t is not defined
    at animate (http://localhost:8123/mascot/mascot.js:601:23)
[    1351ms] ReferenceError: t is not defined
    at animate (http://localhost:8123/mascot/mascot.js:601:23)
[    1361ms] ReferenceError: t is not defined
    at animate (http://localhost:8123/mascot/mascot.js:601:23)
[    1369ms] ReferenceError: t is not defined
    at animate (http://localhost:8123/mascot/mascot.js:601:23)
[    1377ms] ReferenceError: t is not defined
    at animate (http://localhost:8123/mascot/mascot.js:601:23)
[    1385ms] ReferenceError: t is not defined
    at animate (http://localhost:8123/mascot/mascot.js:601:23)
[    1393ms] ReferenceError: t is not defined
    at animate (http://localhost:8123/mascot/mascot.js:601:23)
[    1403ms] ReferenceError: t is not defined
    at animate (http://localhost:8123/mascot/mascot.js:601:23)
[    1412ms] ReferenceError: t is not defined
    at animate (http://localhost:8123/mascot/mascot.js:601:23)
[    1420ms] ReferenceError: t is not defined
    at animate (http://localhost:8123/mascot/mascot.js:601:23)
[    1427ms] ReferenceError: t is not defined
    at animate (http://localhost:8123/mascot/mascot.js:601:23)
[    1435ms] ReferenceError: t is not defined
    at animate (http://localhost:8123/mascot/mascot.js:601:23)
[    1443ms] ReferenceError: t is not defined
    at animate (http://localhost:8123/mascot/mascot.js:601:23)
[    1452ms] ReferenceError: t is not defined
    at animate (http://localhost:8123/mascot/mascot.js:601:23)
[    1460ms] ReferenceError: t is not defined
    at animate (http://localhost:8123/mascot/mascot.js:601:23)
[    1469ms] ReferenceError: t is not defined
    at animate (http://localhost:8123/mascot/mascot.js:601:23)
[    1477ms] ReferenceError: t is not defined
    at animate (http://localhost:8123/mascot/mascot.js:601:23)
[    1485ms] ReferenceError: t is not defined
    at animate (http://localhost:8123/mascot/mascot.js:601:23)
[    1495ms] ReferenceError: t is not defined
    at animate (http://localhost:8123/mascot/mascot.js:601:23)
[    1499ms] ReferenceError: t is not defined
    at animate (http://localhost:8123/mascot/mascot.js:601:23)
[    1508ms] ReferenceError: t is not defined
    at animate (http://localhost:8123/mascot/mascot.js:601:23)
[    1517ms] ReferenceError: t is not defined
    at animate (http://localhost:8123/mascot/mascot.js:601:23)
[    1523ms] ReferenceError: t is not defined
    at animate (http://localhost:8123/mascot/mascot.js:601:23)
[    1532ms] ReferenceError: t is not defined
    at animate (http://localhost:8123/mascot/mascot.js:601:23)
[    1539ms] ReferenceError: t is not defined
    at animate (http://localhost:8123/mascot/mascot.js:601:23)
[    1548ms] ReferenceError: t is not defined
    at animate (http://localhost:8123/mascot/mascot.js:601:23)
[    1556ms] ReferenceError: t is not defined
    at animate (http://localhost:8123/mascot/mascot.js:601:23)
[    1566ms] ReferenceError: t is not defined
    at animate (http://localhost:8123/mascot/mascot.js:601:23)
[    1573ms] ReferenceError: t is not defined
    at animate (http://localhost:8123/mascot/mascot.js:601:23)
[    1581ms] ReferenceError: t is not defined
    at animate (http://localhost:8123/mascot/mascot.js:601:23)
[    1589ms] ReferenceError: t is not defined
    at animate (http://localhost:8123/mascot/mascot.js:601:23)
[    1598ms] ReferenceError: t is not defined
    at animate (http://localhost:8123/mascot/mascot.js:601:23)
[    1606ms] ReferenceError: t is not defined
    at animate (http://localhost:8123/mascot/mascot.js:601:23)
[    1614ms] ReferenceError: t is not defined
    at animate (http://localhost:8123/mascot/mascot.js:601:23)
[    1624ms] ReferenceError: t is not defined
    at animate (http://localhost:8123/mascot/mascot.js:601:23)
[    1631ms] ReferenceError: t is not defined
    at animate (http://localhost:8123/mascot/mascot.js:601:23)
[    1640ms] ReferenceError: t is not defined
    at animate (http://localhost:8123/mascot/mascot.js:601:23)
[    1648ms] ReferenceError: t is not defined
    at animate (http://localhost:8123/mascot/mascot.js:601:23)
[    1656ms] ReferenceError: t is not defined
    at animate (http://localhost:8123/mascot/mascot.js:601:23)
[    1664ms] ReferenceError: t is not defined
    at animate (http://localhost:8123/mascot/mascot.js:601:23)
[    1673ms] ReferenceError: t is not defined
    at animate (http://localhost:8123/mascot/mascot.js:601:23)
[    1681ms] ReferenceError: t is not defined
    at animate (http://localhost:8123/mascot/mascot.js:601:23)
[    1690ms] ReferenceError: t is not defined
    at animate (http://localhost:8123/mascot/mascot.js:601:23)
[    1698ms] ReferenceError: t is not defined
    at animate (http://localhost:8123/mascot/mascot.js:601:23)
[    1707ms] ReferenceError: t is not defined
    at animate (http://localhost:8123/mascot/mascot.js:601:23)
[    1714ms] ReferenceError: t is not defined
    at animate (http://localhost:8123/mascot/mascot.js:601:23)
[    1722ms] ReferenceError: t is not defined
    at animate (http://localhost:8123/mascot/mascot.js:601:23)
[    1732ms] ReferenceError: t is not defined
    at animate (http://localhost:8123/mascot/mascot.js:601:23)
[    1740ms] ReferenceError: t is not defined
    at animate (http://localhost:8123/mascot/mascot.js:601:23)
[    1749ms] ReferenceError: t is not defined
    at animate (http://localhost:8123/mascot/mascot.js:601:23)
[    1756ms] ReferenceError: t is not defined
    at animate (http://localhost:8123/mascot/mascot.js:601:23)
[    1765ms] ReferenceError: t is not defined
    at animate (http://localhost:8123/mascot/mascot.js:601:23)
[    1773ms] ReferenceError: t is not defined
    at animate (http://localhost:8123/mascot/mascot.js:601:23)
[    1781ms] ReferenceError: t is not defined
    at animate (http://localhost:8123/mascot/mascot.js:601:23)
[    1790ms] ReferenceError: t is not defined
    at animate (http://localhost:8123/mascot/mascot.js:601:23)
[    1798ms] ReferenceError: t is not defined
    at animate (http://localhost:8123/mascot/mascot.js:601:23)
[    1807ms] ReferenceError: t is not defined
    at animate (http://localhost:8123/mascot/mascot.js:601:23)
[    1815ms] ReferenceError: t is not defined
    at animate (http://localhost:8123/mascot/mascot.js:601:23)
[    1823ms] ReferenceError: t is not defined
    at animate (http://localhost:8123/mascot/mascot.js:601:23)
[    1832ms] ReferenceError: t is not defined
    at animate (http://localhost:8123/mascot/mascot.js:601:23)
[    1840ms] ReferenceError: t is not defined
    at animate (http://localhost:8123/mascot/mascot.js:601:23)
[    1848ms] ReferenceError: t is not defined
    at animate (http://localhost:8123/mascot/mascot.js:601:23)
[    1857ms] ReferenceError: t is not defined
    at animate (http://localhost:8123/mascot/mascot.js:601:23)
[    1866ms] ReferenceError: t is not defined
    at animate (http://localhost:8123/mascot/mascot.js:601:23)
[    1873ms] ReferenceError: t is not defined
    at animate (http://localhost:8123/mascot/mascot.js:601:23)
[    1881ms] ReferenceError: t is not defined
    at animate (http://localhost:8123/mascot/mascot.js:601:23)
[    1890ms] ReferenceError: t is not defined
    at animate (http://localhost:8123/mascot/mascot.js:601:23)
[    1898ms] ReferenceError: t is not defined
    at animate (http://localhost:8123/mascot/mascot.js:601:23)
[    1907ms] ReferenceError: t is not defined
    at animate (http://localhost:8123/mascot/mascot.js:601:23)
[    1915ms] ReferenceError: t is not defined
    at animate (http://localhost:8123/mascot/mascot.js:601:23)
[    1924ms] ReferenceError: t is not defined
    at animate (http://localhost:8123/mascot/mascot.js:601:23)
[    1931ms] ReferenceError: t is not defined
    at animate (http://localhost:8123/mascot/mascot.js:601:23)
[    1940ms] ReferenceError: t is not defined
    at animate (http://localhost:8123/mascot/mascot.js:601:23)
[    1948ms] ReferenceError: t is not defined
    at animate (http://localhost:8123/mascot/mascot.js:601:23)
[    1956ms] ReferenceError: t is not defined
    at animate (http://localhost:8123/mascot/mascot.js:601:23)
[    1964ms] ReferenceError: t is not defined
    at animate (http://localhost:8123/mascot/mascot.js:601:23)
[    1972ms] ReferenceError: t is not defined
    at animate (http://localhost:8123/mascot/mascot.js:601:23)
[    1982ms] ReferenceError: t is not defined
    at animate (http://localhost:8123/mascot/mascot.js:601:23)
[    1989ms] ReferenceError: t is not defined
    at animate (http://localhost:8123/mascot/mascot.js:601:23)
[    1998ms] ReferenceError: t is not defined
    at animate (http://localhost:8123/mascot/mascot.js:601:23)
[    2006ms] ReferenceError: t is not defined
    at animate (http://localhost:8123/mascot/mascot.js:601:23)
[    2020ms] ReferenceError: t is not defined
    at animate (http://localhost:8123/mascot/mascot.js:601:23)
[    2023ms] ReferenceError: t is not defined
    at animate (http://localhost:8123/mascot/mascot.js:601:23)
[    2032ms] ReferenceError: t is not defined
    at animate (http://localhost:8123/mascot/mascot.js:601:23)
[    2040ms] ReferenceError: t is not defined
    at animate (http://localhost:8123/mascot/mascot.js:601:23)
[    2049ms] ReferenceError: t is not defined
    at animate (http://localhost:8123/mascot/mascot.js:601:23)
[    2056ms] ReferenceError: t is not defined
    at animate (http://localhost:8123/mascot/mascot.js:601:23)
[    2064ms] ReferenceError: t is not defined
    at animate (http://localhost:8123/mascot/mascot.js:601:23)
[    2073ms] ReferenceError: t is not defined
    at animate (http://localhost:8123/mascot/mascot.js:601:23)
[    2081ms] ReferenceError: t is not defined
    at animate (http://localhost:8123/mascot/mascot.js:601:23)
[    2089ms] ReferenceError: t is not defined
    at animate (http://localhost:8123/mascot/mascot.js:601:23)
[    2097ms] ReferenceError: t is not defined
    at animate (http://localhost:8123/mascot/mascot.js:601:23)
[    2105ms] ReferenceError: t is not defined
    at animate (http://localhost:8123/mascot/mascot.js:601:23)
[    2115ms] ReferenceError: t is not defined
    at animate (http://localhost:8123/mascot/mascot.js:601:23)
[    2122ms] ReferenceError: t is not defined
    at animate (http://localhost:8123/mascot/mascot.js:601:23)
[    2130ms] ReferenceError: t is not defined
    at animate (http://localhost:8123/mascot/mascot.js:601:23)
[    2139ms] ReferenceError: t is not defined
    at animate (http://localhost:8123/mascot/mascot.js:601:23)
[    2147ms] ReferenceError: t is not defined
    at animate (http://localhost:8123/mascot/mascot.js:601:23)
[    2155ms] ReferenceError: t is not defined
    at animate (http://localhost:8123/mascot/mascot.js:601:23)
[    2163ms] ReferenceError: t is not defined
    at animate (http://localhost:8123/mascot/mascot.js:601:23)
[    2172ms] ReferenceError: t is not defined
    at animate (http://localhost:8123/mascot/mascot.js:601:23)
[    2182ms] ReferenceError: t is not defined
    at animate (http://localhost:8123/mascot/mascot.js:601:23)
[    2189ms] ReferenceError: t is not defined
    at animate (http://localhost:8123/mascot/mascot.js:601:23)
[    2197ms] ReferenceError: t is not defined
    at animate (http://localhost:8123/mascot/mascot.js:601:23)
[    2206ms] ReferenceError: t is not defined
    at animate (http://localhost:8123/mascot/mascot.js:601:23)
[    2214ms] ReferenceError: t is not defined
    at animate (http://localhost:8123/mascot/mascot.js:601:23)
[    2223ms] ReferenceError: t is not defined
    at animate (http://localhost:8123/mascot/mascot.js:601:23)
[    2232ms] ReferenceError: t is not defined
    at animate (http://localhost:8123/mascot/mascot.js:601:23)
[    2239ms] ReferenceError: t is not defined
    at animate (http://localhost:8123/mascot/mascot.js:601:23)
[    2247ms] ReferenceError: t is not defined
    at animate (http://localhost:8123/mascot/mascot.js:601:23)
[    2257ms] ReferenceError: t is not defined
    at animate (http://localhost:8123/mascot/mascot.js:601:23)
[    2264ms] ReferenceError: t is not defined
    at animate (http://localhost:8123/mascot/mascot.js:601:23)
[    2272ms] ReferenceError: t is not defined
    at animate (http://localhost:8123/mascot/mascot.js:601:23)
[    2281ms] ReferenceError: t is not defined
    at animate (http://localhost:8123/mascot/mascot.js:601:23)
[    2289ms] ReferenceError: t is not defined
    at animate (http://localhost:8123/mascot/mascot.js:601:23)
[    2298ms] ReferenceError: t is not defined
    at animate (http://localhost:8123/mascot/mascot.js:601:23)
[    2305ms] ReferenceError: t is not defined
    at animate (http://localhost:8123/mascot/mascot.js:601:23)
[    2314ms] ReferenceError: t is not defined
    at animate (http://localhost:8123/mascot/mascot.js:601:23)
[    2321ms] ReferenceError: t is not defined
    at animate (http://localhost:8123/mascot/mascot.js:601:23)
[    2331ms] ReferenceError: t is not defined
    at animate (http://localhost:8123/mascot/mascot.js:601:23)
[    2339ms] ReferenceError: t is not defined
    at animate (http://localhost:8123/mascot/mascot.js:601:23)
[    2347ms] ReferenceError: t is not defined
    at animate (http://localhost:8123/mascot/mascot.js:601:23)
[    2355ms] ReferenceError: t is not defined
    at animate (http://localhost:8123/mascot/mascot.js:601:23)
[    2364ms] ReferenceError: t is not defined
    at animate (http://localhost:8123/mascot/mascot.js:601:23)
[    2372ms] ReferenceError: t is not defined
    at animate (http://localhost:8123/mascot/mascot.js:601:23)
[    2381ms] ReferenceError: t is not defined
    at animate (http://localhost:8123/mascot/mascot.js:601:23)
[    2390ms] ReferenceError: t is not defined
    at animate (http://localhost:8123/mascot/mascot.js:601:23)
[    2397ms] ReferenceError: t is not defined
    at animate (http://localhost:8123/mascot/mascot.js:601:23)
[    2406ms] ReferenceError: t is not defined
    at animate (http://localhost:8123/mascot/mascot.js:601:23)
[    2415ms] ReferenceError: t is not defined
    at animate (http://localhost:8123/mascot/mascot.js:601:23)
[    2424ms] ReferenceError: t is not defined
    at animate (http://localhost:8123/mascot/mascot.js:601:23)
[    2431ms] ReferenceError: t is not defined
    at animate (http://localhost:8123/mascot/mascot.js:601:23)
[    2440ms] ReferenceError: t is not defined
    at animate (http://localhost:8123/mascot/mascot.js:601:23)
[    2448ms] ReferenceError: t is not defined
    at animate (http://localhost:8123/mascot/mascot.js:601:23)
[    2457ms] ReferenceError: t is not defined
    at animate (http://localhost:8123/mascot/mascot.js:601:23)
[    2464ms] ReferenceError: t is not defined
    at animate (http://localhost:8123/mascot/mascot.js:601:23)
[    2473ms] ReferenceError: t is not defined
    at animate (http://localhost:8123/mascot/mascot.js:601:23)
[    2481ms] ReferenceError: t is not defined
    at animate (http://localhost:8123/mascot/mascot.js:601:23)
[    2489ms] ReferenceError: t is not defined
    at animate (http://localhost:8123/mascot/mascot.js:601:23)
[    2497ms] ReferenceError: t is not defined
    at animate (http://localhost:8123/mascot/mascot.js:601:23)
[    2506ms] ReferenceError: t is not defined
    at animate (http://localhost:8123/mascot/mascot.js:601:23)
[    2514ms] ReferenceError: t is not defined
    at animate (http://localhost:8123/mascot/mascot.js:601:23)
[    2522ms] ReferenceError: t is not defined
    at animate (http://localhost:8123/mascot/mascot.js:601:23)
[    2531ms] ReferenceError: t is not defined
    at animate (http://localhost:8123/mascot/mascot.js:601:23)
[    2540ms] ReferenceError: t is not defined
    at animate (http://localhost:8123/mascot/mascot.js:601:23)
[    2547ms] ReferenceError: t is not defined
    at animate (http://localhost:8123/mascot/mascot.js:601:23)
[    2556ms] ReferenceError: t is not defined
    at animate (http://localhost:8123/mascot/mascot.js:601:23)
[    2564ms] ReferenceError: t is not defined
    at animate (http://localhost:8123/mascot/mascot.js:601:23)
[    2572ms] ReferenceError: t is not defined
    at animate (http://localhost:8123/mascot/mascot.js:601:23)
[    2582ms] ReferenceError: t is not defined
    at animate (http://localhost:8123/mascot/mascot.js:601:23)
[    2590ms] ReferenceError: t is not defined
    at animate (http://localhost:8123/mascot/mascot.js:601:23)
[    2597ms] ReferenceError: t is not defined
    at animate (http://localhost:8123/mascot/mascot.js:601:23)
[    2606ms] ReferenceError: t is not defined
    at animate (http://localhost:8123/mascot/mascot.js:601:23)
[    2614ms] ReferenceError: t is not defined
    at animate (http://localhost:8123/mascot/mascot.js:601:23)
[    2623ms] ReferenceError: t is not defined
    at animate (http://localhost:8123/mascot/mascot.js:601:23)
[    2631ms] ReferenceError: t is not defined
    at animate (http://localhost:8123/mascot/mascot.js:601:23)
[    2640ms] ReferenceError: t is not defined
    at animate (http://localhost:8123/mascot/mascot.js:601:23)
[    2648ms] ReferenceError: t is not defined
    at animate (http://localhost:8123/mascot/mascot.js:601:23)
[    2657ms] ReferenceError: t is not defined
    at animate (http://localhost:8123/mascot/mascot.js:601:23)
[    2664ms] ReferenceError: t is not defined
    at animate (http://localhost:8123/mascot/mascot.js:601:23)
[    2673ms] ReferenceError: t is not defined
    at animate (http://localhost:8123/mascot/mascot.js:601:23)
[    2682ms] ReferenceError: t is not defined
    at animate (http://localhost:8123/mascot/mascot.js:601:23)
[    2690ms] ReferenceError: t is not defined
    at animate (http://localhost:8123/mascot/mascot.js:601:23)
[    2698ms] ReferenceError: t is not defined
    at animate (http://localhost:8123/mascot/mascot.js:601:23)
[    2706ms] ReferenceError: t is not defined
    at animate (http://localhost:8123/mascot/mascot.js:601:23)
[    2715ms] ReferenceError: t is not defined
    at animate (http://localhost:8123/mascot/mascot.js:601:23)
[    2724ms] ReferenceError: t is not defined
    at animate (http://localhost:8123/mascot/mascot.js:601:23)
[    2731ms] ReferenceError: t is not defined
    at animate (http://localhost:8123/mascot/mascot.js:601:23)
[    2740ms] ReferenceError: t is not defined
    at animate (http://localhost:8123/mascot/mascot.js:601:23)
[    2748ms] ReferenceError: t is not defined
    at animate (http://localhost:8123/mascot/mascot.js:601:23)
[    2756ms] ReferenceError: t is not defined
    at animate (http://localhost:8123/mascot/mascot.js:601:23)
[    2765ms] ReferenceError: t is not defined
    at animate (http://localhost:8123/mascot/mascot.js:601:23)
[    2773ms] ReferenceError: t is not defined
    at animate (http://localhost:8123/mascot/mascot.js:601:23)
[    2782ms] ReferenceError: t is not defined
    at animate (http://localhost:8123/mascot/mascot.js:601:23)
[    2790ms] ReferenceError: t is not defined
    at animate (http://localhost:8123/mascot/mascot.js:601:23)
[    2799ms] ReferenceError: t is not defined
    at animate (http://localhost:8123/mascot/mascot.js:601:23)
[    2807ms] ReferenceError: t is not defined
    at animate (http://localhost:8123/mascot/mascot.js:601:23)
[    2815ms] ReferenceError: t is not defined
    at animate (http://localhost:8123/mascot/mascot.js:601:23)
[    2824ms] ReferenceError: t is not defined
    at animate (http://localhost:8123/mascot/mascot.js:601:23)
[    2831ms] ReferenceError: t is not defined
    at animate (http://localhost:8123/mascot/mascot.js:601:23)
[    2840ms] ReferenceError: t is not defined
    at animate (http://localhost:8123/mascot/mascot.js:601:23)
[    2848ms] ReferenceError: t is not defined
    at animate (http://localhost:8123/mascot/mascot.js:601:23)
[    2857ms] ReferenceError: t is not defined
    at animate (http://localhost:8123/mascot/mascot.js:601:23)
[    2865ms] ReferenceError: t is not defined
    at animate (http://localhost:8123/mascot/mascot.js:601:23)
[    2873ms] ReferenceError: t is not defined
    at animate (http://localhost:8123/mascot/mascot.js:601:23)
[    2881ms] ReferenceError: t is not defined
    at animate (http://localhost:8123/mascot/mascot.js:601:23)
[    2891ms] ReferenceError: t is not defined
    at animate (http://localhost:8123/mascot/mascot.js:601:23)
[    2898ms] ReferenceError: t is not defined
    at animate (http://localhost:8123/mascot/mascot.js:601:23)
[    2906ms] ReferenceError: t is not defined
    at animate (http://localhost:8123/mascot/mascot.js:601:23)
[    2916ms] ReferenceError: t is not defined
    at animate (http://localhost:8123/mascot/mascot.js:601:23)
[    2923ms] ReferenceError: t is not defined
    at animate (http://localhost:8123/mascot/mascot.js:601:23)
[    2931ms] ReferenceError: t is not defined
    at animate (http://localhost:8123/mascot/mascot.js:601:23)
[    2940ms] ReferenceError: t is not defined
    at animate (http://localhost:8123/mascot/mascot.js:601:23)
[    2948ms] ReferenceError: t is not defined
    at animate (http://localhost:8123/mascot/mascot.js:601:23)
[    2956ms] ReferenceError: t is not defined
    at animate (http://localhost:8123/mascot/mascot.js:601:23)
[    2966ms] ReferenceError: t is not defined
    at animate (http://localhost:8123/mascot/mascot.js:601:23)
[    2974ms] ReferenceError: t is not defined
    at animate (http://localhost:8123/mascot/mascot.js:601:23)
[    2982ms] ReferenceError: t is not defined
    at animate (http://localhost:8123/mascot/mascot.js:601:23)
[    2990ms] ReferenceError: t is not defined
    at animate (http://localhost:8123/mascot/mascot.js:601:23)
[    2998ms] ReferenceError: t is not defined
    at animate (http://localhost:8123/mascot/mascot.js:601:23)
[    3006ms] ReferenceError: t is not defined
    at animate (http://localhost:8123/mascot/mascot.js:601:23)
[    3014ms] ReferenceError: t is not defined
    at animate (http://localhost:8123/mascot/mascot.js:601:23)
[    3023ms] ReferenceError: t is not defined
    at animate (http://localhost:8123/mascot/mascot.js:601:23)
[    3032ms] ReferenceError: t is not defined
    at animate (http://localhost:8123/mascot/mascot.js:601:23)
[    3039ms] ReferenceError: t is not defined
    at animate (http://localhost:8123/mascot/mascot.js:601:23)
[    3048ms] ReferenceError: t is not defined
    at animate (http://localhost:8123/mascot/mascot.js:601:23)
[    3061ms] ReferenceError: t is not defined
    at animate (http://localhost:8123/mascot/mascot.js:601:23)
[    3066ms] ReferenceError: t is not defined
    at animate (http://localhost:8123/mascot/mascot.js:601:23)
[    3074ms] ReferenceError: t is not defined
    at animate (http://localhost:8123/mascot/mascot.js:601:23)
[    3082ms] ReferenceError: t is not defined
    at animate (http://localhost:8123/mascot/mascot.js:601:23)
[    3090ms] ReferenceError: t is not defined
    at animate (http://localhost:8123/mascot/mascot.js:601:23)
[    3098ms] ReferenceError: t is not defined
    at animate (http://localhost:8123/mascot/mascot.js:601:23)
[    3106ms] ReferenceError: t is not defined
    at animate (http://localhost:8123/mascot/mascot.js:601:23)
[    3115ms] ReferenceError: t is not defined
    at animate (http://localhost:8123/mascot/mascot.js:601:23)
[    3122ms] ReferenceError: t is not defined
    at animate (http://localhost:8123/mascot/mascot.js:601:23)
[    3130ms] ReferenceError: t is not defined
    at animate (http://localhost:8123/mascot/mascot.js:601:23)
[    3139ms] ReferenceError: t is not defined
    at animate (http://localhost:8123/mascot/mascot.js:601:23)
[    3147ms] ReferenceError: t is not defined
    at animate (http://localhost:8123/mascot/mascot.js:601:23)
[    3156ms] ReferenceError: t is not defined
    at animate (http://localhost:8123/mascot/mascot.js:601:23)
[    3164ms] ReferenceError: t is not defined
    at animate (http://localhost:8123/mascot/mascot.js:601:23)
[    3172ms] ReferenceError: t is not defined
    at animate (http://localhost:8123/mascot/mascot.js:601:23)
[    3180ms] ReferenceError: t is not defined
    at animate (http://localhost:8123/mascot/mascot.js:601:23)
[    3189ms] ReferenceError: t is not defined
    at animate (http://localhost:8123/mascot/mascot.js:601:23)
[    3197ms] ReferenceError: t is not defined
    at animate (http://localhost:8123/mascot/mascot.js:601:23)
[    3205ms] ReferenceError: t is not defined
    at animate (http://localhost:8123/mascot/mascot.js:601:23)
[    3213ms] ReferenceError: t is not defined
    at animate (http://localhost:8123/mascot/mascot.js:601:23)
[    3222ms] ReferenceError: t is not defined
    at animate (http://localhost:8123/mascot/mascot.js:601:23)
[    3230ms] ReferenceError: t is not defined
    at animate (http://localhost:8123/mascot/mascot.js:601:23)
[    3239ms] ReferenceError: t is not defined
    at animate (http://localhost:8123/mascot/mascot.js:601:23)
[    3248ms] ReferenceError: t is not defined
    at animate (http://localhost:8123/mascot/mascot.js:601:23)
[    3255ms] ReferenceError: t is not defined
    at animate (http://localhost:8123/mascot/mascot.js:601:23)
[    3264ms] ReferenceError: t is not defined
    at animate (http://localhost:8123/mascot/mascot.js:601:23)
[    3272ms] ReferenceError: t is not defined
    at animate (http://localhost:8123/mascot/mascot.js:601:23)
[    3280ms] ReferenceError: t is not defined
    at animate (http://localhost:8123/mascot/mascot.js:601:23)
[    3289ms] ReferenceError: t is not defined
    at animate (http://localhost:8123/mascot/mascot.js:601:23)
[    3297ms] ReferenceError: t is not defined
    at animate (http://localhost:8123/mascot/mascot.js:601:23)
[    3305ms] ReferenceError: t is not defined
    at animate (http://localhost:8123/mascot/mascot.js:601:23)
[    3314ms] ReferenceError: t is not defined
    at animate (http://localhost:8123/mascot/mascot.js:601:23)
[    3323ms] ReferenceError: t is not defined
    at animate (http://localhost:8123/mascot/mascot.js:601:23)
[    3330ms] ReferenceError: t is not defined
    at animate (http://localhost:8123/mascot/mascot.js:601:23)
[    3339ms] ReferenceError: t is not defined
    at animate (http://localhost:8123/mascot/mascot.js:601:23)
[    3347ms] ReferenceError: t is not defined
    at animate (http://localhost:8123/mascot/mascot.js:601:23)
[    3355ms] ReferenceError: t is not defined
    at animate (http://localhost:8123/mascot/mascot.js:601:23)
[    3363ms] ReferenceError: t is not defined
    at animate (http://localhost:8123/mascot/mascot.js:601:23)
[    3373ms] ReferenceError: t is not defined
    at animate (http://localhost:8123/mascot/mascot.js:601:23)
[    3381ms] ReferenceError: t is not defined
    at animate (http://localhost:8123/mascot/mascot.js:601:23)
[    3390ms] ReferenceError: t is not defined
    at animate (http://localhost:8123/mascot/mascot.js:601:23)
[    3398ms] ReferenceError: t is not defined
    at animate (http://localhost:8123/mascot/mascot.js:601:23)
[    3406ms] ReferenceError: t is not defined
    at animate (http://localhost:8123/mascot/mascot.js:601:23)
[    3415ms] ReferenceError: t is not defined
    at animate (http://localhost:8123/mascot/mascot.js:601:23)
[    3423ms] ReferenceError: t is not defined
    at animate (http://localhost:8123/mascot/mascot.js:601:23)
[    3431ms] ReferenceError: t is not defined
    at animate (http://localhost:8123/mascot/mascot.js:601:23)
[    3439ms] ReferenceError: t is not defined
    at animate (http://localhost:8123/mascot/mascot.js:601:23)
[    3448ms] ReferenceError: t is not defined
    at animate (http://localhost:8123/mascot/mascot.js:601:23)
[    3456ms] ReferenceError: t is not defined
    at animate (http://localhost:8123/mascot/mascot.js:601:23)
[    3465ms] ReferenceError: t is not defined
    at animate (http://localhost:8123/mascot/mascot.js:601:23)
[    3473ms] ReferenceError: t is not defined
    at animate (http://localhost:8123/mascot/mascot.js:601:23)
[    3482ms] ReferenceError: t is not defined
    at animate (http://localhost:8123/mascot/mascot.js:601:23)
[    3490ms] ReferenceError: t is not defined
    at animate (http://localhost:8123/mascot/mascot.js:601:23)
[    3498ms] ReferenceError: t is not defined
    at animate (http://localhost:8123/mascot/mascot.js:601:23)
[    3506ms] ReferenceError: t is not defined
    at animate (http://localhost:8123/mascot/mascot.js:601:23)
[    3514ms] ReferenceError: t is not defined
    at animate (http://localhost:8123/mascot/mascot.js:601:23)
[    3524ms] ReferenceError: t is not defined
    at animate (http://localhost:8123/mascot/mascot.js:601:23)
[    3531ms] ReferenceError: t is not defined
    at animate (http://localhost:8123/mascot/mascot.js:601:23)
[    3540ms] ReferenceError: t is not defined
    at animate (http://localhost:8123/mascot/mascot.js:601:23)
[    3548ms] ReferenceError: t is not defined
    at animate (http://localhost:8123/mascot/mascot.js:601:23)
[    3557ms] ReferenceError: t is not defined
    at animate (http://localhost:8123/mascot/mascot.js:601:23)
[    3564ms] ReferenceError: t is not defined
    at animate (http://localhost:8123/mascot/mascot.js:601:23)
[    3572ms] ReferenceError: t is not defined
    at animate (http://localhost:8123/mascot/mascot.js:601:23)
[    3581ms] ReferenceError: t is not defined
    at animate (http://localhost:8123/mascot/mascot.js:601:23)
[    3589ms] ReferenceError: t is not defined
    at animate (http://localhost:8123/mascot/mascot.js:601:23)
[    3597ms] ReferenceError: t is not defined
    at animate (http://localhost:8123/mascot/mascot.js:601:23)
[    3605ms] ReferenceError: t is not defined
    at animate (http://localhost:8123/mascot/mascot.js:601:23)
[    3614ms] ReferenceError: t is not defined
    at animate (http://localhost:8123/mascot/mascot.js:601:23)
[    3623ms] ReferenceError: t is not defined
    at animate (http://localhost:8123/mascot/mascot.js:601:23)
[    3631ms] ReferenceError: t is not defined
    at animate (http://localhost:8123/mascot/mascot.js:601:23)
[    3640ms] ReferenceError: t is not defined
    at animate (http://localhost:8123/mascot/mascot.js:601:23)
[    3648ms] ReferenceError: t is not defined
    at animate (http://localhost:8123/mascot/mascot.js:601:23)
[    3656ms] ReferenceError: t is not defined
    at animate (http://localhost:8123/mascot/mascot.js:601:23)
[    3664ms] ReferenceError: t is not defined
    at animate (http://localhost:8123/mascot/mascot.js:601:23)
[    3672ms] ReferenceError: t is not defined
    at animate (http://localhost:8123/mascot/mascot.js:601:23)
[    3681ms] ReferenceError: t is not defined
    at animate (http://localhost:8123/mascot/mascot.js:601:23)
[    3689ms] ReferenceError: t is not defined
    at animate (http://localhost:8123/mascot/mascot.js:601:23)
[    3698ms] ReferenceError: t is not defined
    at animate (http://localhost:8123/mascot/mascot.js:601:23)
[    3706ms] ReferenceError: t is not defined
    at animate (http://localhost:8123/mascot/mascot.js:601:23)
[    3714ms] ReferenceError: t is not defined
    at animate (http://localhost:8123/mascot/mascot.js:601:23)
[    3723ms] ReferenceError: t is not defined
    at animate (http://localhost:8123/mascot/mascot.js:601:23)
[    3731ms] ReferenceError: t is not defined
    at animate (http://localhost:8123/mascot/mascot.js:601:23)
[    3740ms] ReferenceError: t is not defined
    at animate (http://localhost:8123/mascot/mascot.js:601:23)
[    3748ms] ReferenceError: t is not defined
    at animate (http://localhost:8123/mascot/mascot.js:601:23)
[    3757ms] ReferenceError: t is not defined
    at animate (http://localhost:8123/mascot/mascot.js:601:23)
[    3765ms] ReferenceError: t is not defined
    at animate (http://localhost:8123/mascot/mascot.js:601:23)
[    3773ms] ReferenceError: t is not defined
    at animate (http://localhost:8123/mascot/mascot.js:601:23)
[    3781ms] ReferenceError: t is not defined
    at animate (http://localhost:8123/mascot/mascot.js:601:23)
[    3790ms] ReferenceError: t is not defined
    at animate (http://localhost:8123/mascot/mascot.js:601:23)
[    3798ms] ReferenceError: t is not defined
    at animate (http://localhost:8123/mascot/mascot.js:601:23)
[    3806ms] ReferenceError: t is not defined
    at animate (http://localhost:8123/mascot/mascot.js:601:23)
[    3814ms] ReferenceError: t is not defined
    at animate (http://localhost:8123/mascot/mascot.js:601:23)
[    3823ms] ReferenceError: t is not defined
    at animate (http://localhost:8123/mascot/mascot.js:601:23)
[    3831ms] ReferenceError: t is not defined
    at animate (http://localhost:8123/mascot/mascot.js:601:23)
[    3840ms] ReferenceError: t is not defined
    at animate (http://localhost:8123/mascot/mascot.js:601:23)
[    3848ms] ReferenceError: t is not defined
    at animate (http://localhost:8123/mascot/mascot.js:601:23)
[    3856ms] ReferenceError: t is not defined
    at animate (http://localhost:8123/mascot/mascot.js:601:23)
[    3865ms] ReferenceError: t is not defined
    at animate (http://localhost:8123/mascot/mascot.js:601:23)
[    3872ms] ReferenceError: t is not defined
    at animate (http://localhost:8123/mascot/mascot.js:601:23)
[    3881ms] ReferenceError: t is not defined
    at animate (http://localhost:8123/mascot/mascot.js:601:23)
[    3890ms] ReferenceError: t is not defined
    at animate (http://localhost:8123/mascot/mascot.js:601:23)
[    3898ms] ReferenceError: t is not defined
    at animate (http://localhost:8123/mascot/mascot.js:601:23)
[    3906ms] ReferenceError: t is not defined
    at animate (http://localhost:8123/mascot/mascot.js:601:23)
[    3916ms] ReferenceError: t is not defined
    at animate (http://localhost:8123/mascot/mascot.js:601:23)
[    3923ms] ReferenceError: t is not defined
    at animate (http://localhost:8123/mascot/mascot.js:601:23)
[    3931ms] ReferenceError: t is not defined
    at animate (http://localhost:8123/mascot/mascot.js:601:23)
[    3940ms] ReferenceError: t is not defined
    at animate (http://localhost:8123/mascot/mascot.js:601:23)
[    3948ms] ReferenceError: t is not defined
    at animate (http://localhost:8123/mascot/mascot.js:601:23)
[    3957ms] ReferenceError: t is not defined
    at animate (http://localhost:8123/mascot/mascot.js:601:23)
[    3965ms] ReferenceError: t is not defined
    at animate (http://localhost:8123/mascot/mascot.js:601:23)
[    3973ms] ReferenceError: t is not defined
    at animate (http://localhost:8123/mascot/mascot.js:601:23)
[    3981ms] ReferenceError: t is not defined
    at animate (http://localhost:8123/mascot/mascot.js:601:23)
[    3990ms] ReferenceError: t is not defined
    at animate (http://localhost:8123/mascot/mascot.js:601:23)
[    4000ms] ReferenceError: t is not defined
    at animate (http://localhost:8123/mascot/mascot.js:601:23)
[    4007ms] ReferenceError: t is not defined
    at animate (http://localhost:8123/mascot/mascot.js:601:23)
[    4014ms] ReferenceError: t is not defined
    at animate (http://localhost:8123/mascot/mascot.js:601:23)
[    4023ms] ReferenceError: t is not defined
    at animate (http://localhost:8123/mascot/mascot.js:601:23)
[    4031ms] ReferenceError: t is not defined
    at animate (http://localhost:8123/mascot/mascot.js:601:23)
[    4039ms] ReferenceError: t is not defined
    at animate (http://localhost:8123/mascot/mascot.js:601:23)
[    4048ms] ReferenceError: t is not defined
    at animate (http://localhost:8123/mascot/mascot.js:601:23)
[    4056ms] ReferenceError: t is not defined
    at animate (http://localhost:8123/mascot/mascot.js:601:23)
[    4067ms] ReferenceError: t is not defined
    at animate (http://localhost:8123/mascot/mascot.js:601:23)
[    4073ms] ReferenceError: t is not defined
    at animate (http://localhost:8123/mascot/mascot.js:601:23)
[    4082ms] ReferenceError: t is not defined
    at animate (http://localhost:8123/mascot/mascot.js:601:23)
[    4089ms] ReferenceError: t is not defined
    at animate (http://localhost:8123/mascot/mascot.js:601:23)
[    4098ms] ReferenceError: t is not defined
    at animate (http://localhost:8123/mascot/mascot.js:601:23)
[    4106ms] ReferenceError: t is not defined
    at animate (http://localhost:8123/mascot/mascot.js:601:23)
[    4114ms] ReferenceError: t is not defined
    at animate (http://localhost:8123/mascot/mascot.js:601:23)
[    4122ms] ReferenceError: t is not defined
    at animate (http://localhost:8123/mascot/mascot.js:601:23)
[    4130ms] ReferenceError: t is not defined
    at animate (http://localhost:8123/mascot/mascot.js:601:23)
[    4139ms] ReferenceError: t is not defined
    at animate (http://localhost:8123/mascot/mascot.js:601:23)
[    4147ms] ReferenceError: t is not defined
    at animate (http://localhost:8123/mascot/mascot.js:601:23)
[    4155ms] ReferenceError: t is not defined
    at animate (http://localhost:8123/mascot/mascot.js:601:23)
[    4163ms] ReferenceError: t is not defined
    at animate (http://localhost:8123/mascot/mascot.js:601:23)
[    4172ms] ReferenceError: t is not defined
    at animate (http://localhost:8123/mascot/mascot.js:601:23)
[    4180ms] ReferenceError: t is not defined
    at animate (http://localhost:8123/mascot/mascot.js:601:23)
[    4188ms] ReferenceError: t is not defined
    at animate (http://localhost:8123/mascot/mascot.js:601:23)
[    4197ms] ReferenceError: t is not defined
    at animate (http://localhost:8123/mascot/mascot.js:601:23)
[    4205ms] ReferenceError: t is not defined
    at animate (http://localhost:8123/mascot/mascot.js:601:23)
[    4214ms] ReferenceError: t is not defined
    at animate (http://localhost:8123/mascot/mascot.js:601:23)
[    4222ms] ReferenceError: t is not defined
    at animate (http://localhost:8123/mascot/mascot.js:601:23)
[    4230ms] ReferenceError: t is not defined
    at animate (http://localhost:8123/mascot/mascot.js:601:23)
[    4240ms] ReferenceError: t is not defined
    at animate (http://localhost:8123/mascot/mascot.js:601:23)
[    4247ms] ReferenceError: t is not defined
    at animate (http://localhost:8123/mascot/mascot.js:601:23)
[    4255ms] ReferenceError: t is not defined
    at animate (http://localhost:8123/mascot/mascot.js:601:23)
[    4264ms] ReferenceError: t is not defined
    at animate (http://localhost:8123/mascot/mascot.js:601:23)
[    4272ms] ReferenceError: t is not defined
    at animate (http://localhost:8123/mascot/mascot.js:601:23)
[    4281ms] ReferenceError: t is not defined
    at animate (http://localhost:8123/mascot/mascot.js:601:23)
[    4289ms] ReferenceError: t is not defined
    at animate (http://localhost:8123/mascot/mascot.js:601:23)
[    4297ms] ReferenceError: t is not defined
    at animate (http://localhost:8123/mascot/mascot.js:601:23)
[    4305ms] ReferenceError: t is not defined
    at animate (http://localhost:8123/mascot/mascot.js:601:23)
[    4314ms] ReferenceError: t is not defined
    at animate (http://localhost:8123/mascot/mascot.js:601:23)
[    4322ms] ReferenceError: t is not defined
    at animate (http://localhost:8123/mascot/mascot.js:601:23)
[    4331ms] ReferenceError: t is not defined
    at animate (http://localhost:8123/mascot/mascot.js:601:23)
[    4339ms] ReferenceError: t is not defined
    at animate (http://localhost:8123/mascot/mascot.js:601:23)
[    4347ms] ReferenceError: t is not defined
    at animate (http://localhost:8123/mascot/mascot.js:601:23)
[    4356ms] ReferenceError: t is not defined
    at animate (http://localhost:8123/mascot/mascot.js:601:23)
[    4364ms] ReferenceError: t is not defined
    at animate (http://localhost:8123/mascot/mascot.js:601:23)
[    4373ms] ReferenceError: t is not defined
    at animate (http://localhost:8123/mascot/mascot.js:601:23)
[    4381ms] ReferenceError: t is not defined
    at animate (http://localhost:8123/mascot/mascot.js:601:23)
[    4390ms] ReferenceError: t is not defined
    at animate (http://localhost:8123/mascot/mascot.js:601:23)
[    4398ms] ReferenceError: t is not defined
    at animate (http://localhost:8123/mascot/mascot.js:601:23)
[    4407ms] ReferenceError: t is not defined
    at animate (http://localhost:8123/mascot/mascot.js:601:23)
[    4415ms] ReferenceError: t is not defined
    at animate (http://localhost:8123/mascot/mascot.js:601:23)
[    4423ms] ReferenceError: t is not defined
    at animate (http://localhost:8123/mascot/mascot.js:601:23)
[    4431ms] ReferenceError: t is not defined
    at animate (http://localhost:8123/mascot/mascot.js:601:23)
[    4440ms] ReferenceError: t is not defined
    at animate (http://localhost:8123/mascot/mascot.js:601:23)
[    4448ms] ReferenceError: t is not defined
    at animate (http://localhost:8123/mascot/mascot.js:601:23)
[    4456ms] ReferenceError: t is not defined
    at animate (http://localhost:8123/mascot/mascot.js:601:23)
[    4464ms] ReferenceError: t is not defined
    at animate (http://localhost:8123/mascot/mascot.js:601:23)
[    4473ms] ReferenceError: t is not defined
    at animate (http://localhost:8123/mascot/mascot.js:601:23)
[    4482ms] ReferenceError: t is not defined
    at animate (http://localhost:8123/mascot/mascot.js:601:23)
[    4490ms] ReferenceError: t is not defined
    at animate (http://localhost:8123/mascot/mascot.js:601:23)
[    4499ms] ReferenceError: t is not defined
    at animate (http://localhost:8123/mascot/mascot.js:601:23)
[    4506ms] ReferenceError: t is not defined
    at animate (http://localhost:8123/mascot/mascot.js:601:23)
[    4514ms] ReferenceError: t is not defined
    at animate (http://localhost:8123/mascot/mascot.js:601:23)
[    4524ms] ReferenceError: t is not defined
    at animate (http://localhost:8123/mascot/mascot.js:601:23)
[    4531ms] ReferenceError: t is not defined
    at animate (http://localhost:8123/mascot/mascot.js:601:23)
[    4539ms] ReferenceError: t is not defined
    at animate (http://localhost:8123/mascot/mascot.js:601:23)
[    4547ms] ReferenceError: t is not defined
    at animate (http://localhost:8123/mascot/mascot.js:601:23)
[    4556ms] ReferenceError: t is not defined
    at animate (http://localhost:8123/mascot/mascot.js:601:23)
[    4564ms] ReferenceError: t is not defined
    at animate (http://localhost:8123/mascot/mascot.js:601:23)
[    4572ms] ReferenceError: t is not defined
    at animate (http://localhost:8123/mascot/mascot.js:601:23)
[    4581ms] ReferenceError: t is not defined
    at animate (http://localhost:8123/mascot/mascot.js:601:23)
[    4589ms] ReferenceError: t is not defined
    at animate (http://localhost:8123/mascot/mascot.js:601:23)
[    4598ms] ReferenceError: t is not defined
    at animate (http://localhost:8123/mascot/mascot.js:601:23)
[    4606ms] ReferenceError: t is not defined
    at animate (http://localhost:8123/mascot/mascot.js:601:23)
[    4614ms] ReferenceError: t is not defined
    at animate (http://localhost:8123/mascot/mascot.js:601:23)
[    4622ms] ReferenceError: t is not defined
    at animate (http://localhost:8123/mascot/mascot.js:601:23)
[    4630ms] ReferenceError: t is not defined
    at animate (http://localhost:8123/mascot/mascot.js:601:23)
[    4639ms] ReferenceError: t is not defined
    at animate (http://localhost:8123/mascot/mascot.js:601:23)
[    4647ms] ReferenceError: t is not defined
    at animate (http://localhost:8123/mascot/mascot.js:601:23)
[    4656ms] ReferenceError: t is not defined
    at animate (http://localhost:8123/mascot/mascot.js:601:23)
[    4664ms] ReferenceError: t is not defined
    at animate (http://localhost:8123/mascot/mascot.js:601:23)
[    4672ms] ReferenceError: t is not defined
    at animate (http://localhost:8123/mascot/mascot.js:601:23)
[    4681ms] ReferenceError: t is not defined
    at animate (http://localhost:8123/mascot/mascot.js:601:23)
[    4689ms] ReferenceError: t is not defined
    at animate (http://localhost:8123/mascot/mascot.js:601:23)
[    4698ms] ReferenceError: t is not defined
    at animate (http://localhost:8123/mascot/mascot.js:601:23)
[    4706ms] ReferenceError: t is not defined
    at animate (http://localhost:8123/mascot/mascot.js:601:23)
[    4714ms] ReferenceError: t is not defined
    at animate (http://localhost:8123/mascot/mascot.js:601:23)
[    4723ms] ReferenceError: t is not defined
    at animate (http://localhost:8123/mascot/mascot.js:601:23)
[    4731ms] ReferenceError: t is not defined
    at animate (http://localhost:8123/mascot/mascot.js:601:23)
[    4740ms] ReferenceError: t is not defined
    at animate (http://localhost:8123/mascot/mascot.js:601:23)
[    4748ms] ReferenceError: t is not defined
    at animate (http://localhost:8123/mascot/mascot.js:601:23)
[    4756ms] ReferenceError: t is not defined
    at animate (http://localhost:8123/mascot/mascot.js:601:23)
[    4765ms] ReferenceError: t is not defined
    at animate (http://localhost:8123/mascot/mascot.js:601:23)
[    4773ms] ReferenceError: t is not defined
    at animate (http://localhost:8123/mascot/mascot.js:601:23)
[    4781ms] ReferenceError: t is not defined
    at animate (http://localhost:8123/mascot/mascot.js:601:23)
[    4790ms] ReferenceError: t is not defined
    at animate (http://localhost:8123/mascot/mascot.js:601:23)
[    4798ms] ReferenceError: t is not defined
    at animate (http://localhost:8123/mascot/mascot.js:601:23)
[    4806ms] ReferenceError: t is not defined
    at animate (http://localhost:8123/mascot/mascot.js:601:23)
[    4814ms] ReferenceError: t is not defined
    at animate (http://localhost:8123/mascot/mascot.js:601:23)
[    4824ms] ReferenceError: t is not defined
    at animate (http://localhost:8123/mascot/mascot.js:601:23)
[    4831ms] ReferenceError: t is not defined
    at animate (http://localhost:8123/mascot/mascot.js:601:23)
[    4840ms] ReferenceError: t is not defined
    at animate (http://localhost:8123/mascot/mascot.js:601:23)
[    4848ms] ReferenceError: t is not defined
    at animate (http://localhost:8123/mascot/mascot.js:601:23)
[    4856ms] ReferenceError: t is not defined
    at animate (http://localhost:8123/mascot/mascot.js:601:23)
[    4864ms] ReferenceError: t is not defined
    at animate (http://localhost:8123/mascot/mascot.js:601:23)
[    4873ms] ReferenceError: t is not defined
    at animate (http://localhost:8123/mascot/mascot.js:601:23)
[    4882ms] ReferenceError: t is not defined
    at animate (http://localhost:8123/mascot/mascot.js:601:23)
[    4890ms] ReferenceError: t is not defined
    at animate (http://localhost:8123/mascot/mascot.js:601:23)
[    4898ms] ReferenceError: t is not defined
    at animate (http://localhost:8123/mascot/mascot.js:601:23)
[    4906ms] ReferenceError: t is not defined
    at animate (http://localhost:8123/mascot/mascot.js:601:23)
[    4915ms] ReferenceError: t is not defined
    at animate (http://localhost:8123/mascot/mascot.js:601:23)
[    4923ms] ReferenceError: t is not defined
    at animate (http://localhost:8123/mascot/mascot.js:601:23)
[    4931ms] ReferenceError: t is not defined
    at animate (http://localhost:8123/mascot/mascot.js:601:23)
[    4940ms] ReferenceError: t is not defined
    at animate (http://localhost:8123/mascot/mascot.js:601:23)
[    4948ms] ReferenceError: t is not defined
    at animate (http://localhost:8123/mascot/mascot.js:601:23)
[    4957ms] ReferenceError: t is not defined
    at animate (http://localhost:8123/mascot/mascot.js:601:23)
[    4965ms] ReferenceError: t is not defined
    at animate (http://localhost:8123/mascot/mascot.js:601:23)
[    4973ms] ReferenceError: t is not defined
    at animate (http://localhost:8123/mascot/mascot.js:601:23)
[    4982ms] ReferenceError: t is not defined
    at animate (http://localhost:8123/mascot/mascot.js:601:23)
[    4989ms] ReferenceError: t is not defined
    at animate (http://localhost:8123/mascot/mascot.js:601:23)
[    4998ms] ReferenceError: t is not defined
    at animate (http://localhost:8123/mascot/mascot.js:601:23)
[    5006ms] ReferenceError: t is not defined
    at animate (http://localhost:8123/mascot/mascot.js:601:23)
[    5014ms] ReferenceError: t is not defined
    at animate (http://localhost:8123/mascot/mascot.js:601:23)
[    5022ms] ReferenceError: t is not defined
    at animate (http://localhost:8123/mascot/mascot.js:601:23)
[    5032ms] ReferenceError: t is not defined
    at animate (http://localhost:8123/mascot/mascot.js:601:23)
[    5040ms] ReferenceError: t is not defined
    at animate (http://localhost:8123/mascot/mascot.js:601:23)
[    5048ms] ReferenceError: t is not defined
    at animate (http://localhost:8123/mascot/mascot.js:601:23)
[    5057ms] ReferenceError: t is not defined
    at animate (http://localhost:8123/mascot/mascot.js:601:23)
[    5064ms] ReferenceError: t is not defined
    at animate (http://localhost:8123/mascot/mascot.js:601:23)
[    5073ms] ReferenceError: t is not defined
    at animate (http://localhost:8123/mascot/mascot.js:601:23)
[    5081ms] ReferenceError: t is not defined
    at animate (http://localhost:8123/mascot/mascot.js:601:23)
[    5089ms] ReferenceError: t is not defined
    at animate (http://localhost:8123/mascot/mascot.js:601:23)
[    5098ms] ReferenceError: t is not defined
    at animate (http://localhost:8123/mascot/mascot.js:601:23)
[    5106ms] ReferenceError: t is not defined
    at animate (http://localhost:8123/mascot/mascot.js:601:23)
[    5116ms] ReferenceError: t is not defined
    at animate (http://localhost:8123/mascot/mascot.js:601:23)
[    5123ms] ReferenceError: t is not defined
    at animate (http://localhost:8123/mascot/mascot.js:601:23)
[    5132ms] ReferenceError: t is not defined
    at animate (http://localhost:8123/mascot/mascot.js:601:23)
[    5140ms] ReferenceError: t is not defined
    at animate (http://localhost:8123/mascot/mascot.js:601:23)
[    5148ms] ReferenceError: t is not defined
    at animate (http://localhost:8123/mascot/mascot.js:601:23)
[    5156ms] ReferenceError: t is not defined
    at animate (http://localhost:8123/mascot/mascot.js:601:23)
[    5164ms] ReferenceError: t is not defined
    at animate (http://localhost:8123/mascot/mascot.js:601:23)
[    5172ms] ReferenceError: t is not defined
    at animate (http://localhost:8123/mascot/mascot.js:601:23)
[    5181ms] ReferenceError: t is not defined
    at animate (http://localhost:8123/mascot/mascot.js:601:23)
[    5190ms] ReferenceError: t is not defined
    at animate (http://localhost:8123/mascot/mascot.js:601:23)
[    5197ms] ReferenceError: t is not defined
    at animate (http://localhost:8123/mascot/mascot.js:601:23)
[    5206ms] ReferenceError: t is not defined
    at animate (http://localhost:8123/mascot/mascot.js:601:23)
[    5214ms] ReferenceError: t is not defined
    at animate (http://localhost:8123/mascot/mascot.js:601:23)
[    5222ms] ReferenceError: t is not defined
    at animate (http://localhost:8123/mascot/mascot.js:601:23)
[    5231ms] ReferenceError: t is not defined
    at animate (http://localhost:8123/mascot/mascot.js:601:23)
[    5239ms] ReferenceError: t is not defined
    at animate (http://localhost:8123/mascot/mascot.js:601:23)
[    5248ms] ReferenceError: t is not defined
    at animate (http://localhost:8123/mascot/mascot.js:601:23)
[    5256ms] ReferenceError: t is not defined
    at animate (http://localhost:8123/mascot/mascot.js:601:23)
[    5264ms] ReferenceError: t is not defined
    at animate (http://localhost:8123/mascot/mascot.js:601:23)
[    5272ms] ReferenceError: t is not defined
    at animate (http://localhost:8123/mascot/mascot.js:601:23)
[    5281ms] ReferenceError: t is not defined
    at animate (http://localhost:8123/mascot/mascot.js:601:23)
[    5289ms] ReferenceError: t is not defined
    at animate (http://localhost:8123/mascot/mascot.js:601:23)
[    5297ms] ReferenceError: t is not defined
    at animate (http://localhost:8123/mascot/mascot.js:601:23)
[    5306ms] ReferenceError: t is not defined
    at animate (http://localhost:8123/mascot/mascot.js:601:23)
[    5314ms] ReferenceError: t is not defined
    at animate (http://localhost:8123/mascot/mascot.js:601:23)
[    5323ms] ReferenceError: t is not defined
    at animate (http://localhost:8123/mascot/mascot.js:601:23)
[    5331ms] ReferenceError: t is not defined
    at animate (http://localhost:8123/mascot/mascot.js:601:23)
[    5339ms] ReferenceError: t is not defined
    at animate (http://localhost:8123/mascot/mascot.js:601:23)
[    5347ms] ReferenceError: t is not defined
    at animate (http://localhost:8123/mascot/mascot.js:601:23)
[    5356ms] ReferenceError: t is not defined
    at animate (http://localhost:8123/mascot/mascot.js:601:23)
[    5364ms] ReferenceError: t is not defined
    at animate (http://localhost:8123/mascot/mascot.js:601:23)
[    5372ms] ReferenceError: t is not defined
    at animate (http://localhost:8123/mascot/mascot.js:601:23)
[    5381ms] ReferenceError: t is not defined
    at animate (http://localhost:8123/mascot/mascot.js:601:23)
[    5391ms] ReferenceError: t is not defined
    at animate (http://localhost:8123/mascot/mascot.js:601:23)
[    5398ms] ReferenceError: t is not defined
    at animate (http://localhost:8123/mascot/mascot.js:601:23)
[    5406ms] ReferenceError: t is not defined
    at animate (http://localhost:8123/mascot/mascot.js:601:23)
[    5415ms] ReferenceError: t is not defined
    at animate (http://localhost:8123/mascot/mascot.js:601:23)
[    5423ms] ReferenceError: t is not defined
    at animate (http://localhost:8123/mascot/mascot.js:601:23)
[    5432ms] ReferenceError: t is not defined
    at animate (http://localhost:8123/mascot/mascot.js:601:23)
[    5440ms] ReferenceError: t is not defined
    at animate (http://localhost:8123/mascot/mascot.js:601:23)
[    5448ms] ReferenceError: t is not defined
    at animate (http://localhost:8123/mascot/mascot.js:601:23)
[    5456ms] ReferenceError: t is not defined
    at animate (http://localhost:8123/mascot/mascot.js:601:23)
[    5465ms] ReferenceError: t is not defined
    at animate (http://localhost:8123/mascot/mascot.js:601:23)
[    5473ms] ReferenceError: t is not defined
    at animate (http://localhost:8123/mascot/mascot.js:601:23)
[    5482ms] ReferenceError: t is not defined
    at animate (http://localhost:8123/mascot/mascot.js:601:23)
[    5490ms] ReferenceError: t is not defined
    at animate (http://localhost:8123/mascot/mascot.js:601:23)
[    5498ms] ReferenceError: t is not defined
    at animate (http://localhost:8123/mascot/mascot.js:601:23)
[    5507ms] ReferenceError: t is not defined
    at animate (http://localhost:8123/mascot/mascot.js:601:23)
[    5515ms] ReferenceError: t is not defined
    at animate (http://localhost:8123/mascot/mascot.js:601:23)
[    5524ms] ReferenceError: t is not defined
    at animate (http://localhost:8123/mascot/mascot.js:601:23)
[    5532ms] ReferenceError: t is not defined
    at animate (http://localhost:8123/mascot/mascot.js:601:23)
[    5540ms] ReferenceError: t is not defined
    at animate (http://localhost:8123/mascot/mascot.js:601:23)
[    5549ms] ReferenceError: t is not defined
    at animate (http://localhost:8123/mascot/mascot.js:601:23)
[    5557ms] ReferenceError: t is not defined
    at animate (http://localhost:8123/mascot/mascot.js:601:23)
[    5567ms] ReferenceError: t is not defined
    at animate (http://localhost:8123/mascot/mascot.js:601:23)
[    5573ms] ReferenceError: t is not defined
    at animate (http://localhost:8123/mascot/mascot.js:601:23)
[    5581ms] ReferenceError: t is not defined
    at animate (http://localhost:8123/mascot/mascot.js:601:23)
[    5589ms] ReferenceError: t is not defined
    at animate (http://localhost:8123/mascot/mascot.js:601:23)
[    5597ms] ReferenceError: t is not defined
    at animate (http://localhost:8123/mascot/mascot.js:601:23)
[    5606ms] ReferenceError: t is not defined
    at animate (http://localhost:8123/mascot/mascot.js:601:23)
[    5614ms] ReferenceError: t is not defined
    at animate (http://localhost:8123/mascot/mascot.js:601:23)
[    5622ms] ReferenceError: t is not defined
    at animate (http://localhost:8123/mascot/mascot.js:601:23)
[    5631ms] ReferenceError: t is not defined
    at animate (http://localhost:8123/mascot/mascot.js:601:23)
[    5639ms] ReferenceError: t is not defined
    at animate (http://localhost:8123/mascot/mascot.js:601:23)
[    5647ms] ReferenceError: t is not defined
    at animate (http://localhost:8123/mascot/mascot.js:601:23)
[    5655ms] ReferenceError: t is not defined
    at animate (http://localhost:8123/mascot/mascot.js:601:23)
[    5665ms] ReferenceError: t is not defined
    at animate (http://localhost:8123/mascot/mascot.js:601:23)
[    5672ms] ReferenceError: t is not defined
    at animate (http://localhost:8123/mascot/mascot.js:601:23)
[    5681ms] ReferenceError: t is not defined
    at animate (http://localhost:8123/mascot/mascot.js:601:23)
[    5689ms] ReferenceError: t is not defined
    at animate (http://localhost:8123/mascot/mascot.js:601:23)
[    5698ms] ReferenceError: t is not defined
    at animate (http://localhost:8123/mascot/mascot.js:601:23)
[    5706ms] ReferenceError: t is not defined
    at animate (http://localhost:8123/mascot/mascot.js:601:23)
[    5714ms] ReferenceError: t is not defined
    at animate (http://localhost:8123/mascot/mascot.js:601:23)
[    5723ms] ReferenceError: t is not defined
    at animate (http://localhost:8123/mascot/mascot.js:601:23)
[    5731ms] ReferenceError: t is not defined
    at animate (http://localhost:8123/mascot/mascot.js:601:23)
[    5740ms] ReferenceError: t is not defined
    at animate (http://localhost:8123/mascot/mascot.js:601:23)
[    5748ms] ReferenceError: t is not defined
    at animate (http://localhost:8123/mascot/mascot.js:601:23)
[    5757ms] ReferenceError: t is not defined
    at animate (http://localhost:8123/mascot/mascot.js:601:23)
[    5765ms] ReferenceError: t is not defined
    at animate (http://localhost:8123/mascot/mascot.js:601:23)
[    5774ms] ReferenceError: t is not defined
    at animate (http://localhost:8123/mascot/mascot.js:601:23)
[    5781ms] ReferenceError: t is not defined
    at animate (http://localhost:8123/mascot/mascot.js:601:23)
[    5790ms] ReferenceError: t is not defined
    at animate (http://localhost:8123/mascot/mascot.js:601:23)
[    5798ms] ReferenceError: t is not defined
    at animate (http://localhost:8123/mascot/mascot.js:601:23)
[    5807ms] ReferenceError: t is not defined
    at animate (http://localhost:8123/mascot/mascot.js:601:23)
[    5816ms] ReferenceError: t is not defined
    at animate (http://localhost:8123/mascot/mascot.js:601:23)
[    5824ms] ReferenceError: t is not defined
    at animate (http://localhost:8123/mascot/mascot.js:601:23)
[    5832ms] ReferenceError: t is not defined
    at animate (http://localhost:8123/mascot/mascot.js:601:23)
[    5839ms] ReferenceError: t is not defined
    at animate (http://localhost:8123/mascot/mascot.js:601:23)
[    5849ms] ReferenceError: t is not defined
    at animate (http://localhost:8123/mascot/mascot.js:601:23)
[    5855ms] ReferenceError: t is not defined
    at animate (http://localhost:8123/mascot/mascot.js:601:23)
[    5864ms] ReferenceError: t is not defined
    at animate (http://localhost:8123/mascot/mascot.js:601:23)
[    5873ms] ReferenceError: t is not defined
    at animate (http://localhost:8123/mascot/mascot.js:601:23)
[    5882ms] ReferenceError: t is not defined
    at animate (http://localhost:8123/mascot/mascot.js:601:23)
[    5890ms] ReferenceError: t is not defined
    at animate (http://localhost:8123/mascot/mascot.js:601:23)
[    5899ms] ReferenceError: t is not defined
    at animate (http://localhost:8123/mascot/mascot.js:601:23)
[    5907ms] ReferenceError: t is not defined
    at animate (http://localhost:8123/mascot/mascot.js:601:23)
[    5915ms] ReferenceError: t is not defined
    at animate (http://localhost:8123/mascot/mascot.js:601:23)
[    5924ms] ReferenceError: t is not defined
    at animate (http://localhost:8123/mascot/mascot.js:601:23)
[    5932ms] ReferenceError: t is not defined
    at animate (http://localhost:8123/mascot/mascot.js:601:23)
[    5940ms] ReferenceError: t is not defined
    at animate (http://localhost:8123/mascot/mascot.js:601:23)
[    5948ms] ReferenceError: t is not defined
    at animate (http://localhost:8123/mascot/mascot.js:601:23)
[    5957ms] ReferenceError: t is not defined
    at animate (http://localhost:8123/mascot/mascot.js:601:23)
[    5964ms] ReferenceError: t is not defined
    at animate (http://localhost:8123/mascot/mascot.js:601:23)
[    5972ms] ReferenceError: t is not defined
    at animate (http://localhost:8123/mascot/mascot.js:601:23)
[    5981ms] ReferenceError: t is not defined
    at animate (http://localhost:8123/mascot/mascot.js:601:23)
[    5989ms] ReferenceError: t is not defined
    at animate (http://localhost:8123/mascot/mascot.js:601:23)
[    5998ms] ReferenceError: t is not defined
    at animate (http://localhost:8123/mascot/mascot.js:601:23)
[    6006ms] ReferenceError: t is not defined
    at animate (http://localhost:8123/mascot/mascot.js:601:23)
[    6014ms] ReferenceError: t is not defined
    at animate (http://localhost:8123/mascot/mascot.js:601:23)
[    6022ms] ReferenceError: t is not defined
    at animate (http://localhost:8123/mascot/mascot.js:601:23)
[    6031ms] ReferenceError: t is not defined
    at animate (http://localhost:8123/mascot/mascot.js:601:23)
[    6039ms] ReferenceError: t is not defined
    at animate (http://localhost:8123/mascot/mascot.js:601:23)
[    6048ms] ReferenceError: t is not defined
    at animate (http://localhost:8123/mascot/mascot.js:601:23)
[    6057ms] ReferenceError: t is not defined
    at animate (http://localhost:8123/mascot/mascot.js:601:23)
[    6065ms] ReferenceError: t is not defined
    at animate (http://localhost:8123/mascot/mascot.js:601:23)
[    6072ms] ReferenceError: t is not defined
    at animate (http://localhost:8123/mascot/mascot.js:601:23)
[    6081ms] ReferenceError: t is not defined
    at animate (http://localhost:8123/mascot/mascot.js:601:23)
[    6091ms] ReferenceError: t is not defined
    at animate (http://localhost:8123/mascot/mascot.js:601:23)
[    6098ms] ReferenceError: t is not defined
    at animate (http://localhost:8123/mascot/mascot.js:601:23)
[    6107ms] ReferenceError: t is not defined
    at animate (http://localhost:8123/mascot/mascot.js:601:23)
[    6114ms] ReferenceError: t is not defined
    at animate (http://localhost:8123/mascot/mascot.js:601:23)
[    6124ms] ReferenceError: t is not defined
    at animate (http://localhost:8123/mascot/mascot.js:601:23)
[    6131ms] ReferenceError: t is not defined
    at animate (http://localhost:8123/mascot/mascot.js:601:23)
[    6139ms] ReferenceError: t is not defined
    at animate (http://localhost:8123/mascot/mascot.js:601:23)
[    6147ms] ReferenceError: t is not defined
    at animate (http://localhost:8123/mascot/mascot.js:601:23)
[    6156ms] ReferenceError: t is not defined
    at animate (http://localhost:8123/mascot/mascot.js:601:23)
[    6164ms] ReferenceError: t is not defined
    at animate (http://localhost:8123/mascot/mascot.js:601:23)
[    6173ms] ReferenceError: t is not defined
    at animate (http://localhost:8123/mascot/mascot.js:601:23)
[    6180ms] ReferenceError: t is not defined
    at animate (http://localhost:8123/mascot/mascot.js:601:23)
[    6189ms] ReferenceError: t is not defined
    at animate (http://localhost:8123/mascot/mascot.js:601:23)
[    6197ms] ReferenceError: t is not defined
    at animate (http://localhost:8123/mascot/mascot.js:601:23)
[    6205ms] ReferenceError: t is not defined
    at animate (http://localhost:8123/mascot/mascot.js:601:23)
[    6214ms] ReferenceError: t is not defined
    at animate (http://localhost:8123/mascot/mascot.js:601:23)
[    6222ms] ReferenceError: t is not defined
    at animate (http://localhost:8123/mascot/mascot.js:601:23)
[    6230ms] ReferenceError: t is not defined
    at animate (http://localhost:8123/mascot/mascot.js:601:23)
[    6239ms] ReferenceError: t is not defined
    at animate (http://localhost:8123/mascot/mascot.js:601:23)
[    6247ms] ReferenceError: t is not defined
    at animate (http://localhost:8123/mascot/mascot.js:601:23)
[    6255ms] ReferenceError: t is not defined
    at animate (http://localhost:8123/mascot/mascot.js:601:23)
[    6264ms] ReferenceError: t is not defined
    at animate (http://localhost:8123/mascot/mascot.js:601:23)
[    6272ms] ReferenceError: t is not defined
    at animate (http://localhost:8123/mascot/mascot.js:601:23)
[    6281ms] ReferenceError: t is not defined
    at animate (http://localhost:8123/mascot/mascot.js:601:23)
[    6289ms] ReferenceError: t is not defined
    at animate (http://localhost:8123/mascot/mascot.js:601:23)
[    6297ms] ReferenceError: t is not defined
    at animate (http://localhost:8123/mascot/mascot.js:601:23)
[    6305ms] ReferenceError: t is not defined
    at animate (http://localhost:8123/mascot/mascot.js:601:23)
[    6313ms] ReferenceError: t is not defined
    at animate (http://localhost:8123/mascot/mascot.js:601:23)
[    6322ms] ReferenceError: t is not defined
    at animate (http://localhost:8123/mascot/mascot.js:601:23)
[    6330ms] ReferenceError: t is not defined
    at animate (http://localhost:8123/mascot/mascot.js:601:23)
[    6338ms] ReferenceError: t is not defined
    at animate (http://localhost:8123/mascot/mascot.js:601:23)
[    6347ms] ReferenceError: t is not defined
    at animate (http://localhost:8123/mascot/mascot.js:601:23)
[    6355ms] ReferenceError: t is not defined
    at animate (http://localhost:8123/mascot/mascot.js:601:23)
[    6364ms] ReferenceError: t is not defined
    at animate (http://localhost:8123/mascot/mascot.js:601:23)
[    6373ms] ReferenceError: t is not defined
    at animate (http://localhost:8123/mascot/mascot.js:601:23)
[    6381ms] ReferenceError: t is not defined
    at animate (http://localhost:8123/mascot/mascot.js:601:23)
[    6389ms] ReferenceError: t is not defined
    at animate (http://localhost:8123/mascot/mascot.js:601:23)
[    6398ms] ReferenceError: t is not defined
    at animate (http://localhost:8123/mascot/mascot.js:601:23)
[    6406ms] ReferenceError: t is not defined
    at animate (http://localhost:8123/mascot/mascot.js:601:23)
[    6414ms] ReferenceError: t is not defined
    at animate (http://localhost:8123/mascot/mascot.js:601:23)
[    6423ms] ReferenceError: t is not defined
    at animate (http://localhost:8123/mascot/mascot.js:601:23)
[    6431ms] ReferenceError: t is not defined
    at animate (http://localhost:8123/mascot/mascot.js:601:23)
[    6439ms] ReferenceError: t is not defined
    at animate (http://localhost:8123/mascot/mascot.js:601:23)
[    6448ms] ReferenceError: t is not defined
    at animate (http://localhost:8123/mascot/mascot.js:601:23)
[    6456ms] ReferenceError: t is not defined
    at animate (http://localhost:8123/mascot/mascot.js:601:23)
[    6465ms] ReferenceError: t is not defined
    at animate (http://localhost:8123/mascot/mascot.js:601:23)
[    6473ms] ReferenceError: t is not defined
    at animate (http://localhost:8123/mascot/mascot.js:601:23)
[    6482ms] ReferenceError: t is not defined
    at animate (http://localhost:8123/mascot/mascot.js:601:23)
[    6490ms] ReferenceError: t is not defined
    at animate (http://localhost:8123/mascot/mascot.js:601:23)
[    6498ms] ReferenceError: t is not defined
    at animate (http://localhost:8123/mascot/mascot.js:601:23)
[    6506ms] ReferenceError: t is not defined
    at animate (http://localhost:8123/mascot/mascot.js:601:23)
[    6515ms] ReferenceError: t is not defined
    at animate (http://localhost:8123/mascot/mascot.js:601:23)
[    6524ms] ReferenceError: t is not defined
    at animate (http://localhost:8123/mascot/mascot.js:601:23)
[    6532ms] ReferenceError: t is not defined
    at animate (http://localhost:8123/mascot/mascot.js:601:23)
[    6540ms] ReferenceError: t is not defined
    at animate (http://localhost:8123/mascot/mascot.js:601:23)
[    6548ms] ReferenceError: t is not defined
    at animate (http://localhost:8123/mascot/mascot.js:601:23)
[    6557ms] ReferenceError: t is not defined
    at animate (http://localhost:8123/mascot/mascot.js:601:23)
[    6565ms] ReferenceError: t is not defined
    at animate (http://localhost:8123/mascot/mascot.js:601:23)
[    6573ms] ReferenceError: t is not defined
    at animate (http://localhost:8123/mascot/mascot.js:601:23)
[    6582ms] ReferenceError: t is not defined
    at animate (http://localhost:8123/mascot/mascot.js:601:23)
[    6590ms] ReferenceError: t is not defined
    at animate (http://localhost:8123/mascot/mascot.js:601:23)
[    6598ms] ReferenceError: t is not defined
    at animate (http://localhost:8123/mascot/mascot.js:601:23)
[    6606ms] ReferenceError: t is not defined
    at animate (http://localhost:8123/mascot/mascot.js:601:23)
[    6614ms] ReferenceError: t is not defined
    at animate (http://localhost:8123/mascot/mascot.js:601:23)
[    6622ms] ReferenceError: t is not defined
    at animate (http://localhost:8123/mascot/mascot.js:601:23)
[    6632ms] ReferenceError: t is not defined
    at animate (http://localhost:8123/mascot/mascot.js:601:23)
[    6639ms] ReferenceError: t is not defined
    at animate (http://localhost:8123/mascot/mascot.js:601:23)
[    6648ms] ReferenceError: t is not defined
    at animate (http://localhost:8123/mascot/mascot.js:601:23)
[    6656ms] ReferenceError: t is not defined
    at animate (http://localhost:8123/mascot/mascot.js:601:23)
[    6664ms] ReferenceError: t is not defined
    at animate (http://localhost:8123/mascot/mascot.js:601:23)
[    6672ms] ReferenceError: t is not defined
    at animate (http://localhost:8123/mascot/mascot.js:601:23)
[    6681ms] ReferenceError: t is not defined
    at animate (http://localhost:8123/mascot/mascot.js:601:23)
[    6689ms] ReferenceError: t is not defined
    at animate (http://localhost:8123/mascot/mascot.js:601:23)
[    6697ms] ReferenceError: t is not defined
    at animate (http://localhost:8123/mascot/mascot.js:601:23)
[    6705ms] ReferenceError: t is not defined
    at animate (http://localhost:8123/mascot/mascot.js:601:23)
[    6714ms] ReferenceError: t is not defined
    at animate (http://localhost:8123/mascot/mascot.js:601:23)
[    6722ms] ReferenceError: t is not defined
    at animate (http://localhost:8123/mascot/mascot.js:601:23)
[    6731ms] ReferenceError: t is not defined
    at animate (http://localhost:8123/mascot/mascot.js:601:23)
[    6739ms] ReferenceError: t is not defined
    at animate (http://localhost:8123/mascot/mascot.js:601:23)
[    6748ms] ReferenceError: t is not defined
    at animate (http://localhost:8123/mascot/mascot.js:601:23)
[    6757ms] ReferenceError: t is not defined
    at animate (http://localhost:8123/mascot/mascot.js:601:23)
[    6764ms] ReferenceError: t is not defined
    at animate (http://localhost:8123/mascot/mascot.js:601:23)
[    6773ms] ReferenceError: t is not defined
    at animate (http://localhost:8123/mascot/mascot.js:601:23)
[    6782ms] ReferenceError: t is not defined
    at animate (http://localhost:8123/mascot/mascot.js:601:23)
[    6789ms] ReferenceError: t is not defined
    at animate (http://localhost:8123/mascot/mascot.js:601:23)
[    6797ms] ReferenceError: t is not defined
    at animate (http://localhost:8123/mascot/mascot.js:601:23)
[    6806ms] ReferenceError: t is not defined
    at animate (http://localhost:8123/mascot/mascot.js:601:23)
[    6814ms] ReferenceError: t is not defined
    at animate (http://localhost:8123/mascot/mascot.js:601:23)
[    6822ms] ReferenceError: t is not defined
    at animate (http://localhost:8123/mascot/mascot.js:601:23)
[    6831ms] ReferenceError: t is not defined
    at animate (http://localhost:8123/mascot/mascot.js:601:23)
[    6840ms] ReferenceError: t is not defined
    at animate (http://localhost:8123/mascot/mascot.js:601:23)
[    6848ms] ReferenceError: t is not defined
    at animate (http://localhost:8123/mascot/mascot.js:601:23)
[    6856ms] ReferenceError: t is not defined
    at animate (http://localhost:8123/mascot/mascot.js:601:23)
[    6865ms] ReferenceError: t is not defined
    at animate (http://localhost:8123/mascot/mascot.js:601:23)
[    6873ms] ReferenceError: t is not defined
    at animate (http://localhost:8123/mascot/mascot.js:601:23)
[    6881ms] ReferenceError: t is not defined
    at animate (http://localhost:8123/mascot/mascot.js:601:23)
[    6889ms] ReferenceError: t is not defined
    at animate (http://localhost:8123/mascot/mascot.js:601:23)
[    6898ms] ReferenceError: t is not defined
    at animate (http://localhost:8123/mascot/mascot.js:601:23)
[    6906ms] ReferenceError: t is not defined
    at animate (http://localhost:8123/mascot/mascot.js:601:23)
[    6915ms] ReferenceError: t is not defined
    at animate (http://localhost:8123/mascot/mascot.js:601:23)
[    6923ms] ReferenceError: t is not defined
    at animate (http://localhost:8123/mascot/mascot.js:601:23)
[    6931ms] ReferenceError: t is not defined
    at animate (http://localhost:8123/mascot/mascot.js:601:23)
[    6939ms] ReferenceError: t is not defined
    at animate (http://localhost:8123/mascot/mascot.js:601:23)
[    6948ms] ReferenceError: t is not defined
    at animate (http://localhost:8123/mascot/mascot.js:601:23)
[    6956ms] ReferenceError: t is not defined
    at animate (http://localhost:8123/mascot/mascot.js:601:23)
[    6964ms] ReferenceError: t is not defined
    at animate (http://localhost:8123/mascot/mascot.js:601:23)
[    6974ms] ReferenceError: t is not defined
    at animate (http://localhost:8123/mascot/mascot.js:601:23)
[    6981ms] ReferenceError: t is not defined
    at animate (http://localhost:8123/mascot/mascot.js:601:23)
[    6991ms] ReferenceError: t is not defined
    at animate (http://localhost:8123/mascot/mascot.js:601:23)
[    6998ms] ReferenceError: t is not defined
    at animate (http://localhost:8123/mascot/mascot.js:601:23)
[    7006ms] ReferenceError: t is not defined
    at animate (http://localhost:8123/mascot/mascot.js:601:23)
[    7016ms] ReferenceError: t is not defined
    at animate (http://localhost:8123/mascot/mascot.js:601:23)
[    7023ms] ReferenceError: t is not defined
    at animate (http://localhost:8123/mascot/mascot.js:601:23)
[    7032ms] ReferenceError: t is not defined
    at animate (http://localhost:8123/mascot/mascot.js:601:23)
[    7040ms] ReferenceError: t is not defined
    at animate (http://localhost:8123/mascot/mascot.js:601:23)
[    7049ms] ReferenceError: t is not defined
    at animate (http://localhost:8123/mascot/mascot.js:601:23)
[    7056ms] ReferenceError: t is not defined
    at animate (http://localhost:8123/mascot/mascot.js:601:23)
[    7065ms] ReferenceError: t is not defined
    at animate (http://localhost:8123/mascot/mascot.js:601:23)
[    7073ms] ReferenceError: t is not defined
    at animate (http://localhost:8123/mascot/mascot.js:601:23)
[    7082ms] ReferenceError: t is not defined
    at animate (http://localhost:8123/mascot/mascot.js:601:23)
[    7091ms] ReferenceError: t is not defined
    at animate (http://localhost:8123/mascot/mascot.js:601:23)
[    7098ms] ReferenceError: t is not defined
    at animate (http://localhost:8123/mascot/mascot.js:601:23)
[    7106ms] ReferenceError: t is not defined
    at animate (http://localhost:8123/mascot/mascot.js:601:23)
[    7114ms] ReferenceError: t is not defined
    at animate (http://localhost:8123/mascot/mascot.js:601:23)
[    7123ms] ReferenceError: t is not defined
    at animate (http://localhost:8123/mascot/mascot.js:601:23)
[    7131ms] ReferenceError: t is not defined
    at animate (http://localhost:8123/mascot/mascot.js:601:23)
[    7140ms] ReferenceError: t is not defined
    at animate (http://localhost:8123/mascot/mascot.js:601:23)
[    7148ms] ReferenceError: t is not defined
    at animate (http://localhost:8123/mascot/mascot.js:601:23)
[    7156ms] ReferenceError: t is not defined
    at animate (http://localhost:8123/mascot/mascot.js:601:23)
[    7164ms] ReferenceError: t is not defined
    at animate (http://localhost:8123/mascot/mascot.js:601:23)
[    7173ms] ReferenceError: t is not defined
    at animate (http://localhost:8123/mascot/mascot.js:601:23)
[    7181ms] ReferenceError: t is not defined
    at animate (http://localhost:8123/mascot/mascot.js:601:23)
[    7189ms] ReferenceError: t is not defined
    at animate (http://localhost:8123/mascot/mascot.js:601:23)
[    7197ms] ReferenceError: t is not defined
    at animate (http://localhost:8123/mascot/mascot.js:601:23)
[    7205ms] ReferenceError: t is not defined
    at animate (http://localhost:8123/mascot/mascot.js:601:23)
[    7214ms] ReferenceError: t is not defined
    at animate (http://localhost:8123/mascot/mascot.js:601:23)
[    7222ms] ReferenceError: t is not defined
    at animate (http://localhost:8123/mascot/mascot.js:601:23)
[    7230ms] ReferenceError: t is not defined
    at animate (http://localhost:8123/mascot/mascot.js:601:23)
[    7244ms] ReferenceError: t is not defined
    at animate (http://localhost:8123/mascot/mascot.js:601:23)
[    7248ms] ReferenceError: t is not defined
    at animate (http://localhost:8123/mascot/mascot.js:601:23)
[    7257ms] ReferenceError: t is not defined
    at animate (http://localhost:8123/mascot/mascot.js:601:23)
[    7265ms] ReferenceError: t is not defined
    at animate (http://localhost:8123/mascot/mascot.js:601:23)
[    7273ms] ReferenceError: t is not defined
    at animate (http://localhost:8123/mascot/mascot.js:601:23)
[    7282ms] ReferenceError: t is not defined
    at animate (http://localhost:8123/mascot/mascot.js:601:23)
[    7290ms] ReferenceError: t is not defined
    at animate (http://localhost:8123/mascot/mascot.js:601:23)
[    7298ms] ReferenceError: t is not defined
    at animate (http://localhost:8123/mascot/mascot.js:601:23)
[    7306ms] ReferenceError: t is not defined
    at animate (http://localhost:8123/mascot/mascot.js:601:23)
[    7314ms] ReferenceError: t is not defined
    at animate (http://localhost:8123/mascot/mascot.js:601:23)
[    7323ms] ReferenceError: t is not defined
    at animate (http://localhost:8123/mascot/mascot.js:601:23)
[    7331ms] ReferenceError: t is not defined
    at animate (http://localhost:8123/mascot/mascot.js:601:23)
[    7340ms] ReferenceError: t is not defined
    at animate (http://localhost:8123/mascot/mascot.js:601:23)
[    7348ms] ReferenceError: t is not defined
    at animate (http://localhost:8123/mascot/mascot.js:601:23)
[    7357ms] ReferenceError: t is not defined
    at animate (http://localhost:8123/mascot/mascot.js:601:23)
[    7365ms] ReferenceError: t is not defined
    at animate (http://localhost:8123/mascot/mascot.js:601:23)
[    7373ms] ReferenceError: t is not defined
    at animate (http://localhost:8123/mascot/mascot.js:601:23)
[    7382ms] ReferenceError: t is not defined
    at animate (http://localhost:8123/mascot/mascot.js:601:23)
[    7390ms] ReferenceError: t is not defined
    at animate (http://localhost:8123/mascot/mascot.js:601:23)
[    7398ms] ReferenceError: t is not defined
    at animate (http://localhost:8123/mascot/mascot.js:601:23)
[    7406ms] ReferenceError: t is not defined
    at animate (http://localhost:8123/mascot/mascot.js:601:23)
[    7415ms] ReferenceError: t is not defined
    at animate (http://localhost:8123/mascot/mascot.js:601:23)
[    7423ms] ReferenceError: t is not defined
    at animate (http://localhost:8123/mascot/mascot.js:601:23)
[    7431ms] ReferenceError: t is not defined
    at animate (http://localhost:8123/mascot/mascot.js:601:23)
[    7440ms] ReferenceError: t is not defined
    at animate (http://localhost:8123/mascot/mascot.js:601:23)
[    7448ms] ReferenceError: t is not defined
    at animate (http://localhost:8123/mascot/mascot.js:601:23)
[    7456ms] ReferenceError: t is not defined
    at animate (http://localhost:8123/mascot/mascot.js:601:23)
[    7464ms] ReferenceError: t is not defined
    at animate (http://localhost:8123/mascot/mascot.js:601:23)
[    7472ms] ReferenceError: t is not defined
    at animate (http://localhost:8123/mascot/mascot.js:601:23)
[    7481ms] ReferenceError: t is not defined
    at animate (http://localhost:8123/mascot/mascot.js:601:23)
[    7491ms] ReferenceError: t is not defined
    at animate (http://localhost:8123/mascot/mascot.js:601:23)
[    7498ms] ReferenceError: t is not defined
    at animate (http://localhost:8123/mascot/mascot.js:601:23)
[    7506ms] ReferenceError: t is not defined
    at animate (http://localhost:8123/mascot/mascot.js:601:23)
[    7516ms] ReferenceError: t is not defined
    at animate (http://localhost:8123/mascot/mascot.js:601:23)
[    7523ms] ReferenceError: t is not defined
    at animate (http://localhost:8123/mascot/mascot.js:601:23)
[    7531ms] ReferenceError: t is not defined
    at animate (http://localhost:8123/mascot/mascot.js:601:23)
[    7539ms] ReferenceError: t is not defined
    at animate (http://localhost:8123/mascot/mascot.js:601:23)
[    7547ms] ReferenceError: t is not defined
    at animate (http://localhost:8123/mascot/mascot.js:601:23)
[    7556ms] ReferenceError: t is not defined
    at animate (http://localhost:8123/mascot/mascot.js:601:23)
[    7565ms] ReferenceError: t is not defined
    at animate (http://localhost:8123/mascot/mascot.js:601:23)
[    7573ms] ReferenceError: t is not defined
    at animate (http://localhost:8123/mascot/mascot.js:601:23)
[    7581ms] ReferenceError: t is not defined
    at animate (http://localhost:8123/mascot/mascot.js:601:23)
[    7589ms] ReferenceError: t is not defined
    at animate (http://localhost:8123/mascot/mascot.js:601:23)
[    7598ms] ReferenceError: t is not defined
    at animate (http://localhost:8123/mascot/mascot.js:601:23)
[    7606ms] ReferenceError: t is not defined
    at animate (http://localhost:8123/mascot/mascot.js:601:23)
[    7616ms] ReferenceError: t is not defined
    at animate (http://localhost:8123/mascot/mascot.js:601:23)
[    7624ms] ReferenceError: t is not defined
    at animate (http://localhost:8123/mascot/mascot.js:601:23)
[    7632ms] ReferenceError: t is not defined
    at animate (http://localhost:8123/mascot/mascot.js:601:23)
[    7640ms] ReferenceError: t is not defined
    at animate (http://localhost:8123/mascot/mascot.js:601:23)
[    7649ms] ReferenceError: t is not defined
    at animate (http://localhost:8123/mascot/mascot.js:601:23)
[    7656ms] ReferenceError: t is not defined
    at animate (http://localhost:8123/mascot/mascot.js:601:23)
[    7665ms] ReferenceError: t is not defined
    at animate (http://localhost:8123/mascot/mascot.js:601:23)
[    7673ms] ReferenceError: t is not defined
    at animate (http://localhost:8123/mascot/mascot.js:601:23)
[    7681ms] ReferenceError: t is not defined
    at animate (http://localhost:8123/mascot/mascot.js:601:23)
[    7690ms] ReferenceError: t is not defined
    at animate (http://localhost:8123/mascot/mascot.js:601:23)
[    7698ms] ReferenceError: t is not defined
    at animate (http://localhost:8123/mascot/mascot.js:601:23)
[    7706ms] ReferenceError: t is not defined
    at animate (http://localhost:8123/mascot/mascot.js:601:23)
[    7715ms] ReferenceError: t is not defined
    at animate (http://localhost:8123/mascot/mascot.js:601:23)
[    7723ms] ReferenceError: t is not defined
    at animate (http://localhost:8123/mascot/mascot.js:601:23)
[    7731ms] ReferenceError: t is not defined
    at animate (http://localhost:8123/mascot/mascot.js:601:23)
[    7739ms] ReferenceError: t is not defined
    at animate (http://localhost:8123/mascot/mascot.js:601:23)
[    7748ms] ReferenceError: t is not defined
    at animate (http://localhost:8123/mascot/mascot.js:601:23)
[    7755ms] ReferenceError: t is not defined
    at animate (http://localhost:8123/mascot/mascot.js:601:23)
[    7764ms] ReferenceError: t is not defined
    at animate (http://localhost:8123/mascot/mascot.js:601:23)
[    7772ms] ReferenceError: t is not defined
    at animate (http://localhost:8123/mascot/mascot.js:601:23)
[    7780ms] ReferenceError: t is not defined
    at animate (http://localhost:8123/mascot/mascot.js:601:23)
[    7789ms] ReferenceError: t is not defined
    at animate (http://localhost:8123/mascot/mascot.js:601:23)
[    7797ms] ReferenceError: t is not defined
    at animate (http://localhost:8123/mascot/mascot.js:601:23)
[    7805ms] ReferenceError: t is not defined
    at animate (http://localhost:8123/mascot/mascot.js:601:23)
[    7813ms] ReferenceError: t is not defined
    at animate (http://localhost:8123/mascot/mascot.js:601:23)
[    7822ms] ReferenceError: t is not defined
    at animate (http://localhost:8123/mascot/mascot.js:601:23)
[    7830ms] ReferenceError: t is not defined
    at animate (http://localhost:8123/mascot/mascot.js:601:23)
[    7839ms] ReferenceError: t is not defined
    at animate (http://localhost:8123/mascot/mascot.js:601:23)
[    7848ms] ReferenceError: t is not defined
    at animate (http://localhost:8123/mascot/mascot.js:601:23)
[    7856ms] ReferenceError: t is not defined
    at animate (http://localhost:8123/mascot/mascot.js:601:23)
[    7864ms] ReferenceError: t is not defined
    at animate (http://localhost:8123/mascot/mascot.js:601:23)
[    7873ms] ReferenceError: t is not defined
    at animate (http://localhost:8123/mascot/mascot.js:601:23)
[    7881ms] ReferenceError: t is not defined
    at animate (http://localhost:8123/mascot/mascot.js:601:23)
[    7889ms] ReferenceError: t is not defined
    at animate (http://localhost:8123/mascot/mascot.js:601:23)
[    7897ms] ReferenceError: t is not defined
    at animate (http://localhost:8123/mascot/mascot.js:601:23)
[    7905ms] ReferenceError: t is not defined
    at animate (http://localhost:8123/mascot/mascot.js:601:23)
[    7913ms] ReferenceError: t is not defined
    at animate (http://localhost:8123/mascot/mascot.js:601:23)
[    7922ms] ReferenceError: t is not defined
    at animate (http://localhost:8123/mascot/mascot.js:601:23)
[    7930ms] ReferenceError: t is not defined
    at animate (http://localhost:8123/mascot/mascot.js:601:23)
[    7939ms] ReferenceError: t is not defined
    at animate (http://localhost:8123/mascot/mascot.js:601:23)
[    7948ms] ReferenceError: t is not defined
    at animate (http://localhost:8123/mascot/mascot.js:601:23)
[    7956ms] ReferenceError: t is not defined
    at animate (http://localhost:8123/mascot/mascot.js:601:23)
[    7964ms] ReferenceError: t is not defined
    at animate (http://localhost:8123/mascot/mascot.js:601:23)
[    7973ms] ReferenceError: t is not defined
    at animate (http://localhost:8123/mascot/mascot.js:601:23)
[    7981ms] ReferenceError: t is not defined
    at animate (http://localhost:8123/mascot/mascot.js:601:23)
[    7990ms] ReferenceError: t is not defined
    at animate (http://localhost:8123/mascot/mascot.js:601:23)
[    7998ms] ReferenceError: t is not defined
    at animate (http://localhost:8123/mascot/mascot.js:601:23)
[    8007ms] ReferenceError: t is not defined
    at animate (http://localhost:8123/mascot/mascot.js:601:23)
[    8014ms] ReferenceError: t is not defined
    at animate (http://localhost:8123/mascot/mascot.js:601:23)
[    8023ms] ReferenceError: t is not defined
    at animate (http://localhost:8123/mascot/mascot.js:601:23)
[    8031ms] ReferenceError: t is not defined
    at animate (http://localhost:8123/mascot/mascot.js:601:23)
[    8039ms] ReferenceError: t is not defined
    at animate (http://localhost:8123/mascot/mascot.js:601:23)
[    8048ms] ReferenceError: t is not defined
    at animate (http://localhost:8123/mascot/mascot.js:601:23)
[    8056ms] ReferenceError: t is not defined
    at animate (http://localhost:8123/mascot/mascot.js:601:23)
[    8064ms] ReferenceError: t is not defined
    at animate (http://localhost:8123/mascot/mascot.js:601:23)
[    8073ms] ReferenceError: t is not defined
    at animate (http://localhost:8123/mascot/mascot.js:601:23)
[    8081ms] ReferenceError: t is not defined
    at animate (http://localhost:8123/mascot/mascot.js:601:23)
[    8089ms] ReferenceError: t is not defined
    at animate (http://localhost:8123/mascot/mascot.js:601:23)
[    8098ms] ReferenceError: t is not defined
    at animate (http://localhost:8123/mascot/mascot.js:601:23)
[    8107ms] ReferenceError: t is not defined
    at animate (http://localhost:8123/mascot/mascot.js:601:23)
[    8115ms] ReferenceError: t is not defined
    at animate (http://localhost:8123/mascot/mascot.js:601:23)
[    8124ms] ReferenceError: t is not defined
    at animate (http://localhost:8123/mascot/mascot.js:601:23)
[    8131ms] ReferenceError: t is not defined
    at animate (http://localhost:8123/mascot/mascot.js:601:23)
[    8140ms] ReferenceError: t is not defined
    at animate (http://localhost:8123/mascot/mascot.js:601:23)
[    8150ms] ReferenceError: t is not defined
    at animate (http://localhost:8123/mascot/mascot.js:601:23)
[    8156ms] ReferenceError: t is not defined
    at animate (http://localhost:8123/mascot/mascot.js:601:23)
[    8165ms] ReferenceError: t is not defined
    at animate (http://localhost:8123/mascot/mascot.js:601:23)
[    8172ms] ReferenceError: t is not defined
    at animate (http://localhost:8123/mascot/mascot.js:601:23)
[    8181ms] ReferenceError: t is not defined
    at animate (http://localhost:8123/mascot/mascot.js:601:23)
[    8189ms] ReferenceError: t is not defined
    at animate (http://localhost:8123/mascot/mascot.js:601:23)
[    8197ms] ReferenceError: t is not defined
    at animate (http://localhost:8123/mascot/mascot.js:601:23)
[    8206ms] ReferenceError: t is not defined
    at animate (http://localhost:8123/mascot/mascot.js:601:23)
[    8214ms] ReferenceError: t is not defined
    at animate (http://localhost:8123/mascot/mascot.js:601:23)
[    8223ms] ReferenceError: t is not defined
    at animate (http://localhost:8123/mascot/mascot.js:601:23)
[    8231ms] ReferenceError: t is not defined
    at animate (http://localhost:8123/mascot/mascot.js:601:23)
[    8240ms] ReferenceError: t is not defined
    at animate (http://localhost:8123/mascot/mascot.js:601:23)
[    8249ms] ReferenceError: t is not defined
    at animate (http://localhost:8123/mascot/mascot.js:601:23)
[    8256ms] ReferenceError: t is not defined
    at animate (http://localhost:8123/mascot/mascot.js:601:23)
[    8264ms] ReferenceError: t is not defined
    at animate (http://localhost:8123/mascot/mascot.js:601:23)
[    8273ms] ReferenceError: t is not defined
    at animate (http://localhost:8123/mascot/mascot.js:601:23)
[    8282ms] ReferenceError: t is not defined
    at animate (http://localhost:8123/mascot/mascot.js:601:23)
[    8289ms] ReferenceError: t is not defined
    at animate (http://localhost:8123/mascot/mascot.js:601:23)
[    8298ms] ReferenceError: t is not defined
    at animate (http://localhost:8123/mascot/mascot.js:601:23)
[    8306ms] ReferenceError: t is not defined
    at animate (http://localhost:8123/mascot/mascot.js:601:23)
[    8315ms] ReferenceError: t is not defined
    at animate (http://localhost:8123/mascot/mascot.js:601:23)
[    8322ms] ReferenceError: t is not defined
    at animate (http://localhost:8123/mascot/mascot.js:601:23)
[    8330ms] ReferenceError: t is not defined
    at animate (http://localhost:8123/mascot/mascot.js:601:23)
[    8340ms] ReferenceError: t is not defined
    at animate (http://localhost:8123/mascot/mascot.js:601:23)
[    8347ms] ReferenceError: t is not defined
    at animate (http://localhost:8123/mascot/mascot.js:601:23)
[    8356ms] ReferenceError: t is not defined
    at animate (http://localhost:8123/mascot/mascot.js:601:23)
[    8364ms] ReferenceError: t is not defined
    at animate (http://localhost:8123/mascot/mascot.js:601:23)
[    8372ms] ReferenceError: t is not defined
    at animate (http://localhost:8123/mascot/mascot.js:601:23)
[    8380ms] ReferenceError: t is not defined
    at animate (http://localhost:8123/mascot/mascot.js:601:23)
[    8389ms] ReferenceError: t is not defined
    at animate (http://localhost:8123/mascot/mascot.js:601:23)
[    8397ms] ReferenceError: t is not defined
    at animate (http://localhost:8123/mascot/mascot.js:601:23)
[    8405ms] ReferenceError: t is not defined
    at animate (http://localhost:8123/mascot/mascot.js:601:23)
[    8414ms] ReferenceError: t is not defined
    at animate (http://localhost:8123/mascot/mascot.js:601:23)
[    8422ms] ReferenceError: t is not defined
    at animate (http://localhost:8123/mascot/mascot.js:601:23)
[    8430ms] ReferenceError: t is not defined
    at animate (http://localhost:8123/mascot/mascot.js:601:23)
[    8439ms] ReferenceError: t is not defined
    at animate (http://localhost:8123/mascot/mascot.js:601:23)
[    8447ms] ReferenceError: t is not defined
    at animate (http://localhost:8123/mascot/mascot.js:601:23)
[    8455ms] ReferenceError: t is not defined
    at animate (http://localhost:8123/mascot/mascot.js:601:23)
[    8464ms] ReferenceError: t is not defined
    at animate (http://localhost:8123/mascot/mascot.js:601:23)
[    8473ms] ReferenceError: t is not defined
    at animate (http://localhost:8123/mascot/mascot.js:601:23)
[    8481ms] ReferenceError: t is not defined
    at animate (http://localhost:8123/mascot/mascot.js:601:23)
[    8489ms] ReferenceError: t is not defined
    at animate (http://localhost:8123/mascot/mascot.js:601:23)
[    8497ms] ReferenceError: t is not defined
    at animate (http://localhost:8123/mascot/mascot.js:601:23)
[    8505ms] ReferenceError: t is not defined
    at animate (http://localhost:8123/mascot/mascot.js:601:23)
[    8514ms] ReferenceError: t is not defined
    at animate (http://localhost:8123/mascot/mascot.js:601:23)
[    8523ms] ReferenceError: t is not defined
    at animate (http://localhost:8123/mascot/mascot.js:601:23)
[    8531ms] ReferenceError: t is not defined
    at animate (http://localhost:8123/mascot/mascot.js:601:23)
[    8539ms] ReferenceError: t is not defined
    at animate (http://localhost:8123/mascot/mascot.js:601:23)
[    8547ms] ReferenceError: t is not defined
    at animate (http://localhost:8123/mascot/mascot.js:601:23)
[    8556ms] ReferenceError: t is not defined
    at animate (http://localhost:8123/mascot/mascot.js:601:23)
[    8564ms] ReferenceError: t is not defined
    at animate (http://localhost:8123/mascot/mascot.js:601:23)
[    8574ms] ReferenceError: t is not defined
    at animate (http://localhost:8123/mascot/mascot.js:601:23)
[    8581ms] ReferenceError: t is not defined
    at animate (http://localhost:8123/mascot/mascot.js:601:23)
[    8590ms] ReferenceError: t is not defined
    at animate (http://localhost:8123/mascot/mascot.js:601:23)
[    8599ms] ReferenceError: t is not defined
    at animate (http://localhost:8123/mascot/mascot.js:601:23)
[    8606ms] ReferenceError: t is not defined
    at animate (http://localhost:8123/mascot/mascot.js:601:23)
[    8614ms] ReferenceError: t is not defined
    at animate (http://localhost:8123/mascot/mascot.js:601:23)
[    8623ms] ReferenceError: t is not defined
    at animate (http://localhost:8123/mascot/mascot.js:601:23)
[    8631ms] ReferenceError: t is not defined
    at animate (http://localhost:8123/mascot/mascot.js:601:23)
[    8639ms] ReferenceError: t is not defined
    at animate (http://localhost:8123/mascot/mascot.js:601:23)
[    8648ms] ReferenceError: t is not defined
    at animate (http://localhost:8123/mascot/mascot.js:601:23)
[    8657ms] ReferenceError: t is not defined
    at animate (http://localhost:8123/mascot/mascot.js:601:23)
[    8665ms] ReferenceError: t is not defined
    at animate (http://localhost:8123/mascot/mascot.js:601:23)
[    8673ms] ReferenceError: t is not defined
    at animate (http://localhost:8123/mascot/mascot.js:601:23)
[    8681ms] ReferenceError: t is not defined
    at animate (http://localhost:8123/mascot/mascot.js:601:23)
[    8689ms] ReferenceError: t is not defined
    at animate (http://localhost:8123/mascot/mascot.js:601:23)
[    8698ms] ReferenceError: t is not defined
    at animate (http://localhost:8123/mascot/mascot.js:601:23)
[    8706ms] ReferenceError: t is not defined
    at animate (http://localhost:8123/mascot/mascot.js:601:23)
[    8715ms] ReferenceError: t is not defined
    at animate (http://localhost:8123/mascot/mascot.js:601:23)
[    8723ms] ReferenceError: t is not defined
    at animate (http://localhost:8123/mascot/mascot.js:601:23)
[    8731ms] ReferenceError: t is not defined
    at animate (http://localhost:8123/mascot/mascot.js:601:23)
[    8739ms] ReferenceError: t is not defined
    at animate (http://localhost:8123/mascot/mascot.js:601:23)
[    8748ms] ReferenceError: t is not defined
    at animate (http://localhost:8123/mascot/mascot.js:601:23)
[    8755ms] ReferenceError: t is not defined
    at animate (http://localhost:8123/mascot/mascot.js:601:23)
[    8764ms] ReferenceError: t is not defined
    at animate (http://localhost:8123/mascot/mascot.js:601:23)
[    8772ms] ReferenceError: t is not defined
    at animate (http://localhost:8123/mascot/mascot.js:601:23)
[    8780ms] ReferenceError: t is not defined
    at animate (http://localhost:8123/mascot/mascot.js:601:23)
[    8789ms] ReferenceError: t is not defined
    at animate (http://localhost:8123/mascot/mascot.js:601:23)
[    8797ms] ReferenceError: t is not defined
    at animate (http://localhost:8123/mascot/mascot.js:601:23)
[    8805ms] ReferenceError: t is not defined
    at animate (http://localhost:8123/mascot/mascot.js:601:23)
[    8814ms] ReferenceError: t is not defined
    at animate (http://localhost:8123/mascot/mascot.js:601:23)
[    8822ms] ReferenceError: t is not defined
    at animate (http://localhost:8123/mascot/mascot.js:601:23)
[    8831ms] ReferenceError: t is not defined
    at animate (http://localhost:8123/mascot/mascot.js:601:23)
[    8839ms] ReferenceError: t is not defined
    at animate (http://localhost:8123/mascot/mascot.js:601:23)
[    8848ms] ReferenceError: t is not defined
    at animate (http://localhost:8123/mascot/mascot.js:601:23)
[    8856ms] ReferenceError: t is not defined
    at animate (http://localhost:8123/mascot/mascot.js:601:23)
[    8865ms] ReferenceError: t is not defined
    at animate (http://localhost:8123/mascot/mascot.js:601:23)
[    8872ms] ReferenceError: t is not defined
    at animate (http://localhost:8123/mascot/mascot.js:601:23)
[    8881ms] ReferenceError: t is not defined
    at animate (http://localhost:8123/mascot/mascot.js:601:23)
[    8889ms] ReferenceError: t is not defined
    at animate (http://localhost:8123/mascot/mascot.js:601:23)
[    8898ms] ReferenceError: t is not defined
    at animate (http://localhost:8123/mascot/mascot.js:601:23)
[    8906ms] ReferenceError: t is not defined
    at animate (http://localhost:8123/mascot/mascot.js:601:23)
[    8915ms] ReferenceError: t is not defined
    at animate (http://localhost:8123/mascot/mascot.js:601:23)
[    8923ms] ReferenceError: t is not defined
    at animate (http://localhost:8123/mascot/mascot.js:601:23)
[    8932ms] ReferenceError: t is not defined
    at animate (http://localhost:8123/mascot/mascot.js:601:23)
[    8940ms] ReferenceError: t is not defined
    at animate (http://localhost:8123/mascot/mascot.js:601:23)
[    8948ms] ReferenceError: t is not defined
    at animate (http://localhost:8123/mascot/mascot.js:601:23)
[    8956ms] ReferenceError: t is not defined
    at animate (http://localhost:8123/mascot/mascot.js:601:23)
[    8965ms] ReferenceError: t is not defined
    at animate (http://localhost:8123/mascot/mascot.js:601:23)
[    8973ms] ReferenceError: t is not defined
    at animate (http://localhost:8123/mascot/mascot.js:601:23)
[    8981ms] ReferenceError: t is not defined
    at animate (http://localhost:8123/mascot/mascot.js:601:23)
[    8990ms] ReferenceError: t is not defined
    at animate (http://localhost:8123/mascot/mascot.js:601:23)
[    8998ms] ReferenceError: t is not defined
    at animate (http://localhost:8123/mascot/mascot.js:601:23)
[    9006ms] ReferenceError: t is not defined
    at animate (http://localhost:8123/mascot/mascot.js:601:23)
[    9016ms] ReferenceError: t is not defined
    at animate (http://localhost:8123/mascot/mascot.js:601:23)
[    9023ms] ReferenceError: t is not defined
    at animate (http://localhost:8123/mascot/mascot.js:601:23)
[    9031ms] ReferenceError: t is not defined
    at animate (http://localhost:8123/mascot/mascot.js:601:23)
[    9040ms] ReferenceError: t is not defined
    at animate (http://localhost:8123/mascot/mascot.js:601:23)
[    9048ms] ReferenceError: t is not defined
    at animate (http://localhost:8123/mascot/mascot.js:601:23)
[    9056ms] ReferenceError: t is not defined
    at animate (http://localhost:8123/mascot/mascot.js:601:23)
[    9065ms] ReferenceError: t is not defined
    at animate (http://localhost:8123/mascot/mascot.js:601:23)
[    9073ms] ReferenceError: t is not defined
    at animate (http://localhost:8123/mascot/mascot.js:601:23)
[    9082ms] ReferenceError: t is not defined
    at animate (http://localhost:8123/mascot/mascot.js:601:23)
[    9090ms] ReferenceError: t is not defined
    at animate (http://localhost:8123/mascot/mascot.js:601:23)
[    9099ms] ReferenceError: t is not defined
    at animate (http://localhost:8123/mascot/mascot.js:601:23)
[    9106ms] ReferenceError: t is not defined
    at animate (http://localhost:8123/mascot/mascot.js:601:23)
[    9114ms] ReferenceError: t is not defined
    at animate (http://localhost:8123/mascot/mascot.js:601:23)
[    9123ms] ReferenceError: t is not defined
    at animate (http://localhost:8123/mascot/mascot.js:601:23)
[    9131ms] ReferenceError: t is not defined
    at animate (http://localhost:8123/mascot/mascot.js:601:23)
[    9140ms] ReferenceError: t is not defined
    at animate (http://localhost:8123/mascot/mascot.js:601:23)
[    9148ms] ReferenceError: t is not defined
    at animate (http://localhost:8123/mascot/mascot.js:601:23)
[    9156ms] ReferenceError: t is not defined
    at animate (http://localhost:8123/mascot/mascot.js:601:23)
[    9165ms] ReferenceError: t is not defined
    at animate (http://localhost:8123/mascot/mascot.js:601:23)
[    9174ms] ReferenceError: t is not defined
    at animate (http://localhost:8123/mascot/mascot.js:601:23)
[    9182ms] ReferenceError: t is not defined
    at animate (http://localhost:8123/mascot/mascot.js:601:23)
[    9190ms] ReferenceError: t is not defined
    at animate (http://localhost:8123/mascot/mascot.js:601:23)
[    9203ms] ReferenceError: t is not defined
    at animate (http://localhost:8123/mascot/mascot.js:601:23)
[    9207ms] ReferenceError: t is not defined
    at animate (http://localhost:8123/mascot/mascot.js:601:23)
[    9215ms] ReferenceError: t is not defined
    at animate (http://localhost:8123/mascot/mascot.js:601:23)
[    9222ms] ReferenceError: t is not defined
    at animate (http://localhost:8123/mascot/mascot.js:601:23)
[    9231ms] ReferenceError: t is not defined
    at animate (http://localhost:8123/mascot/mascot.js:601:23)
[    9240ms] ReferenceError: t is not defined
    at animate (http://localhost:8123/mascot/mascot.js:601:23)
[    9248ms] ReferenceError: t is not defined
    at animate (http://localhost:8123/mascot/mascot.js:601:23)
[    9256ms] ReferenceError: t is not defined
    at animate (http://localhost:8123/mascot/mascot.js:601:23)
[    9264ms] ReferenceError: t is not defined
    at animate (http://localhost:8123/mascot/mascot.js:601:23)
[    9273ms] ReferenceError: t is not defined
    at animate (http://localhost:8123/mascot/mascot.js:601:23)
[    9281ms] ReferenceError: t is not defined
    at animate (http://localhost:8123/mascot/mascot.js:601:23)
[    9289ms] ReferenceError: t is not defined
    at animate (http://localhost:8123/mascot/mascot.js:601:23)
[    9297ms] ReferenceError: t is not defined
    at animate (http://localhost:8123/mascot/mascot.js:601:23)
[    9306ms] ReferenceError: t is not defined
    at animate (http://localhost:8123/mascot/mascot.js:601:23)
[    9315ms] ReferenceError: t is not defined
    at animate (http://localhost:8123/mascot/mascot.js:601:23)
[    9322ms] ReferenceError: t is not defined
    at animate (http://localhost:8123/mascot/mascot.js:601:23)
[    9330ms] ReferenceError: t is not defined
    at animate (http://localhost:8123/mascot/mascot.js:601:23)
[    9339ms] ReferenceError: t is not defined
    at animate (http://localhost:8123/mascot/mascot.js:601:23)
[    9347ms] ReferenceError: t is not defined
    at animate (http://localhost:8123/mascot/mascot.js:601:23)
[    9355ms] ReferenceError: t is not defined
    at animate (http://localhost:8123/mascot/mascot.js:601:23)
[    9364ms] ReferenceError: t is not defined
    at animate (http://localhost:8123/mascot/mascot.js:601:23)
[    9372ms] ReferenceError: t is not defined
    at animate (http://localhost:8123/mascot/mascot.js:601:23)
[    9380ms] ReferenceError: t is not defined
    at animate (http://localhost:8123/mascot/mascot.js:601:23)
[    9389ms] ReferenceError: t is not defined
    at animate (http://localhost:8123/mascot/mascot.js:601:23)
[    9397ms] ReferenceError: t is not defined
    at animate (http://localhost:8123/mascot/mascot.js:601:23)
[    9405ms] ReferenceError: t is not defined
    at animate (http://localhost:8123/mascot/mascot.js:601:23)
[    9414ms] ReferenceError: t is not defined
    at animate (http://localhost:8123/mascot/mascot.js:601:23)
[    9422ms] ReferenceError: t is not defined
    at animate (http://localhost:8123/mascot/mascot.js:601:23)
[    9431ms] ReferenceError: t is not defined
    at animate (http://localhost:8123/mascot/mascot.js:601:23)
[    9440ms] ReferenceError: t is not defined
    at animate (http://localhost:8123/mascot/mascot.js:601:23)
[    9447ms] ReferenceError: t is not defined
    at animate (http://localhost:8123/mascot/mascot.js:601:23)
[    9456ms] ReferenceError: t is not defined
    at animate (http://localhost:8123/mascot/mascot.js:601:23)
[    9464ms] ReferenceError: t is not defined
    at animate (http://localhost:8123/mascot/mascot.js:601:23)
[    9472ms] ReferenceError: t is not defined
    at animate (http://localhost:8123/mascot/mascot.js:601:23)
[    9480ms] ReferenceError: t is not defined
    at animate (http://localhost:8123/mascot/mascot.js:601:23)
[    9489ms] ReferenceError: t is not defined
    at animate (http://localhost:8123/mascot/mascot.js:601:23)
[    9497ms] ReferenceError: t is not defined
    at animate (http://localhost:8123/mascot/mascot.js:601:23)
[    9505ms] ReferenceError: t is not defined
    at animate (http://localhost:8123/mascot/mascot.js:601:23)
[    9515ms] ReferenceError: t is not defined
    at animate (http://localhost:8123/mascot/mascot.js:601:23)
[    9522ms] ReferenceError: t is not defined
    at animate (http://localhost:8123/mascot/mascot.js:601:23)
[    9531ms] ReferenceError: t is not defined
    at animate (http://localhost:8123/mascot/mascot.js:601:23)
[    9539ms] ReferenceError: t is not defined
    at animate (http://localhost:8123/mascot/mascot.js:601:23)
[    9548ms] ReferenceError: t is not defined
    at animate (http://localhost:8123/mascot/mascot.js:601:23)
[    9556ms] ReferenceError: t is not defined
    at animate (http://localhost:8123/mascot/mascot.js:601:23)
[    9564ms] ReferenceError: t is not defined
    at animate (http://localhost:8123/mascot/mascot.js:601:23)
[    9572ms] ReferenceError: t is not defined
    at animate (http://localhost:8123/mascot/mascot.js:601:23)
[    9580ms] ReferenceError: t is not defined
    at animate (http://localhost:8123/mascot/mascot.js:601:23)
[    9590ms] ReferenceError: t is not defined
    at animate (http://localhost:8123/mascot/mascot.js:601:23)
[    9597ms] ReferenceError: t is not defined
    at animate (http://localhost:8123/mascot/mascot.js:601:23)
[    9606ms] ReferenceError: t is not defined
    at animate (http://localhost:8123/mascot/mascot.js:601:23)
[    9615ms] ReferenceError: t is not defined
    at animate (http://localhost:8123/mascot/mascot.js:601:23)
[    9623ms] ReferenceError: t is not defined
    at animate (http://localhost:8123/mascot/mascot.js:601:23)
[    9631ms] ReferenceError: t is not defined
    at animate (http://localhost:8123/mascot/mascot.js:601:23)
[    9640ms] ReferenceError: t is not defined
    at animate (http://localhost:8123/mascot/mascot.js:601:23)
[    9648ms] ReferenceError: t is not defined
    at animate (http://localhost:8123/mascot/mascot.js:601:23)
[    9657ms] ReferenceError: t is not defined
    at animate (http://localhost:8123/mascot/mascot.js:601:23)
[    9665ms] ReferenceError: t is not defined
    at animate (http://localhost:8123/mascot/mascot.js:601:23)
[    9673ms] ReferenceError: t is not defined
    at animate (http://localhost:8123/mascot/mascot.js:601:23)
[    9682ms] ReferenceError: t is not defined
    at animate (http://localhost:8123/mascot/mascot.js:601:23)
[    9690ms] ReferenceError: t is not defined
    at animate (http://localhost:8123/mascot/mascot.js:601:23)
[    9698ms] ReferenceError: t is not defined
    at animate (http://localhost:8123/mascot/mascot.js:601:23)
[    9706ms] ReferenceError: t is not defined
    at animate (http://localhost:8123/mascot/mascot.js:601:23)
[    9714ms] ReferenceError: t is not defined
    at animate (http://localhost:8123/mascot/mascot.js:601:23)
[    9723ms] ReferenceError: t is not defined
    at animate (http://localhost:8123/mascot/mascot.js:601:23)
[    9731ms] ReferenceError: t is not defined
    at animate (http://localhost:8123/mascot/mascot.js:601:23)
[    9739ms] ReferenceError: t is not defined
    at animate (http://localhost:8123/mascot/mascot.js:601:23)
[    9747ms] ReferenceError: t is not defined
    at animate (http://localhost:8123/mascot/mascot.js:601:23)
[    9756ms] ReferenceError: t is not defined
    at animate (http://localhost:8123/mascot/mascot.js:601:23)
[    9764ms] ReferenceError: t is not defined
    at animate (http://localhost:8123/mascot/mascot.js:601:23)
[    9772ms] ReferenceError: t is not defined
    at animate (http://localhost:8123/mascot/mascot.js:601:23)
[    9781ms] ReferenceError: t is not defined
    at animate (http://localhost:8123/mascot/mascot.js:601:23)
[    9789ms] ReferenceError: t is not defined
    at animate (http://localhost:8123/mascot/mascot.js:601:23)
[    9797ms] ReferenceError: t is not defined
    at animate (http://localhost:8123/mascot/mascot.js:601:23)
[    9806ms] ReferenceError: t is not defined
    at animate (http://localhost:8123/mascot/mascot.js:601:23)
[    9814ms] ReferenceError: t is not defined
    at animate (http://localhost:8123/mascot/mascot.js:601:23)
[    9822ms] ReferenceError: t is not defined
    at animate (http://localhost:8123/mascot/mascot.js:601:23)
[    9831ms] ReferenceError: t is not defined
    at animate (http://localhost:8123/mascot/mascot.js:601:23)
[    9839ms] ReferenceError: t is not defined
    at animate (http://localhost:8123/mascot/mascot.js:601:23)
[    9847ms] ReferenceError: t is not defined
    at animate (http://localhost:8123/mascot/mascot.js:601:23)
[    9856ms] ReferenceError: t is not defined
    at animate (http://localhost:8123/mascot/mascot.js:601:23)
[    9864ms] ReferenceError: t is not defined
    at animate (http://localhost:8123/mascot/mascot.js:601:23)
[    9873ms] ReferenceError: t is not defined
    at animate (http://localhost:8123/mascot/mascot.js:601:23)
[    9881ms] ReferenceError: t is not defined
    at animate (http://localhost:8123/mascot/mascot.js:601:23)
[    9889ms] ReferenceError: t is not defined
    at animate (http://localhost:8123/mascot/mascot.js:601:23)
[    9898ms] ReferenceError: t is not defined
    at animate (http://localhost:8123/mascot/mascot.js:601:23)
[    9906ms] ReferenceError: t is not defined
    at animate (http://localhost:8123/mascot/mascot.js:601:23)
[    9914ms] ReferenceError: t is not defined
    at animate (http://localhost:8123/mascot/mascot.js:601:23)
[    9923ms] ReferenceError: t is not defined
    at animate (http://localhost:8123/mascot/mascot.js:601:23)
[    9931ms] ReferenceError: t is not defined
    at animate (http://localhost:8123/mascot/mascot.js:601:23)
[    9939ms] ReferenceError: t is not defined
    at animate (http://localhost:8123/mascot/mascot.js:601:23)
[    9947ms] ReferenceError: t is not defined
    at animate (http://localhost:8123/mascot/mascot.js:601:23)
[    9955ms] ReferenceError: t is not defined
    at animate (http://localhost:8123/mascot/mascot.js:601:23)
[    9964ms] ReferenceError: t is not defined
    at animate (http://localhost:8123/mascot/mascot.js:601:23)
[    9973ms] ReferenceError: t is not defined
    at animate (http://localhost:8123/mascot/mascot.js:601:23)
[    9981ms] ReferenceError: t is not defined
    at animate (http://localhost:8123/mascot/mascot.js:601:23)
[    9989ms] ReferenceError: t is not defined
    at animate (http://localhost:8123/mascot/mascot.js:601:23)
[    9997ms] ReferenceError: t is not defined
    at animate (http://localhost:8123/mascot/mascot.js:601:23)
[   10005ms] ReferenceError: t is not defined
    at animate (http://localhost:8123/mascot/mascot.js:601:23)
[   10014ms] ReferenceError: t is not defined
    at animate (http://localhost:8123/mascot/mascot.js:601:23)
[   10022ms] ReferenceError: t is not defined
    at animate (http://localhost:8123/mascot/mascot.js:601:23)
[   10032ms] ReferenceError: t is not defined
    at animate (http://localhost:8123/mascot/mascot.js:601:23)
[   10039ms] ReferenceError: t is not defined
    at animate (http://localhost:8123/mascot/mascot.js:601:23)
[   10047ms] ReferenceError: t is not defined
    at animate (http://localhost:8123/mascot/mascot.js:601:23)
[   10056ms] ReferenceError: t is not defined
    at animate (http://localhost:8123/mascot/mascot.js:601:23)
[   10064ms] ReferenceError: t is not defined
    at animate (http://localhost:8123/mascot/mascot.js:601:23)
[   10073ms] ReferenceError: t is not defined
    at animate (http://localhost:8123/mascot/mascot.js:601:23)
[   10081ms] ReferenceError: t is not defined
    at animate (http://localhost:8123/mascot/mascot.js:601:23)
[   10089ms] ReferenceError: t is not defined
    at animate (http://localhost:8123/mascot/mascot.js:601:23)
[   10098ms] ReferenceError: t is not defined
    at animate (http://localhost:8123/mascot/mascot.js:601:23)
[   10106ms] ReferenceError: t is not defined
    at animate (http://localhost:8123/mascot/mascot.js:601:23)
[   10114ms] ReferenceError: t is not defined
    at animate (http://localhost:8123/mascot/mascot.js:601:23)
[   10123ms] ReferenceError: t is not defined
    at animate (http://localhost:8123/mascot/mascot.js:601:23)
[   10131ms] ReferenceError: t is not defined
    at animate (http://localhost:8123/mascot/mascot.js:601:23)
[   10140ms] ReferenceError: t is not defined
    at animate (http://localhost:8123/mascot/mascot.js:601:23)
[   10148ms] ReferenceError: t is not defined
    at animate (http://localhost:8123/mascot/mascot.js:601:23)
[   10156ms] ReferenceError: t is not defined
    at animate (http://localhost:8123/mascot/mascot.js:601:23)
[   10165ms] ReferenceError: t is not defined
    at animate (http://localhost:8123/mascot/mascot.js:601:23)
[   10174ms] ReferenceError: t is not defined
    at animate (http://localhost:8123/mascot/mascot.js:601:23)
[   10182ms] ReferenceError: t is not defined
    at animate (http://localhost:8123/mascot/mascot.js:601:23)
[   10190ms] ReferenceError: t is not defined
    at animate (http://localhost:8123/mascot/mascot.js:601:23)
[   10198ms] ReferenceError: t is not defined
    at animate (http://localhost:8123/mascot/mascot.js:601:23)
[   10208ms] ReferenceError: t is not defined
    at animate (http://localhost:8123/mascot/mascot.js:601:23)
[   10215ms] ReferenceError: t is not defined
    at animate (http://localhost:8123/mascot/mascot.js:601:23)
[   10223ms] ReferenceError: t is not defined
    at animate (http://localhost:8123/mascot/mascot.js:601:23)
[   10233ms] ReferenceError: t is not defined
    at animate (http://localhost:8123/mascot/mascot.js:601:23)
[   10239ms] ReferenceError: t is not defined
    at animate (http://localhost:8123/mascot/mascot.js:601:23)
[   10248ms] ReferenceError: t is not defined
    at animate (http://localhost:8123/mascot/mascot.js:601:23)
[   10257ms] ReferenceError: t is not defined
    at animate (http://localhost:8123/mascot/mascot.js:601:23)
[   10265ms] ReferenceError: t is not defined
    at animate (http://localhost:8123/mascot/mascot.js:601:23)
[   10273ms] ReferenceError: t is not defined
    at animate (http://localhost:8123/mascot/mascot.js:601:23)
[   10281ms] ReferenceError: t is not defined
    at animate (http://localhost:8123/mascot/mascot.js:601:23)
[   10290ms] ReferenceError: t is not defined
    at animate (http://localhost:8123/mascot/mascot.js:601:23)
[   10298ms] ReferenceError: t is not defined
    at animate (http://localhost:8123/mascot/mascot.js:601:23)
[   10306ms] ReferenceError: t is not defined
    at animate (http://localhost:8123/mascot/mascot.js:601:23)
[   10314ms] ReferenceError: t is not defined
    at animate (http://localhost:8123/mascot/mascot.js:601:23)
[   10323ms] ReferenceError: t is not defined
    at animate (http://localhost:8123/mascot/mascot.js:601:23)
[   10331ms] ReferenceError: t is not defined
    at animate (http://localhost:8123/mascot/mascot.js:601:23)
[   10339ms] ReferenceError: t is not defined
    at animate (http://localhost:8123/mascot/mascot.js:601:23)
[   10347ms] ReferenceError: t is not defined
    at animate (http://localhost:8123/mascot/mascot.js:601:23)
[   10355ms] ReferenceError: t is not defined
    at animate (http://localhost:8123/mascot/mascot.js:601:23)
[   10364ms] ReferenceError: t is not defined
    at animate (http://localhost:8123/mascot/mascot.js:601:23)
[   10372ms] ReferenceError: t is not defined
    at animate (http://localhost:8123/mascot/mascot.js:601:23)
[   10380ms] ReferenceError: t is not defined
    at animate (http://localhost:8123/mascot/mascot.js:601:23)
[   10388ms] ReferenceError: t is not defined
    at animate (http://localhost:8123/mascot/mascot.js:601:23)
[   10397ms] ReferenceError: t is not defined
    at animate (http://localhost:8123/mascot/mascot.js:601:23)
[   10406ms] ReferenceError: t is not defined
    at animate (http://localhost:8123/mascot/mascot.js:601:23)
[   10414ms] ReferenceError: t is not defined
    at animate (http://localhost:8123/mascot/mascot.js:601:23)
[   10422ms] ReferenceError: t is not defined
    at animate (http://localhost:8123/mascot/mascot.js:601:23)
[   10430ms] ReferenceError: t is not defined
    at animate (http://localhost:8123/mascot/mascot.js:601:23)
[   10439ms] ReferenceError: t is not defined
    at animate (http://localhost:8123/mascot/mascot.js:601:23)
[   10447ms] ReferenceError: t is not defined
    at animate (http://localhost:8123/mascot/mascot.js:601:23)
[   10456ms] ReferenceError: t is not defined
    at animate (http://localhost:8123/mascot/mascot.js:601:23)
[   10464ms] ReferenceError: t is not defined
    at animate (http://localhost:8123/mascot/mascot.js:601:23)
[   10472ms] ReferenceError: t is not defined
    at animate (http://localhost:8123/mascot/mascot.js:601:23)
[   10482ms] ReferenceError: t is not defined
    at animate (http://localhost:8123/mascot/mascot.js:601:23)
[   10489ms] ReferenceError: t is not defined
    at animate (http://localhost:8123/mascot/mascot.js:601:23)
[   10497ms] ReferenceError: t is not defined
    at animate (http://localhost:8123/mascot/mascot.js:601:23)
[   10505ms] ReferenceError: t is not defined
    at animate (http://localhost:8123/mascot/mascot.js:601:23)
[   10515ms] ReferenceError: t is not defined
    at animate (http://localhost:8123/mascot/mascot.js:601:23)
[   10523ms] ReferenceError: t is not defined
    at animate (http://localhost:8123/mascot/mascot.js:601:23)
[   10532ms] ReferenceError: t is not defined
    at animate (http://localhost:8123/mascot/mascot.js:601:23)
[   10539ms] ReferenceError: t is not defined
    at animate (http://localhost:8123/mascot/mascot.js:601:23)
[   10547ms] ReferenceError: t is not defined
    at animate (http://localhost:8123/mascot/mascot.js:601:23)
[   10556ms] ReferenceError: t is not defined
    at animate (http://localhost:8123/mascot/mascot.js:601:23)
[   10564ms] ReferenceError: t is not defined
    at animate (http://localhost:8123/mascot/mascot.js:601:23)
[   10572ms] ReferenceError: t is not defined
    at animate (http://localhost:8123/mascot/mascot.js:601:23)
[   10582ms] ReferenceError: t is not defined
    at animate (http://localhost:8123/mascot/mascot.js:601:23)
[   10589ms] ReferenceError: t is not defined
    at animate (http://localhost:8123/mascot/mascot.js:601:23)
[   10597ms] ReferenceError: t is not defined
    at animate (http://localhost:8123/mascot/mascot.js:601:23)
[   10605ms] ReferenceError: t is not defined
    at animate (http://localhost:8123/mascot/mascot.js:601:23)
[   10614ms] ReferenceError: t is not defined
    at animate (http://localhost:8123/mascot/mascot.js:601:23)
[   10623ms] ReferenceError: t is not defined
    at animate (http://localhost:8123/mascot/mascot.js:601:23)
[   10630ms] ReferenceError: t is not defined
    at animate (http://localhost:8123/mascot/mascot.js:601:23)
[   10638ms] ReferenceError: t is not defined
    at animate (http://localhost:8123/mascot/mascot.js:601:23)
[   10648ms] ReferenceError: t is not defined
    at animate (http://localhost:8123/mascot/mascot.js:601:23)
[   10655ms] ReferenceError: t is not defined
    at animate (http://localhost:8123/mascot/mascot.js:601:23)
[   10664ms] ReferenceError: t is not defined
    at animate (http://localhost:8123/mascot/mascot.js:601:23)
[   10672ms] ReferenceError: t is not defined
    at animate (http://localhost:8123/mascot/mascot.js:601:23)
[   10680ms] ReferenceError: t is not defined
    at animate (http://localhost:8123/mascot/mascot.js:601:23)
[   10689ms] ReferenceError: t is not defined
    at animate (http://localhost:8123/mascot/mascot.js:601:23)
[   10697ms] ReferenceError: t is not defined
    at animate (http://localhost:8123/mascot/mascot.js:601:23)
[   10705ms] ReferenceError: t is not defined
    at animate (http://localhost:8123/mascot/mascot.js:601:23)
[   10713ms] ReferenceError: t is not defined
    at animate (http://localhost:8123/mascot/mascot.js:601:23)
[   10723ms] ReferenceError: t is not defined
    at animate (http://localhost:8123/mascot/mascot.js:601:23)
[   10730ms] ReferenceError: t is not defined
    at animate (http://localhost:8123/mascot/mascot.js:601:23)
[   10739ms] ReferenceError: t is not defined
    at animate (http://localhost:8123/mascot/mascot.js:601:23)
[   10747ms] ReferenceError: t is not defined
    at animate (http://localhost:8123/mascot/mascot.js:601:23)
[   10756ms] ReferenceError: t is not defined
    at animate (http://localhost:8123/mascot/mascot.js:601:23)
[   10764ms] ReferenceError: t is not defined
    at animate (http://localhost:8123/mascot/mascot.js:601:23)
[   10774ms] ReferenceError: t is not defined
    at animate (http://localhost:8123/mascot/mascot.js:601:23)
[   10782ms] ReferenceError: t is not defined
    at animate (http://localhost:8123/mascot/mascot.js:601:23)
[   10789ms] ReferenceError: t is not defined
    at animate (http://localhost:8123/mascot/mascot.js:601:23)
[   10797ms] ReferenceError: t is not defined
    at animate (http://localhost:8123/mascot/mascot.js:601:23)
[   10807ms] ReferenceError: t is not defined
    at animate (http://localhost:8123/mascot/mascot.js:601:23)
[   10814ms] ReferenceError: t is not defined
    at animate (http://localhost:8123/mascot/mascot.js:601:23)
[   10822ms] ReferenceError: t is not defined
    at animate (http://localhost:8123/mascot/mascot.js:601:23)
[   10830ms] ReferenceError: t is not defined
    at animate (http://localhost:8123/mascot/mascot.js:601:23)
[   10839ms] ReferenceError: t is not defined
    at animate (http://localhost:8123/mascot/mascot.js:601:23)
[   10847ms] ReferenceError: t is not defined
    at animate (http://localhost:8123/mascot/mascot.js:601:23)
[   10855ms] ReferenceError: t is not defined
    at animate (http://localhost:8123/mascot/mascot.js:601:23)
[   10863ms] ReferenceError: t is not defined
    at animate (http://localhost:8123/mascot/mascot.js:601:23)
[   10872ms] ReferenceError: t is not defined
    at animate (http://localhost:8123/mascot/mascot.js:601:23)
[   10880ms] ReferenceError: t is not defined
    at animate (http://localhost:8123/mascot/mascot.js:601:23)
[   10890ms] ReferenceError: t is not defined
    at animate (http://localhost:8123/mascot/mascot.js:601:23)
[   10897ms] ReferenceError: t is not defined
    at animate (http://localhost:8123/mascot/mascot.js:601:23)
[   10906ms] ReferenceError: t is not defined
    at animate (http://localhost:8123/mascot/mascot.js:601:23)
[   10915ms] ReferenceError: t is not defined
    at animate (http://localhost:8123/mascot/mascot.js:601:23)
[   10922ms] ReferenceError: t is not defined
    at animate (http://localhost:8123/mascot/mascot.js:601:23)
[   10930ms] ReferenceError: t is not defined
    at animate (http://localhost:8123/mascot/mascot.js:601:23)
[   10939ms] ReferenceError: t is not defined
    at animate (http://localhost:8123/mascot/mascot.js:601:23)
[   10947ms] ReferenceError: t is not defined
    at animate (http://localhost:8123/mascot/mascot.js:601:23)
[   10955ms] ReferenceError: t is not defined
    at animate (http://localhost:8123/mascot/mascot.js:601:23)
[   10964ms] ReferenceError: t is not defined
    at animate (http://localhost:8123/mascot/mascot.js:601:23)
[   10972ms] ReferenceError: t is not defined
    at animate (http://localhost:8123/mascot/mascot.js:601:23)
[   10980ms] ReferenceError: t is not defined
    at animate (http://localhost:8123/mascot/mascot.js:601:23)
[   10989ms] ReferenceError: t is not defined
    at animate (http://localhost:8123/mascot/mascot.js:601:23)
[   10997ms] ReferenceError: t is not defined
    at animate (http://localhost:8123/mascot/mascot.js:601:23)
[   11005ms] ReferenceError: t is not defined
    at animate (http://localhost:8123/mascot/mascot.js:601:23)
[   11015ms] ReferenceError: t is not defined
    at animate (http://localhost:8123/mascot/mascot.js:601:23)
[   11022ms] ReferenceError: t is not defined
    at animate (http://localhost:8123/mascot/mascot.js:601:23)
[   11031ms] ReferenceError: t is not defined
    at animate (http://localhost:8123/mascot/mascot.js:601:23)
[   11040ms] ReferenceError: t is not defined
    at animate (http://localhost:8123/mascot/mascot.js:601:23)
[   11048ms] ReferenceError: t is not defined
    at animate (http://localhost:8123/mascot/mascot.js:601:23)
[   11056ms] ReferenceError: t is not defined
    at animate (http://localhost:8123/mascot/mascot.js:601:23)
[   11064ms] ReferenceError: t is not defined
    at animate (http://localhost:8123/mascot/mascot.js:601:23)
[   11073ms] ReferenceError: t is not defined
    at animate (http://localhost:8123/mascot/mascot.js:601:23)
[   11081ms] ReferenceError: t is not defined
    at animate (http://localhost:8123/mascot/mascot.js:601:23)
[   11090ms] ReferenceError: t is not defined
    at animate (http://localhost:8123/mascot/mascot.js:601:23)
[   11098ms] ReferenceError: t is not defined
    at animate (http://localhost:8123/mascot/mascot.js:601:23)
[   11107ms] ReferenceError: t is not defined
    at animate (http://localhost:8123/mascot/mascot.js:601:23)
[   11115ms] ReferenceError: t is not defined
    at animate (http://localhost:8123/mascot/mascot.js:601:23)
[   11123ms] ReferenceError: t is not defined
    at animate (http://localhost:8123/mascot/mascot.js:601:23)
[   11132ms] ReferenceError: t is not defined
    at animate (http://localhost:8123/mascot/mascot.js:601:23)
[   11139ms] ReferenceError: t is not defined
    at animate (http://localhost:8123/mascot/mascot.js:601:23)
[   11148ms] ReferenceError: t is not defined
    at animate (http://localhost:8123/mascot/mascot.js:601:23)
[   11156ms] ReferenceError: t is not defined
    at animate (http://localhost:8123/mascot/mascot.js:601:23)
[   11164ms] ReferenceError: t is not defined
    at animate (http://localhost:8123/mascot/mascot.js:601:23)
[   11172ms] ReferenceError: t is not defined
    at animate (http://localhost:8123/mascot/mascot.js:601:23)
[   11181ms] ReferenceError: t is not defined
    at animate (http://localhost:8123/mascot/mascot.js:601:23)
[   11189ms] ReferenceError: t is not defined
    at animate (http://localhost:8123/mascot/mascot.js:601:23)
[   11198ms] ReferenceError: t is not defined
    at animate (http://localhost:8123/mascot/mascot.js:601:23)
[   11206ms] ReferenceError: t is not defined
    at animate (http://localhost:8123/mascot/mascot.js:601:23)
[   11214ms] ReferenceError: t is not defined
    at animate (http://localhost:8123/mascot/mascot.js:601:23)
[   11223ms] ReferenceError: t is not defined
    at animate (http://localhost:8123/mascot/mascot.js:601:23)
[   11231ms] ReferenceError: t is not defined
    at animate (http://localhost:8123/mascot/mascot.js:601:23)
[   11240ms] ReferenceError: t is not defined
    at animate (http://localhost:8123/mascot/mascot.js:601:23)
[   11249ms] ReferenceError: t is not defined
    at animate (http://localhost:8123/mascot/mascot.js:601:23)
[   11257ms] ReferenceError: t is not defined
    at animate (http://localhost:8123/mascot/mascot.js:601:23)
[   11266ms] ReferenceError: t is not defined
    at animate (http://localhost:8123/mascot/mascot.js:601:23)
[   11273ms] ReferenceError: t is not defined
    at animate (http://localhost:8123/mascot/mascot.js:601:23)
[   11281ms] ReferenceError: t is not defined
    at animate (http://localhost:8123/mascot/mascot.js:601:23)
[   11290ms] ReferenceError: t is not defined
    at animate (http://localhost:8123/mascot/mascot.js:601:23)
[   11297ms] ReferenceError: t is not defined
    at animate (http://localhost:8123/mascot/mascot.js:601:23)
[   11306ms] ReferenceError: t is not defined
    at animate (http://localhost:8123/mascot/mascot.js:601:23)
[   11314ms] ReferenceError: t is not defined
    at animate (http://localhost:8123/mascot/mascot.js:601:23)
[   11323ms] ReferenceError: t is not defined
    at animate (http://localhost:8123/mascot/mascot.js:601:23)
[   11331ms] ReferenceError: t is not defined
    at animate (http://localhost:8123/mascot/mascot.js:601:23)
[   11339ms] ReferenceError: t is not defined
    at animate (http://localhost:8123/mascot/mascot.js:601:23)
[   11347ms] ReferenceError: t is not defined
    at animate (http://localhost:8123/mascot/mascot.js:601:23)
[   11356ms] ReferenceError: t is not defined
    at animate (http://localhost:8123/mascot/mascot.js:601:23)
[   11364ms] ReferenceError: t is not defined
    at animate (http://localhost:8123/mascot/mascot.js:601:23)
[   11372ms] ReferenceError: t is not defined
    at animate (http://localhost:8123/mascot/mascot.js:601:23)
[   11382ms] ReferenceError: t is not defined
    at animate (http://localhost:8123/mascot/mascot.js:601:23)
[   11389ms] ReferenceError: t is not defined
    at animate (http://localhost:8123/mascot/mascot.js:601:23)
[   11398ms] ReferenceError: t is not defined
    at animate (http://localhost:8123/mascot/mascot.js:601:23)
[   11405ms] ReferenceError: t is not defined
    at animate (http://localhost:8123/mascot/mascot.js:601:23)
[   11413ms] ReferenceError: t is not defined
    at animate (http://localhost:8123/mascot/mascot.js:601:23)
[   11423ms] ReferenceError: t is not defined
    at animate (http://localhost:8123/mascot/mascot.js:601:23)
[   11431ms] ReferenceError: t is not defined
    at animate (http://localhost:8123/mascot/mascot.js:601:23)
[   11439ms] ReferenceError: t is not defined
    at animate (http://localhost:8123/mascot/mascot.js:601:23)
[   11448ms] ReferenceError: t is not defined
    at animate (http://localhost:8123/mascot/mascot.js:601:23)
[   11457ms] ReferenceError: t is not defined
    at animate (http://localhost:8123/mascot/mascot.js:601:23)
[   11465ms] ReferenceError: t is not defined
    at animate (http://localhost:8123/mascot/mascot.js:601:23)
[   11473ms] ReferenceError: t is not defined
    at animate (http://localhost:8123/mascot/mascot.js:601:23)
[   11481ms] ReferenceError: t is not defined
    at animate (http://localhost:8123/mascot/mascot.js:601:23)
[   11490ms] ReferenceError: t is not defined
    at animate (http://localhost:8123/mascot/mascot.js:601:23)
[   11498ms] ReferenceError: t is not defined
    at animate (http://localhost:8123/mascot/mascot.js:601:23)
[   11506ms] ReferenceError: t is not defined
    at animate (http://localhost:8123/mascot/mascot.js:601:23)
[   11514ms] ReferenceError: t is not defined
    at animate (http://localhost:8123/mascot/mascot.js:601:23)
[   11523ms] ReferenceError: t is not defined
    at animate (http://localhost:8123/mascot/mascot.js:601:23)
[   11532ms] ReferenceError: t is not defined
    at animate (http://localhost:8123/mascot/mascot.js:601:23)
[   11539ms] ReferenceError: t is not defined
    at animate (http://localhost:8123/mascot/mascot.js:601:23)
[   11548ms] ReferenceError: t is not defined
    at animate (http://localhost:8123/mascot/mascot.js:601:23)
[   11556ms] ReferenceError: t is not defined
    at animate (http://localhost:8123/mascot/mascot.js:601:23)
[   11565ms] ReferenceError: t is not defined
    at animate (http://localhost:8123/mascot/mascot.js:601:23)
[   11573ms] ReferenceError: t is not defined
    at animate (http://localhost:8123/mascot/mascot.js:601:23)
[   11582ms] ReferenceError: t is not defined
    at animate (http://localhost:8123/mascot/mascot.js:601:23)
[   11590ms] ReferenceError: t is not defined
    at animate (http://localhost:8123/mascot/mascot.js:601:23)
[   11598ms] ReferenceError: t is not defined
    at animate (http://localhost:8123/mascot/mascot.js:601:23)
[   11607ms] ReferenceError: t is not defined
    at animate (http://localhost:8123/mascot/mascot.js:601:23)
[   11615ms] ReferenceError: t is not defined
    at animate (http://localhost:8123/mascot/mascot.js:601:23)
[   11624ms] ReferenceError: t is not defined
    at animate (http://localhost:8123/mascot/mascot.js:601:23)
[   11631ms] ReferenceError: t is not defined
    at animate (http://localhost:8123/mascot/mascot.js:601:23)
[   11640ms] ReferenceError: t is not defined
    at animate (http://localhost:8123/mascot/mascot.js:601:23)
[   11648ms] ReferenceError: t is not defined
    at animate (http://localhost:8123/mascot/mascot.js:601:23)
[   11656ms] ReferenceError: t is not defined
    at animate (http://localhost:8123/mascot/mascot.js:601:23)
[   11664ms] ReferenceError: t is not defined
    at animate (http://localhost:8123/mascot/mascot.js:601:23)
[   11673ms] ReferenceError: t is not defined
    at animate (http://localhost:8123/mascot/mascot.js:601:23)
[   11682ms] ReferenceError: t is not defined
    at animate (http://localhost:8123/mascot/mascot.js:601:23)
[   11690ms] ReferenceError: t is not defined
    at animate (http://localhost:8123/mascot/mascot.js:601:23)
[   11698ms] ReferenceError: t is not defined
    at animate (http://localhost:8123/mascot/mascot.js:601:23)
[   11707ms] ReferenceError: t is not defined
    at animate (http://localhost:8123/mascot/mascot.js:601:23)
[   11716ms] ReferenceError: t is not defined
    at animate (http://localhost:8123/mascot/mascot.js:601:23)
[   11723ms] ReferenceError: t is not defined
    at animate (http://localhost:8123/mascot/mascot.js:601:23)
[   11731ms] ReferenceError: t is not defined
    at animate (http://localhost:8123/mascot/mascot.js:601:23)
[   11740ms] ReferenceError: t is not defined
    at animate (http://localhost:8123/mascot/mascot.js:601:23)
[   11749ms] ReferenceError: t is not defined
    at animate (http://localhost:8123/mascot/mascot.js:601:23)
[   11757ms] ReferenceError: t is not defined
    at animate (http://localhost:8123/mascot/mascot.js:601:23)
[   11765ms] ReferenceError: t is not defined
    at animate (http://localhost:8123/mascot/mascot.js:601:23)
[   11773ms] ReferenceError: t is not defined
    at animate (http://localhost:8123/mascot/mascot.js:601:23)
[   11781ms] ReferenceError: t is not defined
    at animate (http://localhost:8123/mascot/mascot.js:601:23)
[   11789ms] ReferenceError: t is not defined
    at animate (http://localhost:8123/mascot/mascot.js:601:23)
[   11798ms] ReferenceError: t is not defined
    at animate (http://localhost:8123/mascot/mascot.js:601:23)
[   11806ms] ReferenceError: t is not defined
    at animate (http://localhost:8123/mascot/mascot.js:601:23)
[   11814ms] ReferenceError: t is not defined
    at animate (http://localhost:8123/mascot/mascot.js:601:23)
[   11823ms] ReferenceError: t is not defined
    at animate (http://localhost:8123/mascot/mascot.js:601:23)
[   11831ms] ReferenceError: t is not defined
    at animate (http://localhost:8123/mascot/mascot.js:601:23)
[   11839ms] ReferenceError: t is not defined
    at animate (http://localhost:8123/mascot/mascot.js:601:23)
[   11847ms] ReferenceError: t is not defined
    at animate (http://localhost:8123/mascot/mascot.js:601:23)
[   11855ms] ReferenceError: t is not defined
    at animate (http://localhost:8123/mascot/mascot.js:601:23)
[   11864ms] ReferenceError: t is not defined
    at animate (http://localhost:8123/mascot/mascot.js:601:23)
[   11872ms] ReferenceError: t is not defined
    at animate (http://localhost:8123/mascot/mascot.js:601:23)
[   11881ms] ReferenceError: t is not defined
    at animate (http://localhost:8123/mascot/mascot.js:601:23)
[   11889ms] ReferenceError: t is not defined
    at animate (http://localhost:8123/mascot/mascot.js:601:23)
[   11898ms] ReferenceError: t is not defined
    at animate (http://localhost:8123/mascot/mascot.js:601:23)
[   11906ms] ReferenceError: t is not defined
    at animate (http://localhost:8123/mascot/mascot.js:601:23)
[   11915ms] ReferenceError: t is not defined
    at animate (http://localhost:8123/mascot/mascot.js:601:23)
[   11923ms] ReferenceError: t is not defined
    at animate (http://localhost:8123/mascot/mascot.js:601:23)
[   11931ms] ReferenceError: t is not defined
    at animate (http://localhost:8123/mascot/mascot.js:601:23)
[   11939ms] ReferenceError: t is not defined
    at animate (http://localhost:8123/mascot/mascot.js:601:23)
[   11948ms] ReferenceError: t is not defined
    at animate (http://localhost:8123/mascot/mascot.js:601:23)
[   11956ms] ReferenceError: t is not defined
    at animate (http://localhost:8123/mascot/mascot.js:601:23)
[   11965ms] ReferenceError: t is not defined
    at animate (http://localhost:8123/mascot/mascot.js:601:23)
[   11973ms] ReferenceError: t is not defined
    at animate (http://localhost:8123/mascot/mascot.js:601:23)
[   11981ms] ReferenceError: t is not defined
    at animate (http://localhost:8123/mascot/mascot.js:601:23)
[   11990ms] ReferenceError: t is not defined
    at animate (http://localhost:8123/mascot/mascot.js:601:23)
[   11998ms] ReferenceError: t is not defined
    at animate (http://localhost:8123/mascot/mascot.js:601:23)
[   12007ms] ReferenceError: t is not defined
    at animate (http://localhost:8123/mascot/mascot.js:601:23)
[   12014ms] ReferenceError: t is not defined
    at animate (http://localhost:8123/mascot/mascot.js:601:23)
[   12023ms] ReferenceError: t is not defined
    at animate (http://localhost:8123/mascot/mascot.js:601:23)
[   12031ms] ReferenceError: t is not defined
    at animate (http://localhost:8123/mascot/mascot.js:601:23)
[   12039ms] ReferenceError: t is not defined
    at animate (http://localhost:8123/mascot/mascot.js:601:23)
[   12048ms] ReferenceError: t is not defined
    at animate (http://localhost:8123/mascot/mascot.js:601:23)
[   12057ms] ReferenceError: t is not defined
    at animate (http://localhost:8123/mascot/mascot.js:601:23)
[   12065ms] ReferenceError: t is not defined
    at animate (http://localhost:8123/mascot/mascot.js:601:23)
[   12072ms] ReferenceError: t is not defined
    at animate (http://localhost:8123/mascot/mascot.js:601:23)
[   12081ms] ReferenceError: t is not defined
    at animate (http://localhost:8123/mascot/mascot.js:601:23)
[   12089ms] ReferenceError: t is not defined
    at animate (http://localhost:8123/mascot/mascot.js:601:23)
[   12098ms] ReferenceError: t is not defined
    at animate (http://localhost:8123/mascot/mascot.js:601:23)
[   12107ms] ReferenceError: t is not defined
    at animate (http://localhost:8123/mascot/mascot.js:601:23)
[   12115ms] ReferenceError: t is not defined
    at animate (http://localhost:8123/mascot/mascot.js:601:23)
[   12123ms] ReferenceError: t is not defined
    at animate (http://localhost:8123/mascot/mascot.js:601:23)
[   12131ms] ReferenceError: t is not defined
    at animate (http://localhost:8123/mascot/mascot.js:601:23)
[   12139ms] ReferenceError: t is not defined
    at animate (http://localhost:8123/mascot/mascot.js:601:23)
[   12147ms] ReferenceError: t is not defined
    at animate (http://localhost:8123/mascot/mascot.js:601:23)
[   12156ms] ReferenceError: t is not defined
    at animate (http://localhost:8123/mascot/mascot.js:601:23)
[   12164ms] ReferenceError: t is not defined
    at animate (http://localhost:8123/mascot/mascot.js:601:23)
[   12172ms] ReferenceError: t is not defined
    at animate (http://localhost:8123/mascot/mascot.js:601:23)
[   12181ms] ReferenceError: t is not defined
    at animate (http://localhost:8123/mascot/mascot.js:601:23)
[   12190ms] ReferenceError: t is not defined
    at animate (http://localhost:8123/mascot/mascot.js:601:23)
[   12198ms] ReferenceError: t is not defined
    at animate (http://localhost:8123/mascot/mascot.js:601:23)
[   12206ms] ReferenceError: t is not defined
    at animate (http://localhost:8123/mascot/mascot.js:601:23)
[   12215ms] ReferenceError: t is not defined
    at animate (http://localhost:8123/mascot/mascot.js:601:23)
[   12223ms] ReferenceError: t is not defined
    at animate (http://localhost:8123/mascot/mascot.js:601:23)
[   12231ms] ReferenceError: t is not defined
    at animate (http://localhost:8123/mascot/mascot.js:601:23)
[   12240ms] ReferenceError: t is not defined
    at animate (http://localhost:8123/mascot/mascot.js:601:23)
[   12247ms] ReferenceError: t is not defined
    at animate (http://localhost:8123/mascot/mascot.js:601:23)
[   12256ms] ReferenceError: t is not defined
    at animate (http://localhost:8123/mascot/mascot.js:601:23)
[   12265ms] ReferenceError: t is not defined
    at animate (http://localhost:8123/mascot/mascot.js:601:23)
[   12273ms] ReferenceError: t is not defined
    at animate (http://localhost:8123/mascot/mascot.js:601:23)
[   12281ms] ReferenceError: t is not defined
    at animate (http://localhost:8123/mascot/mascot.js:601:23)
[   12289ms] ReferenceError: t is not defined
    at animate (http://localhost:8123/mascot/mascot.js:601:23)
[   12298ms] ReferenceError: t is not defined
    at animate (http://localhost:8123/mascot/mascot.js:601:23)
[   12307ms] ReferenceError: t is not defined
    at animate (http://localhost:8123/mascot/mascot.js:601:23)
[   12330ms] ReferenceError: t is not defined
    at animate (http://localhost:8123/mascot/mascot.js:601:23)
[   12330ms] ReferenceError: t is not defined
    at animate (http://localhost:8123/mascot/mascot.js:601:23)
[   12331ms] ReferenceError: t is not defined
    at animate (http://localhost:8123/mascot/mascot.js:601:23)
[   12348ms] ReferenceError: t is not defined
    at animate (http://localhost:8123/mascot/mascot.js:601:23)
[   12349ms] ReferenceError: t is not defined
    at animate (http://localhost:8123/mascot/mascot.js:601:23)
[   12367ms] ReferenceError: t is not defined
    at animate (http://localhost:8123/mascot/mascot.js:601:23)
[   12368ms] ReferenceError: t is not defined
    at animate (http://localhost:8123/mascot/mascot.js:601:23)
[   12374ms] ReferenceError: t is not defined
    at animate (http://localhost:8123/mascot/mascot.js:601:23)
[   12381ms] ReferenceError: t is not defined
    at animate (http://localhost:8123/mascot/mascot.js:601:23)
[   12389ms] ReferenceError: t is not defined
    at animate (http://localhost:8123/mascot/mascot.js:601:23)
[   12397ms] ReferenceError: t is not defined
    at animate (http://localhost:8123/mascot/mascot.js:601:23)
[   12406ms] ReferenceError: t is not defined
    at animate (http://localhost:8123/mascot/mascot.js:601:23)
[   12414ms] ReferenceError: t is not defined
    at animate (http://localhost:8123/mascot/mascot.js:601:23)
[   12422ms] ReferenceError: t is not defined
    at animate (http://localhost:8123/mascot/mascot.js:601:23)
[   12430ms] ReferenceError: t is not defined
    at animate (http://localhost:8123/mascot/mascot.js:601:23)
[   12439ms] ReferenceError: t is not defined
    at animate (http://localhost:8123/mascot/mascot.js:601:23)
[   12447ms] ReferenceError: t is not defined
    at animate (http://localhost:8123/mascot/mascot.js:601:23)
[   12455ms] ReferenceError: t is not defined
    at animate (http://localhost:8123/mascot/mascot.js:601:23)
[   12464ms] ReferenceError: t is not defined
    at animate (http://localhost:8123/mascot/mascot.js:601:23)
[   12472ms] ReferenceError: t is not defined
    at animate (http://localhost:8123/mascot/mascot.js:601:23)
[   12481ms] ReferenceError: t is not defined
    at animate (http://localhost:8123/mascot/mascot.js:601:23)
[   12489ms] ReferenceError: t is not defined
    at animate (http://localhost:8123/mascot/mascot.js:601:23)
[   12497ms] ReferenceError: t is not defined
    at animate (http://localhost:8123/mascot/mascot.js:601:23)
[   12505ms] ReferenceError: t is not defined
    at animate (http://localhost:8123/mascot/mascot.js:601:23)
[   12514ms] ReferenceError: t is not defined
    at animate (http://localhost:8123/mascot/mascot.js:601:23)
[   12522ms] ReferenceError: t is not defined
    at animate (http://localhost:8123/mascot/mascot.js:601:23)
[   12530ms] ReferenceError: t is not defined
    at animate (http://localhost:8123/mascot/mascot.js:601:23)
[   12539ms] ReferenceError: t is not defined
    at animate (http://localhost:8123/mascot/mascot.js:601:23)
[   12547ms] ReferenceError: t is not defined
    at animate (http://localhost:8123/mascot/mascot.js:601:23)
[   12555ms] ReferenceError: t is not defined
    at animate (http://localhost:8123/mascot/mascot.js:601:23)
[   12564ms] ReferenceError: t is not defined
    at animate (http://localhost:8123/mascot/mascot.js:601:23)
[   12572ms] ReferenceError: t is not defined
    at animate (http://localhost:8123/mascot/mascot.js:601:23)
[   12581ms] ReferenceError: t is not defined
    at animate (http://localhost:8123/mascot/mascot.js:601:23)
[   12589ms] ReferenceError: t is not defined
    at animate (http://localhost:8123/mascot/mascot.js:601:23)
[   12598ms] ReferenceError: t is not defined
    at animate (http://localhost:8123/mascot/mascot.js:601:23)
[   12606ms] ReferenceError: t is not defined
    at animate (http://localhost:8123/mascot/mascot.js:601:23)
[   12614ms] ReferenceError: t is not defined
    at animate (http://localhost:8123/mascot/mascot.js:601:23)
[   12622ms] ReferenceError: t is not defined
    at animate (http://localhost:8123/mascot/mascot.js:601:23)
[   12631ms] ReferenceError: t is not defined
    at animate (http://localhost:8123/mascot/mascot.js:601:23)
[   12640ms] ReferenceError: t is not defined
    at animate (http://localhost:8123/mascot/mascot.js:601:23)
[   12648ms] ReferenceError: t is not defined
    at animate (http://localhost:8123/mascot/mascot.js:601:23)
[   12656ms] ReferenceError: t is not defined
    at animate (http://localhost:8123/mascot/mascot.js:601:23)
[   12665ms] ReferenceError: t is not defined
    at animate (http://localhost:8123/mascot/mascot.js:601:23)
[   12672ms] ReferenceError: t is not defined
    at animate (http://localhost:8123/mascot/mascot.js:601:23)
[   12681ms] ReferenceError: t is not defined
    at animate (http://localhost:8123/mascot/mascot.js:601:23)
[   12690ms] ReferenceError: t is not defined
    at animate (http://localhost:8123/mascot/mascot.js:601:23)
[   12698ms] ReferenceError: t is not defined
    at animate (http://localhost:8123/mascot/mascot.js:601:23)
[   12706ms] ReferenceError: t is not defined
    at animate (http://localhost:8123/mascot/mascot.js:601:23)
[   12715ms] ReferenceError: t is not defined
    at animate (http://localhost:8123/mascot/mascot.js:601:23)
[   12723ms] ReferenceError: t is not defined
    at animate (http://localhost:8123/mascot/mascot.js:601:23)
[   12731ms] ReferenceError: t is not defined
    at animate (http://localhost:8123/mascot/mascot.js:601:23)
[   12740ms] ReferenceError: t is not defined
    at animate (http://localhost:8123/mascot/mascot.js:601:23)
[   12748ms] ReferenceError: t is not defined
    at animate (http://localhost:8123/mascot/mascot.js:601:23)
[   12756ms] ReferenceError: t is not defined
    at animate (http://localhost:8123/mascot/mascot.js:601:23)
[   12764ms] ReferenceError: t is not defined
    at animate (http://localhost:8123/mascot/mascot.js:601:23)
[   12774ms] ReferenceError: t is not defined
    at animate (http://localhost:8123/mascot/mascot.js:601:23)
[   12781ms] ReferenceError: t is not defined
    at animate (http://localhost:8123/mascot/mascot.js:601:23)
[   12790ms] ReferenceError: t is not defined
    at animate (http://localhost:8123/mascot/mascot.js:601:23)
[   12798ms] ReferenceError: t is not defined
    at animate (http://localhost:8123/mascot/mascot.js:601:23)
[   12806ms] ReferenceError: t is not defined
    at animate (http://localhost:8123/mascot/mascot.js:601:23)
[   12815ms] ReferenceError: t is not defined
    at animate (http://localhost:8123/mascot/mascot.js:601:23)
[   12823ms] ReferenceError: t is not defined
    at animate (http://localhost:8123/mascot/mascot.js:601:23)
[   12831ms] ReferenceError: t is not defined
    at animate (http://localhost:8123/mascot/mascot.js:601:23)
[   12839ms] ReferenceError: t is not defined
    at animate (http://localhost:8123/mascot/mascot.js:601:23)
[   12848ms] ReferenceError: t is not defined
    at animate (http://localhost:8123/mascot/mascot.js:601:23)
[   12856ms] ReferenceError: t is not defined
    at animate (http://localhost:8123/mascot/mascot.js:601:23)
[   12865ms] ReferenceError: t is not defined
    at animate (http://localhost:8123/mascot/mascot.js:601:23)
[   12873ms] ReferenceError: t is not defined
    at animate (http://localhost:8123/mascot/mascot.js:601:23)
[   12881ms] ReferenceError: t is not defined
    at animate (http://localhost:8123/mascot/mascot.js:601:23)
[   12889ms] ReferenceError: t is not defined
    at animate (http://localhost:8123/mascot/mascot.js:601:23)
[   12898ms] ReferenceError: t is not defined
    at animate (http://localhost:8123/mascot/mascot.js:601:23)
[   12906ms] ReferenceError: t is not defined
    at animate (http://localhost:8123/mascot/mascot.js:601:23)
[   12914ms] ReferenceError: t is not defined
    at animate (http://localhost:8123/mascot/mascot.js:601:23)
[   12922ms] ReferenceError: t is not defined
    at animate (http://localhost:8123/mascot/mascot.js:601:23)
[   12931ms] ReferenceError: t is not defined
    at animate (http://localhost:8123/mascot/mascot.js:601:23)
[   12939ms] ReferenceError: t is not defined
    at animate (http://localhost:8123/mascot/mascot.js:601:23)
[   12948ms] ReferenceError: t is not defined
    at animate (http://localhost:8123/mascot/mascot.js:601:23)
[   12957ms] ReferenceError: t is not defined
    at animate (http://localhost:8123/mascot/mascot.js:601:23)
[   12965ms] ReferenceError: t is not defined
    at animate (http://localhost:8123/mascot/mascot.js:601:23)
[   12972ms] ReferenceError: t is not defined
    at animate (http://localhost:8123/mascot/mascot.js:601:23)
[   12981ms] ReferenceError: t is not defined
    at animate (http://localhost:8123/mascot/mascot.js:601:23)
[   12989ms] ReferenceError: t is not defined
    at animate (http://localhost:8123/mascot/mascot.js:601:23)
[   12998ms] ReferenceError: t is not defined
    at animate (http://localhost:8123/mascot/mascot.js:601:23)
[   13006ms] ReferenceError: t is not defined
    at animate (http://localhost:8123/mascot/mascot.js:601:23)
[   13014ms] ReferenceError: t is not defined
    at animate (http://localhost:8123/mascot/mascot.js:601:23)
[   13023ms] ReferenceError: t is not defined
    at animate (http://localhost:8123/mascot/mascot.js:601:23)
[   13032ms] ReferenceError: t is not defined
    at animate (http://localhost:8123/mascot/mascot.js:601:23)
[   13039ms] ReferenceError: t is not defined
    at animate (http://localhost:8123/mascot/mascot.js:601:23)
[   13048ms] ReferenceError: t is not defined
    at animate (http://localhost:8123/mascot/mascot.js:601:23)
[   13057ms] ReferenceError: t is not defined
    at animate (http://localhost:8123/mascot/mascot.js:601:23)
[   13066ms] ReferenceError: t is not defined
    at animate (http://localhost:8123/mascot/mascot.js:601:23)
[   13073ms] ReferenceError: t is not defined
    at animate (http://localhost:8123/mascot/mascot.js:601:23)
[   13082ms] ReferenceError: t is not defined
    at animate (http://localhost:8123/mascot/mascot.js:601:23)
[   13090ms] ReferenceError: t is not defined
    at animate (http://localhost:8123/mascot/mascot.js:601:23)
[   13098ms] ReferenceError: t is not defined
    at animate (http://localhost:8123/mascot/mascot.js:601:23)
[   13106ms] ReferenceError: t is not defined
    at animate (http://localhost:8123/mascot/mascot.js:601:23)
[   13115ms] ReferenceError: t is not defined
    at animate (http://localhost:8123/mascot/mascot.js:601:23)
[   13123ms] ReferenceError: t is not defined
    at animate (http://localhost:8123/mascot/mascot.js:601:23)
[   13131ms] ReferenceError: t is not defined
    at animate (http://localhost:8123/mascot/mascot.js:601:23)
[   13139ms] ReferenceError: t is not defined
    at animate (http://localhost:8123/mascot/mascot.js:601:23)
[   13148ms] ReferenceError: t is not defined
    at animate (http://localhost:8123/mascot/mascot.js:601:23)
[   13156ms] ReferenceError: t is not defined
    at animate (http://localhost:8123/mascot/mascot.js:601:23)
[   13165ms] ReferenceError: t is not defined
    at animate (http://localhost:8123/mascot/mascot.js:601:23)
[   13173ms] ReferenceError: t is not defined
    at animate (http://localhost:8123/mascot/mascot.js:601:23)
[   13181ms] ReferenceError: t is not defined
    at animate (http://localhost:8123/mascot/mascot.js:601:23)
[   13191ms] ReferenceError: t is not defined
    at animate (http://localhost:8123/mascot/mascot.js:601:23)
[   13198ms] ReferenceError: t is not defined
    at animate (http://localhost:8123/mascot/mascot.js:601:23)
[   13207ms] ReferenceError: t is not defined
    at animate (http://localhost:8123/mascot/mascot.js:601:23)
[   13215ms] ReferenceError: t is not defined
    at animate (http://localhost:8123/mascot/mascot.js:601:23)
[   13224ms] ReferenceError: t is not defined
    at animate (http://localhost:8123/mascot/mascot.js:601:23)
[   13232ms] ReferenceError: t is not defined
    at animate (http://localhost:8123/mascot/mascot.js:601:23)
[   13241ms] ReferenceError: t is not defined
    at animate (http://localhost:8123/mascot/mascot.js:601:23)
[   13249ms] ReferenceError: t is not defined
    at animate (http://localhost:8123/mascot/mascot.js:601:23)
[   13256ms] ReferenceError: t is not defined
    at animate (http://localhost:8123/mascot/mascot.js:601:23)
[   13265ms] ReferenceError: t is not defined
    at animate (http://localhost:8123/mascot/mascot.js:601:23)
[   13274ms] ReferenceError: t is not defined
    at animate (http://localhost:8123/mascot/mascot.js:601:23)
[   13282ms] ReferenceError: t is not defined
    at animate (http://localhost:8123/mascot/mascot.js:601:23)
[   13290ms] ReferenceError: t is not defined
    at animate (http://localhost:8123/mascot/mascot.js:601:23)
[   13299ms] ReferenceError: t is not defined
    at animate (http://localhost:8123/mascot/mascot.js:601:23)
[   13307ms] ReferenceError: t is not defined
    at animate (http://localhost:8123/mascot/mascot.js:601:23)
[   13315ms] ReferenceError: t is not defined
    at animate (http://localhost:8123/mascot/mascot.js:601:23)
[   13324ms] ReferenceError: t is not defined
    at animate (http://localhost:8123/mascot/mascot.js:601:23)
[   13331ms] ReferenceError: t is not defined
    at animate (http://localhost:8123/mascot/mascot.js:601:23)
[   13339ms] ReferenceError: t is not defined
    at animate (http://localhost:8123/mascot/mascot.js:601:23)
[   13348ms] ReferenceError: t is not defined
    at animate (http://localhost:8123/mascot/mascot.js:601:23)
[   13356ms] ReferenceError: t is not defined
    at animate (http://localhost:8123/mascot/mascot.js:601:23)
[   13365ms] ReferenceError: t is not defined
    at animate (http://localhost:8123/mascot/mascot.js:601:23)
[   13374ms] ReferenceError: t is not defined
    at animate (http://localhost:8123/mascot/mascot.js:601:23)
[   13382ms] ReferenceError: t is not defined
    at animate (http://localhost:8123/mascot/mascot.js:601:23)
[   13390ms] ReferenceError: t is not defined
    at animate (http://localhost:8123/mascot/mascot.js:601:23)
[   13398ms] ReferenceError: t is not defined
    at animate (http://localhost:8123/mascot/mascot.js:601:23)
[   13406ms] ReferenceError: t is not defined
    at animate (http://localhost:8123/mascot/mascot.js:601:23)
[   13414ms] ReferenceError: t is not defined
    at animate (http://localhost:8123/mascot/mascot.js:601:23)
[   13423ms] ReferenceError: t is not defined
    at animate (http://localhost:8123/mascot/mascot.js:601:23)
[   13431ms] ReferenceError: t is not defined
    at animate (http://localhost:8123/mascot/mascot.js:601:23)
[   13439ms] ReferenceError: t is not defined
    at animate (http://localhost:8123/mascot/mascot.js:601:23)
[   13447ms] ReferenceError: t is not defined
    at animate (http://localhost:8123/mascot/mascot.js:601:23)
[   13456ms] ReferenceError: t is not defined
    at animate (http://localhost:8123/mascot/mascot.js:601:23)
[   13464ms] ReferenceError: t is not defined
    at animate (http://localhost:8123/mascot/mascot.js:601:23)
[   13472ms] ReferenceError: t is not defined
    at animate (http://localhost:8123/mascot/mascot.js:601:23)
[   13480ms] ReferenceError: t is not defined
    at animate (http://localhost:8123/mascot/mascot.js:601:23)
[   13489ms] ReferenceError: t is not defined
    at animate (http://localhost:8123/mascot/mascot.js:601:23)
[   13497ms] ReferenceError: t is not defined
    at animate (http://localhost:8123/mascot/mascot.js:601:23)
[   13505ms] ReferenceError: t is not defined
    at animate (http://localhost:8123/mascot/mascot.js:601:23)
[   13515ms] ReferenceError: t is not defined
    at animate (http://localhost:8123/mascot/mascot.js:601:23)
[   13522ms] ReferenceError: t is not defined
    at animate (http://localhost:8123/mascot/mascot.js:601:23)
[   13530ms] ReferenceError: t is not defined
    at animate (http://localhost:8123/mascot/mascot.js:601:23)
[   13539ms] ReferenceError: t is not defined
    at animate (http://localhost:8123/mascot/mascot.js:601:23)
[   13547ms] ReferenceError: t is not defined
    at animate (http://localhost:8123/mascot/mascot.js:601:23)
[   13556ms] ReferenceError: t is not defined
    at animate (http://localhost:8123/mascot/mascot.js:601:23)
[   13564ms] ReferenceError: t is not defined
    at animate (http://localhost:8123/mascot/mascot.js:601:23)
[   13572ms] ReferenceError: t is not defined
    at animate (http://localhost:8123/mascot/mascot.js:601:23)
[   13581ms] ReferenceError: t is not defined
    at animate (http://localhost:8123/mascot/mascot.js:601:23)
[   13588ms] ReferenceError: t is not defined
    at animate (http://localhost:8123/mascot/mascot.js:601:23)
[   13597ms] ReferenceError: t is not defined
    at animate (http://localhost:8123/mascot/mascot.js:601:23)
[   13605ms] ReferenceError: t is not defined
    at animate (http://localhost:8123/mascot/mascot.js:601:23)
[   13614ms] ReferenceError: t is not defined
    at animate (http://localhost:8123/mascot/mascot.js:601:23)
[   13623ms] ReferenceError: t is not defined
    at animate (http://localhost:8123/mascot/mascot.js:601:23)
[   13631ms] ReferenceError: t is not defined
    at animate (http://localhost:8123/mascot/mascot.js:601:23)
[   13639ms] ReferenceError: t is not defined
    at animate (http://localhost:8123/mascot/mascot.js:601:23)
[   13648ms] ReferenceError: t is not defined
    at animate (http://localhost:8123/mascot/mascot.js:601:23)
[   13656ms] ReferenceError: t is not defined
    at animate (http://localhost:8123/mascot/mascot.js:601:23)
[   13664ms] ReferenceError: t is not defined
    at animate (http://localhost:8123/mascot/mascot.js:601:23)
[   13672ms] ReferenceError: t is not defined
    at animate (http://localhost:8123/mascot/mascot.js:601:23)
[   13682ms] ReferenceError: t is not defined
    at animate (http://localhost:8123/mascot/mascot.js:601:23)
[   13690ms] ReferenceError: t is not defined
    at animate (http://localhost:8123/mascot/mascot.js:601:23)
[   13699ms] ReferenceError: t is not defined
    at animate (http://localhost:8123/mascot/mascot.js:601:23)
[   13706ms] ReferenceError: t is not defined
    at animate (http://localhost:8123/mascot/mascot.js:601:23)
[   13714ms] ReferenceError: t is not defined
    at animate (http://localhost:8123/mascot/mascot.js:601:23)
[   13723ms] ReferenceError: t is not defined
    at animate (http://localhost:8123/mascot/mascot.js:601:23)
[   13731ms] ReferenceError: t is not defined
    at animate (http://localhost:8123/mascot/mascot.js:601:23)
[   13740ms] ReferenceError: t is not defined
    at animate (http://localhost:8123/mascot/mascot.js:601:23)
[   13748ms] ReferenceError: t is not defined
    at animate (http://localhost:8123/mascot/mascot.js:601:23)
[   13756ms] ReferenceError: t is not defined
    at animate (http://localhost:8123/mascot/mascot.js:601:23)
[   13765ms] ReferenceError: t is not defined
    at animate (http://localhost:8123/mascot/mascot.js:601:23)
[   13773ms] ReferenceError: t is not defined
    at animate (http://localhost:8123/mascot/mascot.js:601:23)
[   13781ms] ReferenceError: t is not defined
    at animate (http://localhost:8123/mascot/mascot.js:601:23)
[   13790ms] ReferenceError: t is not defined
    at animate (http://localhost:8123/mascot/mascot.js:601:23)
[   13798ms] ReferenceError: t is not defined
    at animate (http://localhost:8123/mascot/mascot.js:601:23)
[   13807ms] ReferenceError: t is not defined
    at animate (http://localhost:8123/mascot/mascot.js:601:23)
[   13815ms] ReferenceError: t is not defined
    at animate (http://localhost:8123/mascot/mascot.js:601:23)
[   13823ms] ReferenceError: t is not defined
    at animate (http://localhost:8123/mascot/mascot.js:601:23)
[   13831ms] ReferenceError: t is not defined
    at animate (http://localhost:8123/mascot/mascot.js:601:23)
[   13839ms] ReferenceError: t is not defined
    at animate (http://localhost:8123/mascot/mascot.js:601:23)
[   13848ms] ReferenceError: t is not defined
    at animate (http://localhost:8123/mascot/mascot.js:601:23)
[   13856ms] ReferenceError: t is not defined
    at animate (http://localhost:8123/mascot/mascot.js:601:23)
[   13864ms] ReferenceError: t is not defined
    at animate (http://localhost:8123/mascot/mascot.js:601:23)
[   13873ms] ReferenceError: t is not defined
    at animate (http://localhost:8123/mascot/mascot.js:601:23)
[   13881ms] ReferenceError: t is not defined
    at animate (http://localhost:8123/mascot/mascot.js:601:23)
[   13891ms] ReferenceError: t is not defined
    at animate (http://localhost:8123/mascot/mascot.js:601:23)
[   13898ms] ReferenceError: t is not defined
    at animate (http://localhost:8123/mascot/mascot.js:601:23)
[   13909ms] ReferenceError: t is not defined
    at animate (http://localhost:8123/mascot/mascot.js:601:23)
[   13915ms] ReferenceError: t is not defined
    at animate (http://localhost:8123/mascot/mascot.js:601:23)
[   13927ms] ReferenceError: t is not defined
    at animate (http://localhost:8123/mascot/mascot.js:601:23)
[   13931ms] ReferenceError: t is not defined
    at animate (http://localhost:8123/mascot/mascot.js:601:23)
[   13939ms] ReferenceError: t is not defined
    at animate (http://localhost:8123/mascot/mascot.js:601:23)
[   13947ms] ReferenceError: t is not defined
    at animate (http://localhost:8123/mascot/mascot.js:601:23)
[   13955ms] ReferenceError: t is not defined
    at animate (http://localhost:8123/mascot/mascot.js:601:23)
[   13964ms] ReferenceError: t is not defined
    at animate (http://localhost:8123/mascot/mascot.js:601:23)
[   13972ms] ReferenceError: t is not defined
    at animate (http://localhost:8123/mascot/mascot.js:601:23)
[   13980ms] ReferenceError: t is not defined
    at animate (http://localhost:8123/mascot/mascot.js:601:23)
[   13989ms] ReferenceError: t is not defined
    at animate (http://localhost:8123/mascot/mascot.js:601:23)
[   13997ms] ReferenceError: t is not defined
    at animate (http://localhost:8123/mascot/mascot.js:601:23)
[   14005ms] ReferenceError: t is not defined
    at animate (http://localhost:8123/mascot/mascot.js:601:23)
[   14014ms] ReferenceError: t is not defined
    at animate (http://localhost:8123/mascot/mascot.js:601:23)
[   14022ms] ReferenceError: t is not defined
    at animate (http://localhost:8123/mascot/mascot.js:601:23)
[   14030ms] ReferenceError: t is not defined
    at animate (http://localhost:8123/mascot/mascot.js:601:23)
[   14039ms] ReferenceError: t is not defined
    at animate (http://localhost:8123/mascot/mascot.js:601:23)
[   14047ms] ReferenceError: t is not defined
    at animate (http://localhost:8123/mascot/mascot.js:601:23)
[   14055ms] ReferenceError: t is not defined
    at animate (http://localhost:8123/mascot/mascot.js:601:23)
[   14064ms] ReferenceError: t is not defined
    at animate (http://localhost:8123/mascot/mascot.js:601:23)
[   14072ms] ReferenceError: t is not defined
    at animate (http://localhost:8123/mascot/mascot.js:601:23)
[   14080ms] ReferenceError: t is not defined
    at animate (http://localhost:8123/mascot/mascot.js:601:23)
[   14089ms] ReferenceError: t is not defined
    at animate (http://localhost:8123/mascot/mascot.js:601:23)
[   14097ms] ReferenceError: t is not defined
    at animate (http://localhost:8123/mascot/mascot.js:601:23)
[   14105ms] ReferenceError: t is not defined
    at animate (http://localhost:8123/mascot/mascot.js:601:23)
[   14114ms] ReferenceError: t is not defined
    at animate (http://localhost:8123/mascot/mascot.js:601:23)
[   14122ms] ReferenceError: t is not defined
    at animate (http://localhost:8123/mascot/mascot.js:601:23)
[   14131ms] ReferenceError: t is not defined
    at animate (http://localhost:8123/mascot/mascot.js:601:23)
[   14139ms] ReferenceError: t is not defined
    at animate (http://localhost:8123/mascot/mascot.js:601:23)
[   14148ms] ReferenceError: t is not defined
    at animate (http://localhost:8123/mascot/mascot.js:601:23)
[   14156ms] ReferenceError: t is not defined
    at animate (http://localhost:8123/mascot/mascot.js:601:23)
[   14165ms] ReferenceError: t is not defined
    at animate (http://localhost:8123/mascot/mascot.js:601:23)
[   14174ms] ReferenceError: t is not defined
    at animate (http://localhost:8123/mascot/mascot.js:601:23)
[   14181ms] ReferenceError: t is not defined
    at animate (http://localhost:8123/mascot/mascot.js:601:23)
[   14189ms] ReferenceError: t is not defined
    at animate (http://localhost:8123/mascot/mascot.js:601:23)
[   14198ms] ReferenceError: t is not defined
    at animate (http://localhost:8123/mascot/mascot.js:601:23)
[   14206ms] ReferenceError: t is not defined
    at animate (http://localhost:8123/mascot/mascot.js:601:23)
[   14215ms] ReferenceError: t is not defined
    at animate (http://localhost:8123/mascot/mascot.js:601:23)
[   14223ms] ReferenceError: t is not defined
    at animate (http://localhost:8123/mascot/mascot.js:601:23)
[   14232ms] ReferenceError: t is not defined
    at animate (http://localhost:8123/mascot/mascot.js:601:23)
[   14240ms] ReferenceError: t is not defined
    at animate (http://localhost:8123/mascot/mascot.js:601:23)
[   14248ms] ReferenceError: t is not defined
    at animate (http://localhost:8123/mascot/mascot.js:601:23)
[   14257ms] ReferenceError: t is not defined
    at animate (http://localhost:8123/mascot/mascot.js:601:23)
[   14264ms] ReferenceError: t is not defined
    at animate (http://localhost:8123/mascot/mascot.js:601:23)
[   14274ms] ReferenceError: t is not defined
    at animate (http://localhost:8123/mascot/mascot.js:601:23)
[   14283ms] ReferenceError: t is not defined
    at animate (http://localhost:8123/mascot/mascot.js:601:23)
[   14290ms] ReferenceError: t is not defined
    at animate (http://localhost:8123/mascot/mascot.js:601:23)
[   14298ms] ReferenceError: t is not defined
    at animate (http://localhost:8123/mascot/mascot.js:601:23)
[   14306ms] ReferenceError: t is not defined
    at animate (http://localhost:8123/mascot/mascot.js:601:23)
[   14315ms] ReferenceError: t is not defined
    at animate (http://localhost:8123/mascot/mascot.js:601:23)
[   14324ms] ReferenceError: t is not defined
    at animate (http://localhost:8123/mascot/mascot.js:601:23)
[   14332ms] ReferenceError: t is not defined
    at animate (http://localhost:8123/mascot/mascot.js:601:23)
[   14340ms] ReferenceError: t is not defined
    at animate (http://localhost:8123/mascot/mascot.js:601:23)
[   14349ms] ReferenceError: t is not defined
    at animate (http://localhost:8123/mascot/mascot.js:601:23)
[   14356ms] ReferenceError: t is not defined
    at animate (http://localhost:8123/mascot/mascot.js:601:23)
[   14364ms] ReferenceError: t is not defined
    at animate (http://localhost:8123/mascot/mascot.js:601:23)
[   14373ms] ReferenceError: t is not defined
    at animate (http://localhost:8123/mascot/mascot.js:601:23)
[   14381ms] ReferenceError: t is not defined
    at animate (http://localhost:8123/mascot/mascot.js:601:23)
[   14390ms] ReferenceError: t is not defined
    at animate (http://localhost:8123/mascot/mascot.js:601:23)
[   14398ms] ReferenceError: t is not defined
    at animate (http://localhost:8123/mascot/mascot.js:601:23)
[   14406ms] ReferenceError: t is not defined
    at animate (http://localhost:8123/mascot/mascot.js:601:23)
[   14415ms] ReferenceError: t is not defined
    at animate (http://localhost:8123/mascot/mascot.js:601:23)
[   14423ms] ReferenceError: t is not defined
    at animate (http://localhost:8123/mascot/mascot.js:601:23)
[   14431ms] ReferenceError: t is not defined
    at animate (http://localhost:8123/mascot/mascot.js:601:23)
[   14439ms] ReferenceError: t is not defined
    at animate (http://localhost:8123/mascot/mascot.js:601:23)
[   14448ms] ReferenceError: t is not defined
    at animate (http://localhost:8123/mascot/mascot.js:601:23)
[   14456ms] ReferenceError: t is not defined
    at animate (http://localhost:8123/mascot/mascot.js:601:23)
[   14464ms] ReferenceError: t is not defined
    at animate (http://localhost:8123/mascot/mascot.js:601:23)
[   14473ms] ReferenceError: t is not defined
    at animate (http://localhost:8123/mascot/mascot.js:601:23)
[   14481ms] ReferenceError: t is not defined
    at animate (http://localhost:8123/mascot/mascot.js:601:23)
[   14490ms] ReferenceError: t is not defined
    at animate (http://localhost:8123/mascot/mascot.js:601:23)
[   14498ms] ReferenceError: t is not defined
    at animate (http://localhost:8123/mascot/mascot.js:601:23)
[   14507ms] ReferenceError: t is not defined
    at animate (http://localhost:8123/mascot/mascot.js:601:23)
[   14514ms] ReferenceError: t is not defined
    at animate (http://localhost:8123/mascot/mascot.js:601:23)
[   14523ms] ReferenceError: t is not defined
    at animate (http://localhost:8123/mascot/mascot.js:601:23)
[   14531ms] ReferenceError: t is not defined
    at animate (http://localhost:8123/mascot/mascot.js:601:23)
[   14540ms] ReferenceError: t is not defined
    at animate (http://localhost:8123/mascot/mascot.js:601:23)
[   14548ms] ReferenceError: t is not defined
    at animate (http://localhost:8123/mascot/mascot.js:601:23)
[   14557ms] ReferenceError: t is not defined
    at animate (http://localhost:8123/mascot/mascot.js:601:23)
[   14565ms] ReferenceError: t is not defined
    at animate (http://localhost:8123/mascot/mascot.js:601:23)
[   14574ms] ReferenceError: t is not defined
    at animate (http://localhost:8123/mascot/mascot.js:601:23)
[   14582ms] ReferenceError: t is not defined
    at animate (http://localhost:8123/mascot/mascot.js:601:23)
[   14590ms] ReferenceError: t is not defined
    at animate (http://localhost:8123/mascot/mascot.js:601:23)
[   14599ms] ReferenceError: t is not defined
    at animate (http://localhost:8123/mascot/mascot.js:601:23)
[   14607ms] ReferenceError: t is not defined
    at animate (http://localhost:8123/mascot/mascot.js:601:23)
[   14614ms] ReferenceError: t is not defined
    at animate (http://localhost:8123/mascot/mascot.js:601:23)
[   14623ms] ReferenceError: t is not defined
    at animate (http://localhost:8123/mascot/mascot.js:601:23)
[   14632ms] ReferenceError: t is not defined
    at animate (http://localhost:8123/mascot/mascot.js:601:23)
[   14639ms] ReferenceError: t is not defined
    at animate (http://localhost:8123/mascot/mascot.js:601:23)
[   14648ms] ReferenceError: t is not defined
    at animate (http://localhost:8123/mascot/mascot.js:601:23)
[   14656ms] ReferenceError: t is not defined
    at animate (http://localhost:8123/mascot/mascot.js:601:23)
[   14665ms] ReferenceError: t is not defined
    at animate (http://localhost:8123/mascot/mascot.js:601:23)
[   14673ms] ReferenceError: t is not defined
    at animate (http://localhost:8123/mascot/mascot.js:601:23)
[   14682ms] ReferenceError: t is not defined
    at animate (http://localhost:8123/mascot/mascot.js:601:23)
[   14690ms] ReferenceError: t is not defined
    at animate (http://localhost:8123/mascot/mascot.js:601:23)
[   14698ms] ReferenceError: t is not defined
    at animate (http://localhost:8123/mascot/mascot.js:601:23)
[   14707ms] ReferenceError: t is not defined
    at animate (http://localhost:8123/mascot/mascot.js:601:23)
[   14715ms] ReferenceError: t is not defined
    at animate (http://localhost:8123/mascot/mascot.js:601:23)
[   14723ms] ReferenceError: t is not defined
    at animate (http://localhost:8123/mascot/mascot.js:601:23)
[   14731ms] ReferenceError: t is not defined
    at animate (http://localhost:8123/mascot/mascot.js:601:23)
[   14741ms] ReferenceError: t is not defined
    at animate (http://localhost:8123/mascot/mascot.js:601:23)
[   14748ms] ReferenceError: t is not defined
    at animate (http://localhost:8123/mascot/mascot.js:601:23)
[   14756ms] ReferenceError: t is not defined
    at animate (http://localhost:8123/mascot/mascot.js:601:23)
[   14765ms] ReferenceError: t is not defined
    at animate (http://localhost:8123/mascot/mascot.js:601:23)
[   14773ms] ReferenceError: t is not defined
    at animate (http://localhost:8123/mascot/mascot.js:601:23)
[   14782ms] ReferenceError: t is not defined
    at animate (http://localhost:8123/mascot/mascot.js:601:23)
[   14790ms] ReferenceError: t is not defined
    at animate (http://localhost:8123/mascot/mascot.js:601:23)
[   14798ms] ReferenceError: t is not defined
    at animate (http://localhost:8123/mascot/mascot.js:601:23)
[   14806ms] ReferenceError: t is not defined
    at animate (http://localhost:8123/mascot/mascot.js:601:23)
[   14815ms] ReferenceError: t is not defined
    at animate (http://localhost:8123/mascot/mascot.js:601:23)
[   14823ms] ReferenceError: t is not defined
    at animate (http://localhost:8123/mascot/mascot.js:601:23)
[   14831ms] ReferenceError: t is not defined
    at animate (http://localhost:8123/mascot/mascot.js:601:23)
[   14840ms] ReferenceError: t is not defined
    at animate (http://localhost:8123/mascot/mascot.js:601:23)
[   14848ms] ReferenceError: t is not defined
    at animate (http://localhost:8123/mascot/mascot.js:601:23)
[   14857ms] ReferenceError: t is not defined
    at animate (http://localhost:8123/mascot/mascot.js:601:23)
[   14864ms] ReferenceError: t is not defined
    at animate (http://localhost:8123/mascot/mascot.js:601:23)
[   14872ms] ReferenceError: t is not defined
    at animate (http://localhost:8123/mascot/mascot.js:601:23)
[   14881ms] ReferenceError: t is not defined
    at animate (http://localhost:8123/mascot/mascot.js:601:23)
[   14889ms] ReferenceError: t is not defined
    at animate (http://localhost:8123/mascot/mascot.js:601:23)
[   14898ms] ReferenceError: t is not defined
    at animate (http://localhost:8123/mascot/mascot.js:601:23)
[   14906ms] ReferenceError: t is not defined
    at animate (http://localhost:8123/mascot/mascot.js:601:23)
[   14914ms] ReferenceError: t is not defined
    at animate (http://localhost:8123/mascot/mascot.js:601:23)
[   14928ms] ReferenceError: t is not defined
    at animate (http://localhost:8123/mascot/mascot.js:601:23)
[   14931ms] ReferenceError: t is not defined
    at animate (http://localhost:8123/mascot/mascot.js:601:23)
[   14940ms] ReferenceError: t is not defined
    at animate (http://localhost:8123/mascot/mascot.js:601:23)
[   14949ms] ReferenceError: t is not defined
    at animate (http://localhost:8123/mascot/mascot.js:601:23)
[   14956ms] ReferenceError: t is not defined
    at animate (http://localhost:8123/mascot/mascot.js:601:23)
[   14965ms] ReferenceError: t is not defined
    at animate (http://localhost:8123/mascot/mascot.js:601:23)
[   14973ms] ReferenceError: t is not defined
    at animate (http://localhost:8123/mascot/mascot.js:601:23)
[   14981ms] ReferenceError: t is not defined
    at animate (http://localhost:8123/mascot/mascot.js:601:23)
[   14990ms] ReferenceError: t is not defined
    at animate (http://localhost:8123/mascot/mascot.js:601:23)
[   14997ms] ReferenceError: t is not defined
    at animate (http://localhost:8123/mascot/mascot.js:601:23)
[   15006ms] ReferenceError: t is not defined
    at animate (http://localhost:8123/mascot/mascot.js:601:23)
[   15014ms] ReferenceError: t is not defined
    at animate (http://localhost:8123/mascot/mascot.js:601:23)
[   15022ms] ReferenceError: t is not defined
    at animate (http://localhost:8123/mascot/mascot.js:601:23)
[   15031ms] ReferenceError: t is not defined
    at animate (http://localhost:8123/mascot/mascot.js:601:23)
[   15039ms] ReferenceError: t is not defined
    at animate (http://localhost:8123/mascot/mascot.js:601:23)
[   15048ms] ReferenceError: t is not defined
    at animate (http://localhost:8123/mascot/mascot.js:601:23)
[   15055ms] ReferenceError: t is not defined
    at animate (http://localhost:8123/mascot/mascot.js:601:23)
[   15064ms] ReferenceError: t is not defined
    at animate (http://localhost:8123/mascot/mascot.js:601:23)
[   15072ms] ReferenceError: t is not defined
    at animate (http://localhost:8123/mascot/mascot.js:601:23)
[   15080ms] ReferenceError: t is not defined
    at animate (http://localhost:8123/mascot/mascot.js:601:23)
[   15089ms] ReferenceError: t is not defined
    at animate (http://localhost:8123/mascot/mascot.js:601:23)
[   15097ms] ReferenceError: t is not defined
    at animate (http://localhost:8123/mascot/mascot.js:601:23)
[   15105ms] ReferenceError: t is not defined
    at animate (http://localhost:8123/mascot/mascot.js:601:23)
[   15114ms] ReferenceError: t is not defined
    at animate (http://localhost:8123/mascot/mascot.js:601:23)
[   15122ms] ReferenceError: t is not defined
    at animate (http://localhost:8123/mascot/mascot.js:601:23)
[   15130ms] ReferenceError: t is not defined
    at animate (http://localhost:8123/mascot/mascot.js:601:23)
[   15139ms] ReferenceError: t is not defined
    at animate (http://localhost:8123/mascot/mascot.js:601:23)
[   15147ms] ReferenceError: t is not defined
    at animate (http://localhost:8123/mascot/mascot.js:601:23)
[   15155ms] ReferenceError: t is not defined
    at animate (http://localhost:8123/mascot/mascot.js:601:23)
[   15164ms] ReferenceError: t is not defined
    at animate (http://localhost:8123/mascot/mascot.js:601:23)
[   15172ms] ReferenceError: t is not defined
    at animate (http://localhost:8123/mascot/mascot.js:601:23)
[   15180ms] ReferenceError: t is not defined
    at animate (http://localhost:8123/mascot/mascot.js:601:23)
[   15190ms] ReferenceError: t is not defined
    at animate (http://localhost:8123/mascot/mascot.js:601:23)
[   15198ms] ReferenceError: t is not defined
    at animate (http://localhost:8123/mascot/mascot.js:601:23)
[   15206ms] ReferenceError: t is not defined
    at animate (http://localhost:8123/mascot/mascot.js:601:23)
[   15214ms] ReferenceError: t is not defined
    at animate (http://localhost:8123/mascot/mascot.js:601:23)
[   15223ms] ReferenceError: t is not defined
    at animate (http://localhost:8123/mascot/mascot.js:601:23)
[   15231ms] ReferenceError: t is not defined
    at animate (http://localhost:8123/mascot/mascot.js:601:23)
[   15240ms] ReferenceError: t is not defined
    at animate (http://localhost:8123/mascot/mascot.js:601:23)
[   15248ms] ReferenceError: t is not defined
    at animate (http://localhost:8123/mascot/mascot.js:601:23)
[   15256ms] ReferenceError: t is not defined
    at animate (http://localhost:8123/mascot/mascot.js:601:23)
[   15265ms] ReferenceError: t is not defined
    at animate (http://localhost:8123/mascot/mascot.js:601:23)
[   15273ms] ReferenceError: t is not defined
    at animate (http://localhost:8123/mascot/mascot.js:601:23)
[   15281ms] ReferenceError: t is not defined
    at animate (http://localhost:8123/mascot/mascot.js:601:23)
[   15290ms] ReferenceError: t is not defined
    at animate (http://localhost:8123/mascot/mascot.js:601:23)
[   15298ms] ReferenceError: t is not defined
    at animate (http://localhost:8123/mascot/mascot.js:601:23)
[   15307ms] ReferenceError: t is not defined
    at animate (http://localhost:8123/mascot/mascot.js:601:23)
[   15315ms] ReferenceError: t is not defined
    at animate (http://localhost:8123/mascot/mascot.js:601:23)
[   15323ms] ReferenceError: t is not defined
    at animate (http://localhost:8123/mascot/mascot.js:601:23)
[   15331ms] ReferenceError: t is not defined
    at animate (http://localhost:8123/mascot/mascot.js:601:23)
[   15340ms] ReferenceError: t is not defined
    at animate (http://localhost:8123/mascot/mascot.js:601:23)
[   15348ms] ReferenceError: t is not defined
    at animate (http://localhost:8123/mascot/mascot.js:601:23)
[   15356ms] ReferenceError: t is not defined
    at animate (http://localhost:8123/mascot/mascot.js:601:23)
[   15365ms] ReferenceError: t is not defined
    at animate (http://localhost:8123/mascot/mascot.js:601:23)
[   15374ms] ReferenceError: t is not defined
    at animate (http://localhost:8123/mascot/mascot.js:601:23)
[   15383ms] ReferenceError: t is not defined
    at animate (http://localhost:8123/mascot/mascot.js:601:23)
[   15389ms] ReferenceError: t is not defined
    at animate (http://localhost:8123/mascot/mascot.js:601:23)
[   15398ms] ReferenceError: t is not defined
    at animate (http://localhost:8123/mascot/mascot.js:601:23)
[   15407ms] ReferenceError: t is not defined
    at animate (http://localhost:8123/mascot/mascot.js:601:23)
[   15415ms] ReferenceError: t is not defined
    at animate (http://localhost:8123/mascot/mascot.js:601:23)
[   15422ms] ReferenceError: t is not defined
    at animate (http://localhost:8123/mascot/mascot.js:601:23)
[   15431ms] ReferenceError: t is not defined
    at animate (http://localhost:8123/mascot/mascot.js:601:23)
[   15439ms] ReferenceError: t is not defined
    at animate (http://localhost:8123/mascot/mascot.js:601:23)
[   15448ms] ReferenceError: t is not defined
    at animate (http://localhost:8123/mascot/mascot.js:601:23)
[   15456ms] ReferenceError: t is not defined
    at animate (http://localhost:8123/mascot/mascot.js:601:23)
[   15464ms] ReferenceError: t is not defined
    at animate (http://localhost:8123/mascot/mascot.js:601:23)
[   15472ms] ReferenceError: t is not defined
    at animate (http://localhost:8123/mascot/mascot.js:601:23)
[   15480ms] ReferenceError: t is not defined
    at animate (http://localhost:8123/mascot/mascot.js:601:23)
[   15489ms] ReferenceError: t is not defined
    at animate (http://localhost:8123/mascot/mascot.js:601:23)
[   15498ms] ReferenceError: t is not defined
    at animate (http://localhost:8123/mascot/mascot.js:601:23)
[   15506ms] ReferenceError: t is not defined
    at animate (http://localhost:8123/mascot/mascot.js:601:23)
[   15514ms] ReferenceError: t is not defined
    at animate (http://localhost:8123/mascot/mascot.js:601:23)
[   15523ms] ReferenceError: t is not defined
    at animate (http://localhost:8123/mascot/mascot.js:601:23)
[   15531ms] ReferenceError: t is not defined
    at animate (http://localhost:8123/mascot/mascot.js:601:23)
[   15539ms] ReferenceError: t is not defined
    at animate (http://localhost:8123/mascot/mascot.js:601:23)
[   15548ms] ReferenceError: t is not defined
    at animate (http://localhost:8123/mascot/mascot.js:601:23)
[   15556ms] ReferenceError: t is not defined
    at animate (http://localhost:8123/mascot/mascot.js:601:23)
[   15565ms] ReferenceError: t is not defined
    at animate (http://localhost:8123/mascot/mascot.js:601:23)
[   15574ms] ReferenceError: t is not defined
    at animate (http://localhost:8123/mascot/mascot.js:601:23)
[   15581ms] ReferenceError: t is not defined
    at animate (http://localhost:8123/mascot/mascot.js:601:23)
[   15590ms] ReferenceError: t is not defined
    at animate (http://localhost:8123/mascot/mascot.js:601:23)
[   15598ms] ReferenceError: t is not defined
    at animate (http://localhost:8123/mascot/mascot.js:601:23)
[   15606ms] ReferenceError: t is not defined
    at animate (http://localhost:8123/mascot/mascot.js:601:23)
[   15615ms] ReferenceError: t is not defined
    at animate (http://localhost:8123/mascot/mascot.js:601:23)
[   15623ms] ReferenceError: t is not defined
    at animate (http://localhost:8123/mascot/mascot.js:601:23)
[   15632ms] ReferenceError: t is not defined
    at animate (http://localhost:8123/mascot/mascot.js:601:23)
[   15640ms] ReferenceError: t is not defined
    at animate (http://localhost:8123/mascot/mascot.js:601:23)
[   15648ms] ReferenceError: t is not defined
    at animate (http://localhost:8123/mascot/mascot.js:601:23)
[   15656ms] ReferenceError: t is not defined
    at animate (http://localhost:8123/mascot/mascot.js:601:23)
[   15664ms] ReferenceError: t is not defined
    at animate (http://localhost:8123/mascot/mascot.js:601:23)
[   15673ms] ReferenceError: t is not defined
    at animate (http://localhost:8123/mascot/mascot.js:601:23)
[   15681ms] ReferenceError: t is not defined
    at animate (http://localhost:8123/mascot/mascot.js:601:23)
[   15689ms] ReferenceError: t is not defined
    at animate (http://localhost:8123/mascot/mascot.js:601:23)
[   15698ms] ReferenceError: t is not defined
    at animate (http://localhost:8123/mascot/mascot.js:601:23)
[   15706ms] ReferenceError: t is not defined
    at animate (http://localhost:8123/mascot/mascot.js:601:23)
[   15715ms] ReferenceError: t is not defined
    at animate (http://localhost:8123/mascot/mascot.js:601:23)
[   15723ms] ReferenceError: t is not defined
    at animate (http://localhost:8123/mascot/mascot.js:601:23)
[   15732ms] ReferenceError: t is not defined
    at animate (http://localhost:8123/mascot/mascot.js:601:23)
[   15740ms] ReferenceError: t is not defined
    at animate (http://localhost:8123/mascot/mascot.js:601:23)
[   15748ms] ReferenceError: t is not defined
    at animate (http://localhost:8123/mascot/mascot.js:601:23)
[   15757ms] ReferenceError: t is not defined
    at animate (http://localhost:8123/mascot/mascot.js:601:23)
[   15765ms] ReferenceError: t is not defined
    at animate (http://localhost:8123/mascot/mascot.js:601:23)
[   15772ms] ReferenceError: t is not defined
    at animate (http://localhost:8123/mascot/mascot.js:601:23)
[   15780ms] ReferenceError: t is not defined
    at animate (http://localhost:8123/mascot/mascot.js:601:23)
[   15789ms] ReferenceError: t is not defined
    at animate (http://localhost:8123/mascot/mascot.js:601:23)
[   15798ms] ReferenceError: t is not defined
    at animate (http://localhost:8123/mascot/mascot.js:601:23)
[   15806ms] ReferenceError: t is not defined
    at animate (http://localhost:8123/mascot/mascot.js:601:23)
[   15814ms] ReferenceError: t is not defined
    at animate (http://localhost:8123/mascot/mascot.js:601:23)
[   15823ms] ReferenceError: t is not defined
    at animate (http://localhost:8123/mascot/mascot.js:601:23)
[   15832ms] ReferenceError: t is not defined
    at animate (http://localhost:8123/mascot/mascot.js:601:23)
[   15839ms] ReferenceError: t is not defined
    at animate (http://localhost:8123/mascot/mascot.js:601:23)
[   15848ms] ReferenceError: t is not defined
    at animate (http://localhost:8123/mascot/mascot.js:601:23)
[   15856ms] ReferenceError: t is not defined
    at animate (http://localhost:8123/mascot/mascot.js:601:23)
[   15865ms] ReferenceError: t is not defined
    at animate (http://localhost:8123/mascot/mascot.js:601:23)
[   15873ms] ReferenceError: t is not defined
    at animate (http://localhost:8123/mascot/mascot.js:601:23)
[   15881ms] ReferenceError: t is not defined
    at animate (http://localhost:8123/mascot/mascot.js:601:23)
[   15892ms] ReferenceError: t is not defined
    at animate (http://localhost:8123/mascot/mascot.js:601:23)
[   15898ms] ReferenceError: t is not defined
    at animate (http://localhost:8123/mascot/mascot.js:601:23)
[   15907ms] ReferenceError: t is not defined
    at animate (http://localhost:8123/mascot/mascot.js:601:23)
[   15916ms] ReferenceError: t is not defined
    at animate (http://localhost:8123/mascot/mascot.js:601:23)
[   15923ms] ReferenceError: t is not defined
    at animate (http://localhost:8123/mascot/mascot.js:601:23)
[   15932ms] ReferenceError: t is not defined
    at animate (http://localhost:8123/mascot/mascot.js:601:23)
[   15937ms] ReferenceError: t is not defined
    at animate (http://localhost:8123/mascot/mascot.js:601:23)
[   15946ms] ReferenceError: t is not defined
    at animate (http://localhost:8123/mascot/mascot.js:601:23)
[   15953ms] ReferenceError: t is not defined
    at animate (http://localhost:8123/mascot/mascot.js:601:23)
[   15962ms] ReferenceError: t is not defined
    at animate (http://localhost:8123/mascot/mascot.js:601:23)
[   15969ms] ReferenceError: t is not defined
    at animate (http://localhost:8123/mascot/mascot.js:601:23)
[   15978ms] ReferenceError: t is not defined
    at animate (http://localhost:8123/mascot/mascot.js:601:23)
[   15985ms] ReferenceError: t is not defined
    at animate (http://localhost:8123/mascot/mascot.js:601:23)
[   15994ms] ReferenceError: t is not defined
    at animate (http://localhost:8123/mascot/mascot.js:601:23)
[   16002ms] ReferenceError: t is not defined
    at animate (http://localhost:8123/mascot/mascot.js:601:23)
[   16011ms] ReferenceError: t is not defined
    at animate (http://localhost:8123/mascot/mascot.js:601:23)
[   16018ms] ReferenceError: t is not defined
    at animate (http://localhost:8123/mascot/mascot.js:601:23)
[   16026ms] ReferenceError: t is not defined
    at animate (http://localhost:8123/mascot/mascot.js:601:23)
[   16035ms] ReferenceError: t is not defined
    at animate (http://localhost:8123/mascot/mascot.js:601:23)
[   16043ms] ReferenceError: t is not defined
    at animate (http://localhost:8123/mascot/mascot.js:601:23)
[   16052ms] ReferenceError: t is not defined
    at animate (http://localhost:8123/mascot/mascot.js:601:23)
[   16059ms] ReferenceError: t is not defined
    at animate (http://localhost:8123/mascot/mascot.js:601:23)
[   16068ms] ReferenceError: t is not defined
    at animate (http://localhost:8123/mascot/mascot.js:601:23)
[   16076ms] ReferenceError: t is not defined
    at animate (http://localhost:8123/mascot/mascot.js:601:23)
[   16084ms] ReferenceError: t is not defined
    at animate (http://localhost:8123/mascot/mascot.js:601:23)
[   16094ms] ReferenceError: t is not defined
    at animate (http://localhost:8123/mascot/mascot.js:601:23)
[   16102ms] ReferenceError: t is not defined
    at animate (http://localhost:8123/mascot/mascot.js:601:23)
[   16110ms] ReferenceError: t is not defined
    at animate (http://localhost:8123/mascot/mascot.js:601:23)
[   16119ms] ReferenceError: t is not defined
    at animate (http://localhost:8123/mascot/mascot.js:601:23)
[   16126ms] ReferenceError: t is not defined
    at animate (http://localhost:8123/mascot/mascot.js:601:23)
[   16135ms] ReferenceError: t is not defined
    at animate (http://localhost:8123/mascot/mascot.js:601:23)
[   16144ms] ReferenceError: t is not defined
    at animate (http://localhost:8123/mascot/mascot.js:601:23)
[   16151ms] ReferenceError: t is not defined
    at animate (http://localhost:8123/mascot/mascot.js:601:23)
[   16161ms] ReferenceError: t is not defined
    at animate (http://localhost:8123/mascot/mascot.js:601:23)
[   16169ms] ReferenceError: t is not defined
    at animate (http://localhost:8123/mascot/mascot.js:601:23)
[   16177ms] ReferenceError: t is not defined
    at animate (http://localhost:8123/mascot/mascot.js:601:23)
[   16185ms] ReferenceError: t is not defined
    at animate (http://localhost:8123/mascot/mascot.js:601:23)
[   16193ms] ReferenceError: t is not defined
    at animate (http://localhost:8123/mascot/mascot.js:601:23)
[   16202ms] ReferenceError: t is not defined
    at animate (http://localhost:8123/mascot/mascot.js:601:23)
[   16210ms] ReferenceError: t is not defined
    at animate (http://localhost:8123/mascot/mascot.js:601:23)
[   16219ms] ReferenceError: t is not defined
    at animate (http://localhost:8123/mascot/mascot.js:601:23)
[   16227ms] ReferenceError: t is not defined
    at animate (http://localhost:8123/mascot/mascot.js:601:23)
[   16236ms] ReferenceError: t is not defined
    at animate (http://localhost:8123/mascot/mascot.js:601:23)
[   16243ms] ReferenceError: t is not defined
    at animate (http://localhost:8123/mascot/mascot.js:601:23)
[   16252ms] ReferenceError: t is not defined
    at animate (http://localhost:8123/mascot/mascot.js:601:23)
[   16260ms] ReferenceError: t is not defined
    at animate (http://localhost:8123/mascot/mascot.js:601:23)
[   16269ms] ReferenceError: t is not defined
    at animate (http://localhost:8123/mascot/mascot.js:601:23)
[   16278ms] ReferenceError: t is not defined
    at animate (http://localhost:8123/mascot/mascot.js:601:23)
[   16286ms] ReferenceError: t is not defined
    at animate (http://localhost:8123/mascot/mascot.js:601:23)
[   16294ms] ReferenceError: t is not defined
    at animate (http://localhost:8123/mascot/mascot.js:601:23)
[   16302ms] ReferenceError: t is not defined
    at animate (http://localhost:8123/mascot/mascot.js:601:23)
[   16311ms] ReferenceError: t is not defined
    at animate (http://localhost:8123/mascot/mascot.js:601:23)
[   16319ms] ReferenceError: t is not defined
    at animate (http://localhost:8123/mascot/mascot.js:601:23)
[   16328ms] ReferenceError: t is not defined
    at animate (http://localhost:8123/mascot/mascot.js:601:23)
[   16336ms] ReferenceError: t is not defined
    at animate (http://localhost:8123/mascot/mascot.js:601:23)
[   16345ms] ReferenceError: t is not defined
    at animate (http://localhost:8123/mascot/mascot.js:601:23)
[   16352ms] ReferenceError: t is not defined
    at animate (http://localhost:8123/mascot/mascot.js:601:23)
[   16361ms] ReferenceError: t is not defined
    at animate (http://localhost:8123/mascot/mascot.js:601:23)
[   16369ms] ReferenceError: t is not defined
    at animate (http://localhost:8123/mascot/mascot.js:601:23)
[   16377ms] ReferenceError: t is not defined
    at animate (http://localhost:8123/mascot/mascot.js:601:23)
[   16386ms] ReferenceError: t is not defined
    at animate (http://localhost:8123/mascot/mascot.js:601:23)
[   16394ms] ReferenceError: t is not defined
    at animate (http://localhost:8123/mascot/mascot.js:601:23)
[   16403ms] ReferenceError: t is not defined
    at animate (http://localhost:8123/mascot/mascot.js:601:23)
[   16410ms] ReferenceError: t is not defined
    at animate (http://localhost:8123/mascot/mascot.js:601:23)
[   16418ms] ReferenceError: t is not defined
    at animate (http://localhost:8123/mascot/mascot.js:601:23)
[   16428ms] ReferenceError: t is not defined
    at animate (http://localhost:8123/mascot/mascot.js:601:23)
[   16436ms] ReferenceError: t is not defined
    at animate (http://localhost:8123/mascot/mascot.js:601:23)
[   16443ms] ReferenceError: t is not defined
    at animate (http://localhost:8123/mascot/mascot.js:601:23)
[   16452ms] ReferenceError: t is not defined
    at animate (http://localhost:8123/mascot/mascot.js:601:23)
[   16460ms] ReferenceError: t is not defined
    at animate (http://localhost:8123/mascot/mascot.js:601:23)
[   16469ms] ReferenceError: t is not defined
    at animate (http://localhost:8123/mascot/mascot.js:601:23)
[   16477ms] ReferenceError: t is not defined
    at animate (http://localhost:8123/mascot/mascot.js:601:23)
[   16485ms] ReferenceError: t is not defined
    at animate (http://localhost:8123/mascot/mascot.js:601:23)
[   16493ms] ReferenceError: t is not defined
    at animate (http://localhost:8123/mascot/mascot.js:601:23)
[   16503ms] ReferenceError: t is not defined
    at animate (http://localhost:8123/mascot/mascot.js:601:23)
[   16511ms] ReferenceError: t is not defined
    at animate (http://localhost:8123/mascot/mascot.js:601:23)
[   16519ms] ReferenceError: t is not defined
    at animate (http://localhost:8123/mascot/mascot.js:601:23)
[   16527ms] ReferenceError: t is not defined
    at animate (http://localhost:8123/mascot/mascot.js:601:23)
[   16536ms] ReferenceError: t is not defined
    at animate (http://localhost:8123/mascot/mascot.js:601:23)
[   16543ms] ReferenceError: t is not defined
    at animate (http://localhost:8123/mascot/mascot.js:601:23)
[   16552ms] ReferenceError: t is not defined
    at animate (http://localhost:8123/mascot/mascot.js:601:23)
[   16561ms] ReferenceError: t is not defined
    at animate (http://localhost:8123/mascot/mascot.js:601:23)
[   16568ms] ReferenceError: t is not defined
    at animate (http://localhost:8123/mascot/mascot.js:601:23)
[   16577ms] ReferenceError: t is not defined
    at animate (http://localhost:8123/mascot/mascot.js:601:23)
[   16585ms] ReferenceError: t is not defined
    at animate (http://localhost:8123/mascot/mascot.js:601:23)
[   16593ms] ReferenceError: t is not defined
    at animate (http://localhost:8123/mascot/mascot.js:601:23)
[   16602ms] ReferenceError: t is not defined
    at animate (http://localhost:8123/mascot/mascot.js:601:23)
[   16610ms] ReferenceError: t is not defined
    at animate (http://localhost:8123/mascot/mascot.js:601:23)
[   16619ms] ReferenceError: t is not defined
    at animate (http://localhost:8123/mascot/mascot.js:601:23)
[   16626ms] ReferenceError: t is not defined
    at animate (http://localhost:8123/mascot/mascot.js:601:23)
[   16635ms] ReferenceError: t is not defined
    at animate (http://localhost:8123/mascot/mascot.js:601:23)
[   16643ms] ReferenceError: t is not defined
    at animate (http://localhost:8123/mascot/mascot.js:601:23)
[   16652ms] ReferenceError: t is not defined
    at animate (http://localhost:8123/mascot/mascot.js:601:23)
[   16660ms] ReferenceError: t is not defined
    at animate (http://localhost:8123/mascot/mascot.js:601:23)
[   16668ms] ReferenceError: t is not defined
    at animate (http://localhost:8123/mascot/mascot.js:601:23)
[   16675ms] ReferenceError: t is not defined
    at animate (http://localhost:8123/mascot/mascot.js:601:23)
[   16684ms] ReferenceError: t is not defined
    at animate (http://localhost:8123/mascot/mascot.js:601:23)
[   16693ms] ReferenceError: t is not defined
    at animate (http://localhost:8123/mascot/mascot.js:601:23)
[   16701ms] ReferenceError: t is not defined
    at animate (http://localhost:8123/mascot/mascot.js:601:23)
[   16710ms] ReferenceError: t is not defined
    at animate (http://localhost:8123/mascot/mascot.js:601:23)
[   16718ms] ReferenceError: t is not defined
    at animate (http://localhost:8123/mascot/mascot.js:601:23)
[   16726ms] ReferenceError: t is not defined
    at animate (http://localhost:8123/mascot/mascot.js:601:23)
[   16735ms] ReferenceError: t is not defined
    at animate (http://localhost:8123/mascot/mascot.js:601:23)
[   16744ms] ReferenceError: t is not defined
    at animate (http://localhost:8123/mascot/mascot.js:601:23)
[   16751ms] ReferenceError: t is not defined
    at animate (http://localhost:8123/mascot/mascot.js:601:23)
[   16760ms] ReferenceError: t is not defined
    at animate (http://localhost:8123/mascot/mascot.js:601:23)
[   16768ms] ReferenceError: t is not defined
    at animate (http://localhost:8123/mascot/mascot.js:601:23)
[   16776ms] ReferenceError: t is not defined
    at animate (http://localhost:8123/mascot/mascot.js:601:23)
[   16784ms] ReferenceError: t is not defined
    at animate (http://localhost:8123/mascot/mascot.js:601:23)
[   16793ms] ReferenceError: t is not defined
    at animate (http://localhost:8123/mascot/mascot.js:601:23)
[   16801ms] ReferenceError: t is not defined
    at animate (http://localhost:8123/mascot/mascot.js:601:23)
[   16809ms] ReferenceError: t is not defined
    at animate (http://localhost:8123/mascot/mascot.js:601:23)
[   16819ms] ReferenceError: t is not defined
    at animate (http://localhost:8123/mascot/mascot.js:601:23)
[   16827ms] ReferenceError: t is not defined
    at animate (http://localhost:8123/mascot/mascot.js:601:23)
[   16836ms] ReferenceError: t is not defined
    at animate (http://localhost:8123/mascot/mascot.js:601:23)
[   16843ms] ReferenceError: t is not defined
    at animate (http://localhost:8123/mascot/mascot.js:601:23)
[   16852ms] ReferenceError: t is not defined
    at animate (http://localhost:8123/mascot/mascot.js:601:23)
[   16860ms] ReferenceError: t is not defined
    at animate (http://localhost:8123/mascot/mascot.js:601:23)
[   16868ms] ReferenceError: t is not defined
    at animate (http://localhost:8123/mascot/mascot.js:601:23)
[   16876ms] ReferenceError: t is not defined
    at animate (http://localhost:8123/mascot/mascot.js:601:23)
[   16885ms] ReferenceError: t is not defined
    at animate (http://localhost:8123/mascot/mascot.js:601:23)
[   16893ms] ReferenceError: t is not defined
    at animate (http://localhost:8123/mascot/mascot.js:601:23)
[   16902ms] ReferenceError: t is not defined
    at animate (http://localhost:8123/mascot/mascot.js:601:23)
[   16911ms] ReferenceError: t is not defined
    at animate (http://localhost:8123/mascot/mascot.js:601:23)
[   16919ms] ReferenceError: t is not defined
    at animate (http://localhost:8123/mascot/mascot.js:601:23)
[   16927ms] ReferenceError: t is not defined
    at animate (http://localhost:8123/mascot/mascot.js:601:23)
[   16935ms] ReferenceError: t is not defined
    at animate (http://localhost:8123/mascot/mascot.js:601:23)
[   16944ms] ReferenceError: t is not defined
    at animate (http://localhost:8123/mascot/mascot.js:601:23)
[   16952ms] ReferenceError: t is not defined
    at animate (http://localhost:8123/mascot/mascot.js:601:23)
[   16960ms] ReferenceError: t is not defined
    at animate (http://localhost:8123/mascot/mascot.js:601:23)
[   16968ms] ReferenceError: t is not defined
    at animate (http://localhost:8123/mascot/mascot.js:601:23)
[   16977ms] ReferenceError: t is not defined
    at animate (http://localhost:8123/mascot/mascot.js:601:23)
[   16985ms] ReferenceError: t is not defined
    at animate (http://localhost:8123/mascot/mascot.js:601:23)
[   16993ms] ReferenceError: t is not defined
    at animate (http://localhost:8123/mascot/mascot.js:601:23)
[   17002ms] ReferenceError: t is not defined
    at animate (http://localhost:8123/mascot/mascot.js:601:23)
[   17010ms] ReferenceError: t is not defined
    at animate (http://localhost:8123/mascot/mascot.js:601:23)
[   17018ms] ReferenceError: t is not defined
    at animate (http://localhost:8123/mascot/mascot.js:601:23)
[   17026ms] ReferenceError: t is not defined
    at animate (http://localhost:8123/mascot/mascot.js:601:23)
[   17034ms] ReferenceError: t is not defined
    at animate (http://localhost:8123/mascot/mascot.js:601:23)
[   17043ms] ReferenceError: t is not defined
    at animate (http://localhost:8123/mascot/mascot.js:601:23)
[   17052ms] ReferenceError: t is not defined
    at animate (http://localhost:8123/mascot/mascot.js:601:23)
[   17060ms] ReferenceError: t is not defined
    at animate (http://localhost:8123/mascot/mascot.js:601:23)
[   17068ms] ReferenceError: t is not defined
    at animate (http://localhost:8123/mascot/mascot.js:601:23)
[   17078ms] ReferenceError: t is not defined
    at animate (http://localhost:8123/mascot/mascot.js:601:23)
[   17085ms] ReferenceError: t is not defined
    at animate (http://localhost:8123/mascot/mascot.js:601:23)
[   17093ms] ReferenceError: t is not defined
    at animate (http://localhost:8123/mascot/mascot.js:601:23)
[   17102ms] ReferenceError: t is not defined
    at animate (http://localhost:8123/mascot/mascot.js:601:23)
[   17110ms] ReferenceError: t is not defined
    at animate (http://localhost:8123/mascot/mascot.js:601:23)
[   17119ms] ReferenceError: t is not defined
    at animate (http://localhost:8123/mascot/mascot.js:601:23)
[   17128ms] ReferenceError: t is not defined
    at animate (http://localhost:8123/mascot/mascot.js:601:23)
[   17136ms] ReferenceError: t is not defined
    at animate (http://localhost:8123/mascot/mascot.js:601:23)
[   17144ms] ReferenceError: t is not defined
    at animate (http://localhost:8123/mascot/mascot.js:601:23)
[   17152ms] ReferenceError: t is not defined
    at animate (http://localhost:8123/mascot/mascot.js:601:23)
[   17161ms] ReferenceError: t is not defined
    at animate (http://localhost:8123/mascot/mascot.js:601:23)
[   17169ms] ReferenceError: t is not defined
    at animate (http://localhost:8123/mascot/mascot.js:601:23)
[   17178ms] ReferenceError: t is not defined
    at animate (http://localhost:8123/mascot/mascot.js:601:23)
[   17186ms] ReferenceError: t is not defined
    at animate (http://localhost:8123/mascot/mascot.js:601:23)
[   17194ms] ReferenceError: t is not defined
    at animate (http://localhost:8123/mascot/mascot.js:601:23)
[   17203ms] ReferenceError: t is not defined
    at animate (http://localhost:8123/mascot/mascot.js:601:23)
[   17211ms] ReferenceError: t is not defined
    at animate (http://localhost:8123/mascot/mascot.js:601:23)
[   17219ms] ReferenceError: t is not defined
    at animate (http://localhost:8123/mascot/mascot.js:601:23)
[   17227ms] ReferenceError: t is not defined
    at animate (http://localhost:8123/mascot/mascot.js:601:23)
[   17236ms] ReferenceError: t is not defined
    at animate (http://localhost:8123/mascot/mascot.js:601:23)
[   17244ms] ReferenceError: t is not defined
    at animate (http://localhost:8123/mascot/mascot.js:601:23)
[   17253ms] ReferenceError: t is not defined
    at animate (http://localhost:8123/mascot/mascot.js:601:23)
[   17261ms] ReferenceError: t is not defined
    at animate (http://localhost:8123/mascot/mascot.js:601:23)
[   17269ms] ReferenceError: t is not defined
    at animate (http://localhost:8123/mascot/mascot.js:601:23)
[   17277ms] ReferenceError: t is not defined
    at animate (http://localhost:8123/mascot/mascot.js:601:23)
[   17286ms] ReferenceError: t is not defined
    at animate (http://localhost:8123/mascot/mascot.js:601:23)
[   17294ms] ReferenceError: t is not defined
    at animate (http://localhost:8123/mascot/mascot.js:601:23)
[   17303ms] ReferenceError: t is not defined
    at animate (http://localhost:8123/mascot/mascot.js:601:23)
[   17311ms] ReferenceError: t is not defined
    at animate (http://localhost:8123/mascot/mascot.js:601:23)
[   17319ms] ReferenceError: t is not defined
    at animate (http://localhost:8123/mascot/mascot.js:601:23)
[   17328ms] ReferenceError: t is not defined
    at animate (http://localhost:8123/mascot/mascot.js:601:23)
[   17336ms] ReferenceError: t is not defined
    at animate (http://localhost:8123/mascot/mascot.js:601:23)
[   17345ms] ReferenceError: t is not defined
    at animate (http://localhost:8123/mascot/mascot.js:601:23)
[   17352ms] ReferenceError: t is not defined
    at animate (http://localhost:8123/mascot/mascot.js:601:23)
[   17361ms] ReferenceError: t is not defined
    at animate (http://localhost:8123/mascot/mascot.js:601:23)
[   17382ms] ReferenceError: t is not defined
    at animate (http://localhost:8123/mascot/mascot.js:601:23)
[   17382ms] ReferenceError: t is not defined
    at animate (http://localhost:8123/mascot/mascot.js:601:23)
[   17385ms] ReferenceError: t is not defined
    at animate (http://localhost:8123/mascot/mascot.js:601:23)
[   17395ms] ReferenceError: t is not defined
    at animate (http://localhost:8123/mascot/mascot.js:601:23)
[   17402ms] ReferenceError: t is not defined
    at animate (http://localhost:8123/mascot/mascot.js:601:23)
[   17411ms] ReferenceError: t is not defined
    at animate (http://localhost:8123/mascot/mascot.js:601:23)
[   17420ms] ReferenceError: t is not defined
    at animate (http://localhost:8123/mascot/mascot.js:601:23)
[   17427ms] ReferenceError: t is not defined
    at animate (http://localhost:8123/mascot/mascot.js:601:23)
[   17436ms] ReferenceError: t is not defined
    at animate (http://localhost:8123/mascot/mascot.js:601:23)
[   17445ms] ReferenceError: t is not defined
    at animate (http://localhost:8123/mascot/mascot.js:601:23)
[   17452ms] ReferenceError: t is not defined
    at animate (http://localhost:8123/mascot/mascot.js:601:23)
[   17465ms] ReferenceError: t is not defined
    at animate (http://localhost:8123/mascot/mascot.js:601:23)
[   17472ms] ReferenceError: t is not defined
    at animate (http://localhost:8123/mascot/mascot.js:601:23)
[   17477ms] ReferenceError: t is not defined
    at animate (http://localhost:8123/mascot/mascot.js:601:23)
[   17486ms] ReferenceError: t is not defined
    at animate (http://localhost:8123/mascot/mascot.js:601:23)
[   17495ms] ReferenceError: t is not defined
    at animate (http://localhost:8123/mascot/mascot.js:601:23)
[   17503ms] ReferenceError: t is not defined
    at animate (http://localhost:8123/mascot/mascot.js:601:23)
[   17510ms] ReferenceError: t is not defined
    at animate (http://localhost:8123/mascot/mascot.js:601:23)
[   17519ms] ReferenceError: t is not defined
    at animate (http://localhost:8123/mascot/mascot.js:601:23)
[   17527ms] ReferenceError: t is not defined
    at animate (http://localhost:8123/mascot/mascot.js:601:23)
[   17536ms] ReferenceError: t is not defined
    at animate (http://localhost:8123/mascot/mascot.js:601:23)
[   17544ms] ReferenceError: t is not defined
    at animate (http://localhost:8123/mascot/mascot.js:601:23)
[   17552ms] ReferenceError: t is not defined
    at animate (http://localhost:8123/mascot/mascot.js:601:23)
[   17562ms] ReferenceError: t is not defined
    at animate (http://localhost:8123/mascot/mascot.js:601:23)
[   17569ms] ReferenceError: t is not defined
    at animate (http://localhost:8123/mascot/mascot.js:601:23)
[   17577ms] ReferenceError: t is not defined
    at animate (http://localhost:8123/mascot/mascot.js:601:23)
[   17585ms] ReferenceError: t is not defined
    at animate (http://localhost:8123/mascot/mascot.js:601:23)
[   17594ms] ReferenceError: t is not defined
    at animate (http://localhost:8123/mascot/mascot.js:601:23)
[   17602ms] ReferenceError: t is not defined
    at animate (http://localhost:8123/mascot/mascot.js:601:23)
[   17610ms] ReferenceError: t is not defined
    at animate (http://localhost:8123/mascot/mascot.js:601:23)
[   17619ms] ReferenceError: t is not defined
    at animate (http://localhost:8123/mascot/mascot.js:601:23)
[   17627ms] ReferenceError: t is not defined
    at animate (http://localhost:8123/mascot/mascot.js:601:23)
[   17635ms] ReferenceError: t is not defined
    at animate (http://localhost:8123/mascot/mascot.js:601:23)
[   17643ms] ReferenceError: t is not defined
    at animate (http://localhost:8123/mascot/mascot.js:601:23)
[   17652ms] ReferenceError: t is not defined
    at animate (http://localhost:8123/mascot/mascot.js:601:23)
[   17660ms] ReferenceError: t is not defined
    at animate (http://localhost:8123/mascot/mascot.js:601:23)
[   17668ms] ReferenceError: t is not defined
    at animate (http://localhost:8123/mascot/mascot.js:601:23)
[   17676ms] ReferenceError: t is not defined
    at animate (http://localhost:8123/mascot/mascot.js:601:23)
[   17685ms] ReferenceError: t is not defined
    at animate (http://localhost:8123/mascot/mascot.js:601:23)
[   17694ms] ReferenceError: t is not defined
    at animate (http://localhost:8123/mascot/mascot.js:601:23)
[   17701ms] ReferenceError: t is not defined
    at animate (http://localhost:8123/mascot/mascot.js:601:23)
[   17710ms] ReferenceError: t is not defined
    at animate (http://localhost:8123/mascot/mascot.js:601:23)
[   17718ms] ReferenceError: t is not defined
    at animate (http://localhost:8123/mascot/mascot.js:601:23)
[   17726ms] ReferenceError: t is not defined
    at animate (http://localhost:8123/mascot/mascot.js:601:23)
[   17735ms] ReferenceError: t is not defined
    at animate (http://localhost:8123/mascot/mascot.js:601:23)
[   17743ms] ReferenceError: t is not defined
    at animate (http://localhost:8123/mascot/mascot.js:601:23)
[   17752ms] ReferenceError: t is not defined
    at animate (http://localhost:8123/mascot/mascot.js:601:23)
[   17759ms] ReferenceError: t is not defined
    at animate (http://localhost:8123/mascot/mascot.js:601:23)
[   17768ms] ReferenceError: t is not defined
    at animate (http://localhost:8123/mascot/mascot.js:601:23)
[   17777ms] ReferenceError: t is not defined
    at animate (http://localhost:8123/mascot/mascot.js:601:23)
[   17785ms] ReferenceError: t is not defined
    at animate (http://localhost:8123/mascot/mascot.js:601:23)
[   17794ms] ReferenceError: t is not defined
    at animate (http://localhost:8123/mascot/mascot.js:601:23)
[   17802ms] ReferenceError: t is not defined
    at animate (http://localhost:8123/mascot/mascot.js:601:23)
[   17810ms] ReferenceError: t is not defined
    at animate (http://localhost:8123/mascot/mascot.js:601:23)
[   17818ms] ReferenceError: t is not defined
    at animate (http://localhost:8123/mascot/mascot.js:601:23)
[   17827ms] ReferenceError: t is not defined
    at animate (http://localhost:8123/mascot/mascot.js:601:23)
[   17835ms] ReferenceError: t is not defined
    at animate (http://localhost:8123/mascot/mascot.js:601:23)
[   17844ms] ReferenceError: t is not defined
    at animate (http://localhost:8123/mascot/mascot.js:601:23)
[   17853ms] ReferenceError: t is not defined
    at animate (http://localhost:8123/mascot/mascot.js:601:23)
[   17861ms] ReferenceError: t is not defined
    at animate (http://localhost:8123/mascot/mascot.js:601:23)
[   17869ms] ReferenceError: t is not defined
    at animate (http://localhost:8123/mascot/mascot.js:601:23)
[   17877ms] ReferenceError: t is not defined
    at animate (http://localhost:8123/mascot/mascot.js:601:23)
[   17886ms] ReferenceError: t is not defined
    at animate (http://localhost:8123/mascot/mascot.js:601:23)
[   17895ms] ReferenceError: t is not defined
    at animate (http://localhost:8123/mascot/mascot.js:601:23)
[   17903ms] ReferenceError: t is not defined
    at animate (http://localhost:8123/mascot/mascot.js:601:23)
[   17911ms] ReferenceError: t is not defined
    at animate (http://localhost:8123/mascot/mascot.js:601:23)
[   17919ms] ReferenceError: t is not defined
    at animate (http://localhost:8123/mascot/mascot.js:601:23)
[   17927ms] ReferenceError: t is not defined
    at animate (http://localhost:8123/mascot/mascot.js:601:23)
[   17936ms] ReferenceError: t is not defined
    at animate (http://localhost:8123/mascot/mascot.js:601:23)
[   17944ms] ReferenceError: t is not defined
    at animate (http://localhost:8123/mascot/mascot.js:601:23)
[   17953ms] ReferenceError: t is not defined
    at animate (http://localhost:8123/mascot/mascot.js:601:23)
[   17961ms] ReferenceError: t is not defined
    at animate (http://localhost:8123/mascot/mascot.js:601:23)
[   17970ms] ReferenceError: t is not defined
    at animate (http://localhost:8123/mascot/mascot.js:601:23)
[   17977ms] ReferenceError: t is not defined
    at animate (http://localhost:8123/mascot/mascot.js:601:23)
[   17985ms] ReferenceError: t is not defined
    at animate (http://localhost:8123/mascot/mascot.js:601:23)
[   17994ms] ReferenceError: t is not defined
    at animate (http://localhost:8123/mascot/mascot.js:601:23)
[   18002ms] ReferenceError: t is not defined
    at animate (http://localhost:8123/mascot/mascot.js:601:23)
[   18010ms] ReferenceError: t is not defined
    at animate (http://localhost:8123/mascot/mascot.js:601:23)
[   18018ms] ReferenceError: t is not defined
    at animate (http://localhost:8123/mascot/mascot.js:601:23)
[   18027ms] ReferenceError: t is not defined
    at animate (http://localhost:8123/mascot/mascot.js:601:23)
[   18035ms] ReferenceError: t is not defined
    at animate (http://localhost:8123/mascot/mascot.js:601:23)
[   18043ms] ReferenceError: t is not defined
    at animate (http://localhost:8123/mascot/mascot.js:601:23)
[   18052ms] ReferenceError: t is not defined
    at animate (http://localhost:8123/mascot/mascot.js:601:23)
[   18061ms] ReferenceError: t is not defined
    at animate (http://localhost:8123/mascot/mascot.js:601:23)
[   18068ms] ReferenceError: t is not defined
    at animate (http://localhost:8123/mascot/mascot.js:601:23)
[   18076ms] ReferenceError: t is not defined
    at animate (http://localhost:8123/mascot/mascot.js:601:23)
[   18085ms] ReferenceError: t is not defined
    at animate (http://localhost:8123/mascot/mascot.js:601:23)
[   18093ms] ReferenceError: t is not defined
    at animate (http://localhost:8123/mascot/mascot.js:601:23)
[   18102ms] ReferenceError: t is not defined
    at animate (http://localhost:8123/mascot/mascot.js:601:23)
[   18110ms] ReferenceError: t is not defined
    at animate (http://localhost:8123/mascot/mascot.js:601:23)
[   18118ms] ReferenceError: t is not defined
    at animate (http://localhost:8123/mascot/mascot.js:601:23)
[   18127ms] ReferenceError: t is not defined
    at animate (http://localhost:8123/mascot/mascot.js:601:23)
[   18135ms] ReferenceError: t is not defined
    at animate (http://localhost:8123/mascot/mascot.js:601:23)
[   18144ms] ReferenceError: t is not defined
    at animate (http://localhost:8123/mascot/mascot.js:601:23)
[   18152ms] ReferenceError: t is not defined
    at animate (http://localhost:8123/mascot/mascot.js:601:23)
[   18160ms] ReferenceError: t is not defined
    at animate (http://localhost:8123/mascot/mascot.js:601:23)
[   18169ms] ReferenceError: t is not defined
    at animate (http://localhost:8123/mascot/mascot.js:601:23)
[   18177ms] ReferenceError: t is not defined
    at animate (http://localhost:8123/mascot/mascot.js:601:23)
[   18185ms] ReferenceError: t is not defined
    at animate (http://localhost:8123/mascot/mascot.js:601:23)
[   18194ms] ReferenceError: t is not defined
    at animate (http://localhost:8123/mascot/mascot.js:601:23)
[   18202ms] ReferenceError: t is not defined
    at animate (http://localhost:8123/mascot/mascot.js:601:23)
[   18211ms] ReferenceError: t is not defined
    at animate (http://localhost:8123/mascot/mascot.js:601:23)
[   18219ms] ReferenceError: t is not defined
    at animate (http://localhost:8123/mascot/mascot.js:601:23)
[   18227ms] ReferenceError: t is not defined
    at animate (http://localhost:8123/mascot/mascot.js:601:23)
[   18236ms] ReferenceError: t is not defined
    at animate (http://localhost:8123/mascot/mascot.js:601:23)
[   18245ms] ReferenceError: t is not defined
    at animate (http://localhost:8123/mascot/mascot.js:601:23)
[   18251ms] ReferenceError: t is not defined
    at animate (http://localhost:8123/mascot/mascot.js:601:23)
[   18261ms] ReferenceError: t is not defined
    at animate (http://localhost:8123/mascot/mascot.js:601:23)
[   18269ms] ReferenceError: t is not defined
    at animate (http://localhost:8123/mascot/mascot.js:601:23)
[   18278ms] ReferenceError: t is not defined
    at animate (http://localhost:8123/mascot/mascot.js:601:23)
[   18286ms] ReferenceError: t is not defined
    at animate (http://localhost:8123/mascot/mascot.js:601:23)
[   18294ms] ReferenceError: t is not defined
    at animate (http://localhost:8123/mascot/mascot.js:601:23)
[   18302ms] ReferenceError: t is not defined
    at animate (http://localhost:8123/mascot/mascot.js:601:23)
[   18311ms] ReferenceError: t is not defined
    at animate (http://localhost:8123/mascot/mascot.js:601:23)
[   18319ms] ReferenceError: t is not defined
    at animate (http://localhost:8123/mascot/mascot.js:601:23)
[   18327ms] ReferenceError: t is not defined
    at animate (http://localhost:8123/mascot/mascot.js:601:23)
[   18335ms] ReferenceError: t is not defined
    at animate (http://localhost:8123/mascot/mascot.js:601:23)
[   18344ms] ReferenceError: t is not defined
    at animate (http://localhost:8123/mascot/mascot.js:601:23)
[   18352ms] ReferenceError: t is not defined
    at animate (http://localhost:8123/mascot/mascot.js:601:23)
[   18361ms] ReferenceError: t is not defined
    at animate (http://localhost:8123/mascot/mascot.js:601:23)
[   18369ms] ReferenceError: t is not defined
    at animate (http://localhost:8123/mascot/mascot.js:601:23)
[   18377ms] ReferenceError: t is not defined
    at animate (http://localhost:8123/mascot/mascot.js:601:23)
[   18386ms] ReferenceError: t is not defined
    at animate (http://localhost:8123/mascot/mascot.js:601:23)
[   18394ms] ReferenceError: t is not defined
    at animate (http://localhost:8123/mascot/mascot.js:601:23)
[   18402ms] ReferenceError: t is not defined
    at animate (http://localhost:8123/mascot/mascot.js:601:23)
[   18410ms] ReferenceError: t is not defined
    at animate (http://localhost:8123/mascot/mascot.js:601:23)
[   18418ms] ReferenceError: t is not defined
    at animate (http://localhost:8123/mascot/mascot.js:601:23)
[   18428ms] ReferenceError: t is not defined
    at animate (http://localhost:8123/mascot/mascot.js:601:23)
[   18435ms] ReferenceError: t is not defined
    at animate (http://localhost:8123/mascot/mascot.js:601:23)
[   18444ms] ReferenceError: t is not defined
    at animate (http://localhost:8123/mascot/mascot.js:601:23)
[   18451ms] ReferenceError: t is not defined
    at animate (http://localhost:8123/mascot/mascot.js:601:23)
[   18460ms] ReferenceError: t is not defined
    at animate (http://localhost:8123/mascot/mascot.js:601:23)
[   18469ms] ReferenceError: t is not defined
    at animate (http://localhost:8123/mascot/mascot.js:601:23)
[   18477ms] ReferenceError: t is not defined
    at animate (http://localhost:8123/mascot/mascot.js:601:23)
[   18485ms] ReferenceError: t is not defined
    at animate (http://localhost:8123/mascot/mascot.js:601:23)
[   18494ms] ReferenceError: t is not defined
    at animate (http://localhost:8123/mascot/mascot.js:601:23)
[   18502ms] ReferenceError: t is not defined
    at animate (http://localhost:8123/mascot/mascot.js:601:23)
[   18511ms] ReferenceError: t is not defined
    at animate (http://localhost:8123/mascot/mascot.js:601:23)
[   18519ms] ReferenceError: t is not defined
    at animate (http://localhost:8123/mascot/mascot.js:601:23)
[   18527ms] ReferenceError: t is not defined
    at animate (http://localhost:8123/mascot/mascot.js:601:23)
[   18536ms] ReferenceError: t is not defined
    at animate (http://localhost:8123/mascot/mascot.js:601:23)
[   18544ms] ReferenceError: t is not defined
    at animate (http://localhost:8123/mascot/mascot.js:601:23)
[   18552ms] ReferenceError: t is not defined
    at animate (http://localhost:8123/mascot/mascot.js:601:23)
[   18560ms] ReferenceError: t is not defined
    at animate (http://localhost:8123/mascot/mascot.js:601:23)
[   18568ms] ReferenceError: t is not defined
    at animate (http://localhost:8123/mascot/mascot.js:601:23)
[   18576ms] ReferenceError: t is not defined
    at animate (http://localhost:8123/mascot/mascot.js:601:23)
[   18585ms] ReferenceError: t is not defined
    at animate (http://localhost:8123/mascot/mascot.js:601:23)
[   18593ms] ReferenceError: t is not defined
    at animate (http://localhost:8123/mascot/mascot.js:601:23)
[   18601ms] ReferenceError: t is not defined
    at animate (http://localhost:8123/mascot/mascot.js:601:23)
[   18609ms] ReferenceError: t is not defined
    at animate (http://localhost:8123/mascot/mascot.js:601:23)
[   18618ms] ReferenceError: t is not defined
    at animate (http://localhost:8123/mascot/mascot.js:601:23)
[   18626ms] ReferenceError: t is not defined
    at animate (http://localhost:8123/mascot/mascot.js:601:23)
[   18635ms] ReferenceError: t is not defined
    at animate (http://localhost:8123/mascot/mascot.js:601:23)
[   18643ms] ReferenceError: t is not defined
    at animate (http://localhost:8123/mascot/mascot.js:601:23)
[   18652ms] ReferenceError: t is not defined
    at animate (http://localhost:8123/mascot/mascot.js:601:23)
[   18660ms] ReferenceError: t is not defined
    at animate (http://localhost:8123/mascot/mascot.js:601:23)
[   18668ms] ReferenceError: t is not defined
    at animate (http://localhost:8123/mascot/mascot.js:601:23)
[   18676ms] ReferenceError: t is not defined
    at animate (http://localhost:8123/mascot/mascot.js:601:23)
[   18685ms] ReferenceError: t is not defined
    at animate (http://localhost:8123/mascot/mascot.js:601:23)
[   18694ms] ReferenceError: t is not defined
    at animate (http://localhost:8123/mascot/mascot.js:601:23)
[   18702ms] ReferenceError: t is not defined
    at animate (http://localhost:8123/mascot/mascot.js:601:23)
[   18711ms] ReferenceError: t is not defined
    at animate (http://localhost:8123/mascot/mascot.js:601:23)
[   18718ms] ReferenceError: t is not defined
    at animate (http://localhost:8123/mascot/mascot.js:601:23)
[   18727ms] ReferenceError: t is not defined
    at animate (http://localhost:8123/mascot/mascot.js:601:23)
[   18735ms] ReferenceError: t is not defined
    at animate (http://localhost:8123/mascot/mascot.js:601:23)
[   18744ms] ReferenceError: t is not defined
    at animate (http://localhost:8123/mascot/mascot.js:601:23)
[   18752ms] ReferenceError: t is not defined
    at animate (http://localhost:8123/mascot/mascot.js:601:23)
[   18761ms] ReferenceError: t is not defined
    at animate (http://localhost:8123/mascot/mascot.js:601:23)
[   18769ms] ReferenceError: t is not defined
    at animate (http://localhost:8123/mascot/mascot.js:601:23)
[   18777ms] ReferenceError: t is not defined
    at animate (http://localhost:8123/mascot/mascot.js:601:23)
[   18786ms] ReferenceError: t is not defined
    at animate (http://localhost:8123/mascot/mascot.js:601:23)
[   18795ms] ReferenceError: t is not defined
    at animate (http://localhost:8123/mascot/mascot.js:601:23)
[   18802ms] ReferenceError: t is not defined
    at animate (http://localhost:8123/mascot/mascot.js:601:23)
[   18810ms] ReferenceError: t is not defined
    at animate (http://localhost:8123/mascot/mascot.js:601:23)
[   18819ms] ReferenceError: t is not defined
    at animate (http://localhost:8123/mascot/mascot.js:601:23)
[   18827ms] ReferenceError: t is not defined
    at animate (http://localhost:8123/mascot/mascot.js:601:23)
[   18836ms] ReferenceError: t is not defined
    at animate (http://localhost:8123/mascot/mascot.js:601:23)
[   18845ms] ReferenceError: t is not defined
    at animate (http://localhost:8123/mascot/mascot.js:601:23)
[   18852ms] ReferenceError: t is not defined
    at animate (http://localhost:8123/mascot/mascot.js:601:23)
[   18861ms] ReferenceError: t is not defined
    at animate (http://localhost:8123/mascot/mascot.js:601:23)
[   18869ms] ReferenceError: t is not defined
    at animate (http://localhost:8123/mascot/mascot.js:601:23)
[   18878ms] ReferenceError: t is not defined
    at animate (http://localhost:8123/mascot/mascot.js:601:23)
[   18886ms] ReferenceError: t is not defined
    at animate (http://localhost:8123/mascot/mascot.js:601:23)
[   18894ms] ReferenceError: t is not defined
    at animate (http://localhost:8123/mascot/mascot.js:601:23)
[   18902ms] ReferenceError: t is not defined
    at animate (http://localhost:8123/mascot/mascot.js:601:23)
[   18911ms] ReferenceError: t is not defined
    at animate (http://localhost:8123/mascot/mascot.js:601:23)
[   18919ms] ReferenceError: t is not defined
    at animate (http://localhost:8123/mascot/mascot.js:601:23)
[   18928ms] ReferenceError: t is not defined
    at animate (http://localhost:8123/mascot/mascot.js:601:23)
[   18937ms] ReferenceError: t is not defined
    at animate (http://localhost:8123/mascot/mascot.js:601:23)
[   18944ms] ReferenceError: t is not defined
    at animate (http://localhost:8123/mascot/mascot.js:601:23)
[   18952ms] ReferenceError: t is not defined
    at animate (http://localhost:8123/mascot/mascot.js:601:23)
[   18961ms] ReferenceError: t is not defined
    at animate (http://localhost:8123/mascot/mascot.js:601:23)
[   18970ms] ReferenceError: t is not defined
    at animate (http://localhost:8123/mascot/mascot.js:601:23)
[   18978ms] ReferenceError: t is not defined
    at animate (http://localhost:8123/mascot/mascot.js:601:23)
[   18987ms] ReferenceError: t is not defined
    at animate (http://localhost:8123/mascot/mascot.js:601:23)
[   18994ms] ReferenceError: t is not defined
    at animate (http://localhost:8123/mascot/mascot.js:601:23)
[   19007ms] ReferenceError: t is not defined
    at animate (http://localhost:8123/mascot/mascot.js:601:23)
[   19011ms] ReferenceError: t is not defined
    at animate (http://localhost:8123/mascot/mascot.js:601:23)
[   19021ms] ReferenceError: t is not defined
    at animate (http://localhost:8123/mascot/mascot.js:601:23)
[   19027ms] ReferenceError: t is not defined
    at animate (http://localhost:8123/mascot/mascot.js:601:23)
[   19035ms] ReferenceError: t is not defined
    at animate (http://localhost:8123/mascot/mascot.js:601:23)
[   19044ms] ReferenceError: t is not defined
    at animate (http://localhost:8123/mascot/mascot.js:601:23)
[   19052ms] ReferenceError: t is not defined
    at animate (http://localhost:8123/mascot/mascot.js:601:23)
[   19060ms] ReferenceError: t is not defined
    at animate (http://localhost:8123/mascot/mascot.js:601:23)
[   19069ms] ReferenceError: t is not defined
    at animate (http://localhost:8123/mascot/mascot.js:601:23)
[   19077ms] ReferenceError: t is not defined
    at animate (http://localhost:8123/mascot/mascot.js:601:23)
[   19085ms] ReferenceError: t is not defined
    at animate (http://localhost:8123/mascot/mascot.js:601:23)
[   19093ms] ReferenceError: t is not defined
    at animate (http://localhost:8123/mascot/mascot.js:601:23)
[   19101ms] ReferenceError: t is not defined
    at animate (http://localhost:8123/mascot/mascot.js:601:23)
[   19110ms] ReferenceError: t is not defined
    at animate (http://localhost:8123/mascot/mascot.js:601:23)
[   19118ms] ReferenceError: t is not defined
    at animate (http://localhost:8123/mascot/mascot.js:601:23)
[   19127ms] ReferenceError: t is not defined
    at animate (http://localhost:8123/mascot/mascot.js:601:23)
[   19135ms] ReferenceError: t is not defined
    at animate (http://localhost:8123/mascot/mascot.js:601:23)
[   19143ms] ReferenceError: t is not defined
    at animate (http://localhost:8123/mascot/mascot.js:601:23)
[   19152ms] ReferenceError: t is not defined
    at animate (http://localhost:8123/mascot/mascot.js:601:23)
[   19160ms] ReferenceError: t is not defined
    at animate (http://localhost:8123/mascot/mascot.js:601:23)
[   19168ms] ReferenceError: t is not defined
    at animate (http://localhost:8123/mascot/mascot.js:601:23)
[   19176ms] ReferenceError: t is not defined
    at animate (http://localhost:8123/mascot/mascot.js:601:23)
[   19184ms] ReferenceError: t is not defined
    at animate (http://localhost:8123/mascot/mascot.js:601:23)
[   19193ms] ReferenceError: t is not defined
    at animate (http://localhost:8123/mascot/mascot.js:601:23)
[   19201ms] ReferenceError: t is not defined
    at animate (http://localhost:8123/mascot/mascot.js:601:23)
[   19209ms] ReferenceError: t is not defined
    at animate (http://localhost:8123/mascot/mascot.js:601:23)
[   19218ms] ReferenceError: t is not defined
    at animate (http://localhost:8123/mascot/mascot.js:601:23)
[   19226ms] ReferenceError: t is not defined
    at animate (http://localhost:8123/mascot/mascot.js:601:23)
[   19236ms] ReferenceError: t is not defined
    at animate (http://localhost:8123/mascot/mascot.js:601:23)
[   19243ms] ReferenceError: t is not defined
    at animate (http://localhost:8123/mascot/mascot.js:601:23)
[   19252ms] ReferenceError: t is not defined
    at animate (http://localhost:8123/mascot/mascot.js:601:23)
[   19260ms] ReferenceError: t is not defined
    at animate (http://localhost:8123/mascot/mascot.js:601:23)
[   19269ms] ReferenceError: t is not defined
    at animate (http://localhost:8123/mascot/mascot.js:601:23)
[   19276ms] ReferenceError: t is not defined
    at animate (http://localhost:8123/mascot/mascot.js:601:23)
[   19285ms] ReferenceError: t is not defined
    at animate (http://localhost:8123/mascot/mascot.js:601:23)
[   19294ms] ReferenceError: t is not defined
    at animate (http://localhost:8123/mascot/mascot.js:601:23)
[   19302ms] ReferenceError: t is not defined
    at animate (http://localhost:8123/mascot/mascot.js:601:23)
[   19311ms] ReferenceError: t is not defined
    at animate (http://localhost:8123/mascot/mascot.js:601:23)
[   19319ms] ReferenceError: t is not defined
    at animate (http://localhost:8123/mascot/mascot.js:601:23)
[   19327ms] ReferenceError: t is not defined
    at animate (http://localhost:8123/mascot/mascot.js:601:23)
[   19336ms] ReferenceError: t is not defined
    at animate (http://localhost:8123/mascot/mascot.js:601:23)
[   19344ms] ReferenceError: t is not defined
    at animate (http://localhost:8123/mascot/mascot.js:601:23)
[   19353ms] ReferenceError: t is not defined
    at animate (http://localhost:8123/mascot/mascot.js:601:23)
[   19361ms] ReferenceError: t is not defined
    at animate (http://localhost:8123/mascot/mascot.js:601:23)
[   19370ms] ReferenceError: t is not defined
    at animate (http://localhost:8123/mascot/mascot.js:601:23)
[   19379ms] ReferenceError: t is not defined
    at animate (http://localhost:8123/mascot/mascot.js:601:23)
[   19386ms] ReferenceError: t is not defined
    at animate (http://localhost:8123/mascot/mascot.js:601:23)
[   19394ms] ReferenceError: t is not defined
    at animate (http://localhost:8123/mascot/mascot.js:601:23)
[   19402ms] ReferenceError: t is not defined
    at animate (http://localhost:8123/mascot/mascot.js:601:23)
[   19411ms] ReferenceError: t is not defined
    at animate (http://localhost:8123/mascot/mascot.js:601:23)
[   19419ms] ReferenceError: t is not defined
    at animate (http://localhost:8123/mascot/mascot.js:601:23)
[   19427ms] ReferenceError: t is not defined
    at animate (http://localhost:8123/mascot/mascot.js:601:23)
[   19436ms] ReferenceError: t is not defined
    at animate (http://localhost:8123/mascot/mascot.js:601:23)
[   19446ms] ReferenceError: t is not defined
    at animate (http://localhost:8123/mascot/mascot.js:601:23)
[   19452ms] ReferenceError: t is not defined
    at animate (http://localhost:8123/mascot/mascot.js:601:23)
[   19461ms] ReferenceError: t is not defined
    at animate (http://localhost:8123/mascot/mascot.js:601:23)
[   19469ms] ReferenceError: t is not defined
    at animate (http://localhost:8123/mascot/mascot.js:601:23)
[   19478ms] ReferenceError: t is not defined
    at animate (http://localhost:8123/mascot/mascot.js:601:23)
[   19486ms] ReferenceError: t is not defined
    at animate (http://localhost:8123/mascot/mascot.js:601:23)
[   19495ms] ReferenceError: t is not defined
    at animate (http://localhost:8123/mascot/mascot.js:601:23)
[   19502ms] ReferenceError: t is not defined
    at animate (http://localhost:8123/mascot/mascot.js:601:23)
[   19511ms] ReferenceError: t is not defined
    at animate (http://localhost:8123/mascot/mascot.js:601:23)
[   19519ms] ReferenceError: t is not defined
    at animate (http://localhost:8123/mascot/mascot.js:601:23)
[   19527ms] ReferenceError: t is not defined
    at animate (http://localhost:8123/mascot/mascot.js:601:23)
[   19535ms] ReferenceError: t is not defined
    at animate (http://localhost:8123/mascot/mascot.js:601:23)
[   19543ms] ReferenceError: t is not defined
    at animate (http://localhost:8123/mascot/mascot.js:601:23)
[   19552ms] ReferenceError: t is not defined
    at animate (http://localhost:8123/mascot/mascot.js:601:23)
[   19560ms] ReferenceError: t is not defined
    at animate (http://localhost:8123/mascot/mascot.js:601:23)
[   19568ms] ReferenceError: t is not defined
    at animate (http://localhost:8123/mascot/mascot.js:601:23)
[   19577ms] ReferenceError: t is not defined
    at animate (http://localhost:8123/mascot/mascot.js:601:23)
[   19585ms] ReferenceError: t is not defined
    at animate (http://localhost:8123/mascot/mascot.js:601:23)
[   19593ms] ReferenceError: t is not defined
    at animate (http://localhost:8123/mascot/mascot.js:601:23)
[   19601ms] ReferenceError: t is not defined
    at animate (http://localhost:8123/mascot/mascot.js:601:23)
[   19610ms] ReferenceError: t is not defined
    at animate (http://localhost:8123/mascot/mascot.js:601:23)
[   19619ms] ReferenceError: t is not defined
    at animate (http://localhost:8123/mascot/mascot.js:601:23)
[   19626ms] ReferenceError: t is not defined
    at animate (http://localhost:8123/mascot/mascot.js:601:23)
[   19635ms] ReferenceError: t is not defined
    at animate (http://localhost:8123/mascot/mascot.js:601:23)
[   19643ms] ReferenceError: t is not defined
    at animate (http://localhost:8123/mascot/mascot.js:601:23)
[   19651ms] ReferenceError: t is not defined
    at animate (http://localhost:8123/mascot/mascot.js:601:23)
[   19660ms] ReferenceError: t is not defined
    at animate (http://localhost:8123/mascot/mascot.js:601:23)
[   19668ms] ReferenceError: t is not defined
    at animate (http://localhost:8123/mascot/mascot.js:601:23)
[   19676ms] ReferenceError: t is not defined
    at animate (http://localhost:8123/mascot/mascot.js:601:23)
[   19685ms] ReferenceError: t is not defined
    at animate (http://localhost:8123/mascot/mascot.js:601:23)
[   19694ms] ReferenceError: t is not defined
    at animate (http://localhost:8123/mascot/mascot.js:601:23)
[   19702ms] ReferenceError: t is not defined
    at animate (http://localhost:8123/mascot/mascot.js:601:23)
[   19710ms] ReferenceError: t is not defined
    at animate (http://localhost:8123/mascot/mascot.js:601:23)
[   19718ms] ReferenceError: t is not defined
    at animate (http://localhost:8123/mascot/mascot.js:601:23)
[   19727ms] ReferenceError: t is not defined
    at animate (http://localhost:8123/mascot/mascot.js:601:23)
[   19735ms] ReferenceError: t is not defined
    at animate (http://localhost:8123/mascot/mascot.js:601:23)
[   19744ms] ReferenceError: t is not defined
    at animate (http://localhost:8123/mascot/mascot.js:601:23)
[   19752ms] ReferenceError: t is not defined
    at animate (http://localhost:8123/mascot/mascot.js:601:23)
[   19760ms] ReferenceError: t is not defined
    at animate (http://localhost:8123/mascot/mascot.js:601:23)
[   19769ms] ReferenceError: t is not defined
    at animate (http://localhost:8123/mascot/mascot.js:601:23)
[   19777ms] ReferenceError: t is not defined
    at animate (http://localhost:8123/mascot/mascot.js:601:23)
[   19785ms] ReferenceError: t is not defined
    at animate (http://localhost:8123/mascot/mascot.js:601:23)
[   19794ms] ReferenceError: t is not defined
    at animate (http://localhost:8123/mascot/mascot.js:601:23)
[   19802ms] ReferenceError: t is not defined
    at animate (http://localhost:8123/mascot/mascot.js:601:23)
[   19811ms] ReferenceError: t is not defined
    at animate (http://localhost:8123/mascot/mascot.js:601:23)
[   19820ms] ReferenceError: t is not defined
    at animate (http://localhost:8123/mascot/mascot.js:601:23)
[   19827ms] ReferenceError: t is not defined
    at animate (http://localhost:8123/mascot/mascot.js:601:23)
[   19836ms] ReferenceError: t is not defined
    at animate (http://localhost:8123/mascot/mascot.js:601:23)
[   19843ms] ReferenceError: t is not defined
    at animate (http://localhost:8123/mascot/mascot.js:601:23)
[   19853ms] ReferenceError: t is not defined
    at animate (http://localhost:8123/mascot/mascot.js:601:23)
[   19861ms] ReferenceError: t is not defined
    at animate (http://localhost:8123/mascot/mascot.js:601:23)
[   19869ms] ReferenceError: t is not defined
    at animate (http://localhost:8123/mascot/mascot.js:601:23)
[   19878ms] ReferenceError: t is not defined
    at animate (http://localhost:8123/mascot/mascot.js:601:23)
[   19886ms] ReferenceError: t is not defined
    at animate (http://localhost:8123/mascot/mascot.js:601:23)
[   19895ms] ReferenceError: t is not defined
    at animate (http://localhost:8123/mascot/mascot.js:601:23)
[   19902ms] ReferenceError: t is not defined
    at animate (http://localhost:8123/mascot/mascot.js:601:23)
[   19910ms] ReferenceError: t is not defined
    at animate (http://localhost:8123/mascot/mascot.js:601:23)
[   19919ms] ReferenceError: t is not defined
    at animate (http://localhost:8123/mascot/mascot.js:601:23)
[   19928ms] ReferenceError: t is not defined
    at animate (http://localhost:8123/mascot/mascot.js:601:23)
[   19936ms] ReferenceError: t is not defined
    at animate (http://localhost:8123/mascot/mascot.js:601:23)
[   19944ms] ReferenceError: t is not defined
    at animate (http://localhost:8123/mascot/mascot.js:601:23)
[   19952ms] ReferenceError: t is not defined
    at animate (http://localhost:8123/mascot/mascot.js:601:23)
[   19961ms] ReferenceError: t is not defined
    at animate (http://localhost:8123/mascot/mascot.js:601:23)
[   19969ms] ReferenceError: t is not defined
    at animate (http://localhost:8123/mascot/mascot.js:601:23)
[   19978ms] ReferenceError: t is not defined
    at animate (http://localhost:8123/mascot/mascot.js:601:23)
[   19986ms] ReferenceError: t is not defined
    at animate (http://localhost:8123/mascot/mascot.js:601:23)
[   19995ms] ReferenceError: t is not defined
    at animate (http://localhost:8123/mascot/mascot.js:601:23)
[   20003ms] ReferenceError: t is not defined
    at animate (http://localhost:8123/mascot/mascot.js:601:23)
[   20011ms] ReferenceError: t is not defined
    at animate (http://localhost:8123/mascot/mascot.js:601:23)
[   20019ms] ReferenceError: t is not defined
    at animate (http://localhost:8123/mascot/mascot.js:601:23)
[   20027ms] ReferenceError: t is not defined
    at animate (http://localhost:8123/mascot/mascot.js:601:23)
[   20036ms] ReferenceError: t is not defined
    at animate (http://localhost:8123/mascot/mascot.js:601:23)
[   20044ms] ReferenceError: t is not defined
    at animate (http://localhost:8123/mascot/mascot.js:601:23)
[   20053ms] ReferenceError: t is not defined
    at animate (http://localhost:8123/mascot/mascot.js:601:23)
[   20060ms] ReferenceError: t is not defined
    at animate (http://localhost:8123/mascot/mascot.js:601:23)
[   20069ms] ReferenceError: t is not defined
    at animate (http://localhost:8123/mascot/mascot.js:601:23)
[   20077ms] ReferenceError: t is not defined
    at animate (http://localhost:8123/mascot/mascot.js:601:23)
[   20086ms] ReferenceError: t is not defined
    at animate (http://localhost:8123/mascot/mascot.js:601:23)
[   20095ms] ReferenceError: t is not defined
    at animate (http://localhost:8123/mascot/mascot.js:601:23)
[   20102ms] ReferenceError: t is not defined
    at animate (http://localhost:8123/mascot/mascot.js:601:23)
[   20110ms] ReferenceError: t is not defined
    at animate (http://localhost:8123/mascot/mascot.js:601:23)
[   20118ms] ReferenceError: t is not defined
    at animate (http://localhost:8123/mascot/mascot.js:601:23)
[   20127ms] ReferenceError: t is not defined
    at animate (http://localhost:8123/mascot/mascot.js:601:23)
[   20135ms] ReferenceError: t is not defined
    at animate (http://localhost:8123/mascot/mascot.js:601:23)
[   20143ms] ReferenceError: t is not defined
    at animate (http://localhost:8123/mascot/mascot.js:601:23)
[   20151ms] ReferenceError: t is not defined
    at animate (http://localhost:8123/mascot/mascot.js:601:23)
[   20160ms] ReferenceError: t is not defined
    at animate (http://localhost:8123/mascot/mascot.js:601:23)
[   20168ms] ReferenceError: t is not defined
    at animate (http://localhost:8123/mascot/mascot.js:601:23)
[   20176ms] ReferenceError: t is not defined
    at animate (http://localhost:8123/mascot/mascot.js:601:23)
[   20185ms] ReferenceError: t is not defined
    at animate (http://localhost:8123/mascot/mascot.js:601:23)
[   20193ms] ReferenceError: t is not defined
    at animate (http://localhost:8123/mascot/mascot.js:601:23)
[   20201ms] ReferenceError: t is not defined
    at animate (http://localhost:8123/mascot/mascot.js:601:23)
[   20211ms] ReferenceError: t is not defined
    at animate (http://localhost:8123/mascot/mascot.js:601:23)
[   20219ms] ReferenceError: t is not defined
    at animate (http://localhost:8123/mascot/mascot.js:601:23)
[   20226ms] ReferenceError: t is not defined
    at animate (http://localhost:8123/mascot/mascot.js:601:23)
[   20235ms] ReferenceError: t is not defined
    at animate (http://localhost:8123/mascot/mascot.js:601:23)
[   20243ms] ReferenceError: t is not defined
    at animate (http://localhost:8123/mascot/mascot.js:601:23)
[   20251ms] ReferenceError: t is not defined
    at animate (http://localhost:8123/mascot/mascot.js:601:23)
[   20260ms] ReferenceError: t is not defined
    at animate (http://localhost:8123/mascot/mascot.js:601:23)
[   20268ms] ReferenceError: t is not defined
    at animate (http://localhost:8123/mascot/mascot.js:601:23)
[   20276ms] ReferenceError: t is not defined
    at animate (http://localhost:8123/mascot/mascot.js:601:23)
[   20285ms] ReferenceError: t is not defined
    at animate (http://localhost:8123/mascot/mascot.js:601:23)
[   20293ms] ReferenceError: t is not defined
    at animate (http://localhost:8123/mascot/mascot.js:601:23)
[   20302ms] ReferenceError: t is not defined
    at animate (http://localhost:8123/mascot/mascot.js:601:23)
[   20310ms] ReferenceError: t is not defined
    at animate (http://localhost:8123/mascot/mascot.js:601:23)
[   20318ms] ReferenceError: t is not defined
    at animate (http://localhost:8123/mascot/mascot.js:601:23)
[   20327ms] ReferenceError: t is not defined
    at animate (http://localhost:8123/mascot/mascot.js:601:23)
[   20336ms] ReferenceError: t is not defined
    at animate (http://localhost:8123/mascot/mascot.js:601:23)
[   20344ms] ReferenceError: t is not defined
    at animate (http://localhost:8123/mascot/mascot.js:601:23)
[   20351ms] ReferenceError: t is not defined
    at animate (http://localhost:8123/mascot/mascot.js:601:23)
[   20361ms] ReferenceError: t is not defined
    at animate (http://localhost:8123/mascot/mascot.js:601:23)
[   20368ms] ReferenceError: t is not defined
    at animate (http://localhost:8123/mascot/mascot.js:601:23)
[   20377ms] ReferenceError: t is not defined
    at animate (http://localhost:8123/mascot/mascot.js:601:23)
[   20385ms] ReferenceError: t is not defined
    at animate (http://localhost:8123/mascot/mascot.js:601:23)
[   20393ms] ReferenceError: t is not defined
    at animate (http://localhost:8123/mascot/mascot.js:601:23)
[   20402ms] ReferenceError: t is not defined
    at animate (http://localhost:8123/mascot/mascot.js:601:23)
[   20410ms] ReferenceError: t is not defined
    at animate (http://localhost:8123/mascot/mascot.js:601:23)
[   20419ms] ReferenceError: t is not defined
    at animate (http://localhost:8123/mascot/mascot.js:601:23)
[   20427ms] ReferenceError: t is not defined
    at animate (http://localhost:8123/mascot/mascot.js:601:23)
[   20436ms] ReferenceError: t is not defined
    at animate (http://localhost:8123/mascot/mascot.js:601:23)
[   20444ms] ReferenceError: t is not defined
    at animate (http://localhost:8123/mascot/mascot.js:601:23)
[   20452ms] ReferenceError: t is not defined
    at animate (http://localhost:8123/mascot/mascot.js:601:23)
[   20461ms] ReferenceError: t is not defined
    at animate (http://localhost:8123/mascot/mascot.js:601:23)
[   20471ms] ReferenceError: t is not defined
    at animate (http://localhost:8123/mascot/mascot.js:601:23)
[   20478ms] ReferenceError: t is not defined
    at animate (http://localhost:8123/mascot/mascot.js:601:23)
[   20485ms] ReferenceError: t is not defined
    at animate (http://localhost:8123/mascot/mascot.js:601:23)
[   20493ms] ReferenceError: t is not defined
    at animate (http://localhost:8123/mascot/mascot.js:601:23)
[   20502ms] ReferenceError: t is not defined
    at animate (http://localhost:8123/mascot/mascot.js:601:23)
[   20510ms] ReferenceError: t is not defined
    at animate (http://localhost:8123/mascot/mascot.js:601:23)
[   20518ms] ReferenceError: t is not defined
    at animate (http://localhost:8123/mascot/mascot.js:601:23)
[   20527ms] ReferenceError: t is not defined
    at animate (http://localhost:8123/mascot/mascot.js:601:23)
[   20535ms] ReferenceError: t is not defined
    at animate (http://localhost:8123/mascot/mascot.js:601:23)
[   20544ms] ReferenceError: t is not defined
    at animate (http://localhost:8123/mascot/mascot.js:601:23)
[   20552ms] ReferenceError: t is not defined
    at animate (http://localhost:8123/mascot/mascot.js:601:23)
[   20560ms] ReferenceError: t is not defined
    at animate (http://localhost:8123/mascot/mascot.js:601:23)
[   20569ms] ReferenceError: t is not defined
    at animate (http://localhost:8123/mascot/mascot.js:601:23)
[   20577ms] ReferenceError: t is not defined
    at animate (http://localhost:8123/mascot/mascot.js:601:23)
[   20586ms] ReferenceError: t is not defined
    at animate (http://localhost:8123/mascot/mascot.js:601:23)
[   20596ms] ReferenceError: t is not defined
    at animate (http://localhost:8123/mascot/mascot.js:601:23)
[   20603ms] ReferenceError: t is not defined
    at animate (http://localhost:8123/mascot/mascot.js:601:23)
[   20610ms] ReferenceError: t is not defined
    at animate (http://localhost:8123/mascot/mascot.js:601:23)
[   20619ms] ReferenceError: t is not defined
    at animate (http://localhost:8123/mascot/mascot.js:601:23)
[   20627ms] ReferenceError: t is not defined
    at animate (http://localhost:8123/mascot/mascot.js:601:23)
[   20635ms] ReferenceError: t is not defined
    at animate (http://localhost:8123/mascot/mascot.js:601:23)
[   20643ms] ReferenceError: t is not defined
    at animate (http://localhost:8123/mascot/mascot.js:601:23)
[   20651ms] ReferenceError: t is not defined
    at animate (http://localhost:8123/mascot/mascot.js:601:23)
[   20660ms] ReferenceError: t is not defined
    at animate (http://localhost:8123/mascot/mascot.js:601:23)
[   20668ms] ReferenceError: t is not defined
    at animate (http://localhost:8123/mascot/mascot.js:601:23)
[   20676ms] ReferenceError: t is not defined
    at animate (http://localhost:8123/mascot/mascot.js:601:23)
[   20684ms] ReferenceError: t is not defined
    at animate (http://localhost:8123/mascot/mascot.js:601:23)
[   20693ms] ReferenceError: t is not defined
    at animate (http://localhost:8123/mascot/mascot.js:601:23)
[   20701ms] ReferenceError: t is not defined
    at animate (http://localhost:8123/mascot/mascot.js:601:23)
[   20710ms] ReferenceError: t is not defined
    at animate (http://localhost:8123/mascot/mascot.js:601:23)
[   20718ms] ReferenceError: t is not defined
    at animate (http://localhost:8123/mascot/mascot.js:601:23)
[   20726ms] ReferenceError: t is not defined
    at animate (http://localhost:8123/mascot/mascot.js:601:23)
[   20735ms] ReferenceError: t is not defined
    at animate (http://localhost:8123/mascot/mascot.js:601:23)
[   20743ms] ReferenceError: t is not defined
    at animate (http://localhost:8123/mascot/mascot.js:601:23)
[   20751ms] ReferenceError: t is not defined
    at animate (http://localhost:8123/mascot/mascot.js:601:23)
[   20760ms] ReferenceError: t is not defined
    at animate (http://localhost:8123/mascot/mascot.js:601:23)
[   20768ms] ReferenceError: t is not defined
    at animate (http://localhost:8123/mascot/mascot.js:601:23)
[   20776ms] ReferenceError: t is not defined
    at animate (http://localhost:8123/mascot/mascot.js:601:23)
[   20785ms] ReferenceError: t is not defined
    at animate (http://localhost:8123/mascot/mascot.js:601:23)
[   20793ms] ReferenceError: t is not defined
    at animate (http://localhost:8123/mascot/mascot.js:601:23)
[   20801ms] ReferenceError: t is not defined
    at animate (http://localhost:8123/mascot/mascot.js:601:23)
[   20809ms] ReferenceError: t is not defined
    at animate (http://localhost:8123/mascot/mascot.js:601:23)
[   20818ms] ReferenceError: t is not defined
    at animate (http://localhost:8123/mascot/mascot.js:601:23)
[   20827ms] ReferenceError: t is not defined
    at animate (http://localhost:8123/mascot/mascot.js:601:23)
[   20836ms] ReferenceError: t is not defined
    at animate (http://localhost:8123/mascot/mascot.js:601:23)
[   20844ms] ReferenceError: t is not defined
    at animate (http://localhost:8123/mascot/mascot.js:601:23)
[   20852ms] ReferenceError: t is not defined
    at animate (http://localhost:8123/mascot/mascot.js:601:23)
[   20860ms] ReferenceError: t is not defined
    at animate (http://localhost:8123/mascot/mascot.js:601:23)
[   20868ms] ReferenceError: t is not defined
    at animate (http://localhost:8123/mascot/mascot.js:601:23)
[   20877ms] ReferenceError: t is not defined
    at animate (http://localhost:8123/mascot/mascot.js:601:23)
[   20885ms] ReferenceError: t is not defined
    at animate (http://localhost:8123/mascot/mascot.js:601:23)
[   20895ms] ReferenceError: t is not defined
    at animate (http://localhost:8123/mascot/mascot.js:601:23)
[   20902ms] ReferenceError: t is not defined
    at animate (http://localhost:8123/mascot/mascot.js:601:23)
[   20912ms] ReferenceError: t is not defined
    at animate (http://localhost:8123/mascot/mascot.js:601:23)
[   20919ms] ReferenceError: t is not defined
    at animate (http://localhost:8123/mascot/mascot.js:601:23)
[   20927ms] ReferenceError: t is not defined
    at animate (http://localhost:8123/mascot/mascot.js:601:23)
[   20936ms] ReferenceError: t is not defined
    at animate (http://localhost:8123/mascot/mascot.js:601:23)
[   20944ms] ReferenceError: t is not defined
    at animate (http://localhost:8123/mascot/mascot.js:601:23)
[   20952ms] ReferenceError: t is not defined
    at animate (http://localhost:8123/mascot/mascot.js:601:23)
[   20961ms] ReferenceError: t is not defined
    at animate (http://localhost:8123/mascot/mascot.js:601:23)
[   20969ms] ReferenceError: t is not defined
    at animate (http://localhost:8123/mascot/mascot.js:601:23)
[   20977ms] ReferenceError: t is not defined
    at animate (http://localhost:8123/mascot/mascot.js:601:23)
[   20986ms] ReferenceError: t is not defined
    at animate (http://localhost:8123/mascot/mascot.js:601:23)
[   20994ms] ReferenceError: t is not defined
    at animate (http://localhost:8123/mascot/mascot.js:601:23)
[   21002ms] ReferenceError: t is not defined
    at animate (http://localhost:8123/mascot/mascot.js:601:23)
[   21011ms] ReferenceError: t is not defined
    at animate (http://localhost:8123/mascot/mascot.js:601:23)
[   21019ms] ReferenceError: t is not defined
    at animate (http://localhost:8123/mascot/mascot.js:601:23)
[   21027ms] ReferenceError: t is not defined
    at animate (http://localhost:8123/mascot/mascot.js:601:23)
[   21036ms] ReferenceError: t is not defined
    at animate (http://localhost:8123/mascot/mascot.js:601:23)
[   21044ms] ReferenceError: t is not defined
    at animate (http://localhost:8123/mascot/mascot.js:601:23)
[   21053ms] ReferenceError: t is not defined
    at animate (http://localhost:8123/mascot/mascot.js:601:23)
[   21061ms] ReferenceError: t is not defined
    at animate (http://localhost:8123/mascot/mascot.js:601:23)
[   21069ms] ReferenceError: t is not defined
    at animate (http://localhost:8123/mascot/mascot.js:601:23)
[   21077ms] ReferenceError: t is not defined
    at animate (http://localhost:8123/mascot/mascot.js:601:23)
[   21085ms] ReferenceError: t is not defined
    at animate (http://localhost:8123/mascot/mascot.js:601:23)
[   21095ms] ReferenceError: t is not defined
    at animate (http://localhost:8123/mascot/mascot.js:601:23)
[   21102ms] ReferenceError: t is not defined
    at animate (http://localhost:8123/mascot/mascot.js:601:23)
[   21110ms] ReferenceError: t is not defined
    at animate (http://localhost:8123/mascot/mascot.js:601:23)
[   21119ms] ReferenceError: t is not defined
    at animate (http://localhost:8123/mascot/mascot.js:601:23)
[   21127ms] ReferenceError: t is not defined
    at animate (http://localhost:8123/mascot/mascot.js:601:23)
[   21135ms] ReferenceError: t is not defined
    at animate (http://localhost:8123/mascot/mascot.js:601:23)
[   21143ms] ReferenceError: t is not defined
    at animate (http://localhost:8123/mascot/mascot.js:601:23)
[   21151ms] ReferenceError: t is not defined
    at animate (http://localhost:8123/mascot/mascot.js:601:23)
[   21161ms] ReferenceError: t is not defined
    at animate (http://localhost:8123/mascot/mascot.js:601:23)
[   21169ms] ReferenceError: t is not defined
    at animate (http://localhost:8123/mascot/mascot.js:601:23)
[   21177ms] ReferenceError: t is not defined
    at animate (http://localhost:8123/mascot/mascot.js:601:23)
[   21185ms] ReferenceError: t is not defined
    at animate (http://localhost:8123/mascot/mascot.js:601:23)
[   21194ms] ReferenceError: t is not defined
    at animate (http://localhost:8123/mascot/mascot.js:601:23)
[   21202ms] ReferenceError: t is not defined
    at animate (http://localhost:8123/mascot/mascot.js:601:23)
[   21210ms] ReferenceError: t is not defined
    at animate (http://localhost:8123/mascot/mascot.js:601:23)
[   21218ms] ReferenceError: t is not defined
    at animate (http://localhost:8123/mascot/mascot.js:601:23)
[   21228ms] ReferenceError: t is not defined
    at animate (http://localhost:8123/mascot/mascot.js:601:23)
[   21235ms] ReferenceError: t is not defined
    at animate (http://localhost:8123/mascot/mascot.js:601:23)
[   21244ms] ReferenceError: t is not defined
    at animate (http://localhost:8123/mascot/mascot.js:601:23)
[   21252ms] ReferenceError: t is not defined
    at animate (http://localhost:8123/mascot/mascot.js:601:23)
[   21261ms] ReferenceError: t is not defined
    at animate (http://localhost:8123/mascot/mascot.js:601:23)
[   21269ms] ReferenceError: t is not defined
    at animate (http://localhost:8123/mascot/mascot.js:601:23)
[   21277ms] ReferenceError: t is not defined
    at animate (http://localhost:8123/mascot/mascot.js:601:23)
[   21286ms] ReferenceError: t is not defined
    at animate (http://localhost:8123/mascot/mascot.js:601:23)
[   21293ms] ReferenceError: t is not defined
    at animate (http://localhost:8123/mascot/mascot.js:601:23)
[   21303ms] ReferenceError: t is not defined
    at animate (http://localhost:8123/mascot/mascot.js:601:23)
[   21311ms] ReferenceError: t is not defined
    at animate (http://localhost:8123/mascot/mascot.js:601:23)
[   21320ms] ReferenceError: t is not defined
    at animate (http://localhost:8123/mascot/mascot.js:601:23)
[   21327ms] ReferenceError: t is not defined
    at animate (http://localhost:8123/mascot/mascot.js:601:23)
[   21335ms] ReferenceError: t is not defined
    at animate (http://localhost:8123/mascot/mascot.js:601:23)
[   21344ms] ReferenceError: t is not defined
    at animate (http://localhost:8123/mascot/mascot.js:601:23)
[   21352ms] ReferenceError: t is not defined
    at animate (http://localhost:8123/mascot/mascot.js:601:23)
[   21361ms] ReferenceError: t is not defined
    at animate (http://localhost:8123/mascot/mascot.js:601:23)
[   21369ms] ReferenceError: t is not defined
    at animate (http://localhost:8123/mascot/mascot.js:601:23)
[   21377ms] ReferenceError: t is not defined
    at animate (http://localhost:8123/mascot/mascot.js:601:23)
[   21385ms] ReferenceError: t is not defined
    at animate (http://localhost:8123/mascot/mascot.js:601:23)
[   21394ms] ReferenceError: t is not defined
    at animate (http://localhost:8123/mascot/mascot.js:601:23)
[   21403ms] ReferenceError: t is not defined
    at animate (http://localhost:8123/mascot/mascot.js:601:23)
[   21410ms] ReferenceError: t is not defined
    at animate (http://localhost:8123/mascot/mascot.js:601:23)
[   21419ms] ReferenceError: t is not defined
    at animate (http://localhost:8123/mascot/mascot.js:601:23)
[   21427ms] ReferenceError: t is not defined
    at animate (http://localhost:8123/mascot/mascot.js:601:23)
[   21436ms] ReferenceError: t is not defined
    at animate (http://localhost:8123/mascot/mascot.js:601:23)
[   21444ms] ReferenceError: t is not defined
    at animate (http://localhost:8123/mascot/mascot.js:601:23)
[   21452ms] ReferenceError: t is not defined
    at animate (http://localhost:8123/mascot/mascot.js:601:23)
[   21460ms] ReferenceError: t is not defined
    at animate (http://localhost:8123/mascot/mascot.js:601:23)
[   21468ms] ReferenceError: t is not defined
    at animate (http://localhost:8123/mascot/mascot.js:601:23)
[   21476ms] ReferenceError: t is not defined
    at animate (http://localhost:8123/mascot/mascot.js:601:23)
[   21485ms] ReferenceError: t is not defined
    at animate (http://localhost:8123/mascot/mascot.js:601:23)
[   21494ms] ReferenceError: t is not defined
    at animate (http://localhost:8123/mascot/mascot.js:601:23)
[   21502ms] ReferenceError: t is not defined
    at animate (http://localhost:8123/mascot/mascot.js:601:23)
[   21511ms] ReferenceError: t is not defined
    at animate (http://localhost:8123/mascot/mascot.js:601:23)
[   21519ms] ReferenceError: t is not defined
    at animate (http://localhost:8123/mascot/mascot.js:601:23)
[   21528ms] ReferenceError: t is not defined
    at animate (http://localhost:8123/mascot/mascot.js:601:23)
[   21535ms] ReferenceError: t is not defined
    at animate (http://localhost:8123/mascot/mascot.js:601:23)
[   21545ms] ReferenceError: t is not defined
    at animate (http://localhost:8123/mascot/mascot.js:601:23)
[   21552ms] ReferenceError: t is not defined
    at animate (http://localhost:8123/mascot/mascot.js:601:23)
[   21561ms] ReferenceError: t is not defined
    at animate (http://localhost:8123/mascot/mascot.js:601:23)
[   21569ms] ReferenceError: t is not defined
    at animate (http://localhost:8123/mascot/mascot.js:601:23)
[   21577ms] ReferenceError: t is not defined
    at animate (http://localhost:8123/mascot/mascot.js:601:23)
[   21585ms] ReferenceError: t is not defined
    at animate (http://localhost:8123/mascot/mascot.js:601:23)
[   21593ms] ReferenceError: t is not defined
    at animate (http://localhost:8123/mascot/mascot.js:601:23)
[   21602ms] ReferenceError: t is not defined
    at animate (http://localhost:8123/mascot/mascot.js:601:23)
[   21610ms] ReferenceError: t is not defined
    at animate (http://localhost:8123/mascot/mascot.js:601:23)
[   21618ms] ReferenceError: t is not defined
    at animate (http://localhost:8123/mascot/mascot.js:601:23)
[   21630ms] ReferenceError: t is not defined
    at animate (http://localhost:8123/mascot/mascot.js:601:23)
[   21636ms] ReferenceError: t is not defined
    at animate (http://localhost:8123/mascot/mascot.js:601:23)
[   21644ms] ReferenceError: t is not defined
    at animate (http://localhost:8123/mascot/mascot.js:601:23)
[   21653ms] ReferenceError: t is not defined
    at animate (http://localhost:8123/mascot/mascot.js:601:23)
[   21660ms] ReferenceError: t is not defined
    at animate (http://localhost:8123/mascot/mascot.js:601:23)
[   21669ms] ReferenceError: t is not defined
    at animate (http://localhost:8123/mascot/mascot.js:601:23)
[   21677ms] ReferenceError: t is not defined
    at animate (http://localhost:8123/mascot/mascot.js:601:23)
[   21685ms] ReferenceError: t is not defined
    at animate (http://localhost:8123/mascot/mascot.js:601:23)
[   21693ms] ReferenceError: t is not defined
    at animate (http://localhost:8123/mascot/mascot.js:601:23)
[   21702ms] ReferenceError: t is not defined
    at animate (http://localhost:8123/mascot/mascot.js:601:23)
[   21710ms] ReferenceError: t is not defined
    at animate (http://localhost:8123/mascot/mascot.js:601:23)
[   21718ms] ReferenceError: t is not defined
    at animate (http://localhost:8123/mascot/mascot.js:601:23)
[   21726ms] ReferenceError: t is not defined
    at animate (http://localhost:8123/mascot/mascot.js:601:23)
[   21735ms] ReferenceError: t is not defined
    at animate (http://localhost:8123/mascot/mascot.js:601:23)
[   21743ms] ReferenceError: t is not defined
    at animate (http://localhost:8123/mascot/mascot.js:601:23)
[   21751ms] ReferenceError: t is not defined
    at animate (http://localhost:8123/mascot/mascot.js:601:23)
[   21760ms] ReferenceError: t is not defined
    at animate (http://localhost:8123/mascot/mascot.js:601:23)
[   21768ms] ReferenceError: t is not defined
    at animate (http://localhost:8123/mascot/mascot.js:601:23)
[   21777ms] ReferenceError: t is not defined
    at animate (http://localhost:8123/mascot/mascot.js:601:23)
[   21785ms] ReferenceError: t is not defined
    at animate (http://localhost:8123/mascot/mascot.js:601:23)
[   21793ms] ReferenceError: t is not defined
    at animate (http://localhost:8123/mascot/mascot.js:601:23)
[   21801ms] ReferenceError: t is not defined
    at animate (http://localhost:8123/mascot/mascot.js:601:23)
[   21810ms] ReferenceError: t is not defined
    at animate (http://localhost:8123/mascot/mascot.js:601:23)
[   21818ms] ReferenceError: t is not defined
    at animate (http://localhost:8123/mascot/mascot.js:601:23)
[   21826ms] ReferenceError: t is not defined
    at animate (http://localhost:8123/mascot/mascot.js:601:23)
[   21836ms] ReferenceError: t is not defined
    at animate (http://localhost:8123/mascot/mascot.js:601:23)
[   21843ms] ReferenceError: t is not defined
    at animate (http://localhost:8123/mascot/mascot.js:601:23)
[   21851ms] ReferenceError: t is not defined
    at animate (http://localhost:8123/mascot/mascot.js:601:23)
[   21860ms] ReferenceError: t is not defined
    at animate (http://localhost:8123/mascot/mascot.js:601:23)
[   21868ms] ReferenceError: t is not defined
    at animate (http://localhost:8123/mascot/mascot.js:601:23)
[   21876ms] ReferenceError: t is not defined
    at animate (http://localhost:8123/mascot/mascot.js:601:23)
[   21886ms] ReferenceError: t is not defined
    at animate (http://localhost:8123/mascot/mascot.js:601:23)
[   21894ms] ReferenceError: t is not defined
    at animate (http://localhost:8123/mascot/mascot.js:601:23)
[   21902ms] ReferenceError: t is not defined
    at animate (http://localhost:8123/mascot/mascot.js:601:23)
[   21910ms] ReferenceError: t is not defined
    at animate (http://localhost:8123/mascot/mascot.js:601:23)
[   21919ms] ReferenceError: t is not defined
    at animate (http://localhost:8123/mascot/mascot.js:601:23)
[   21927ms] ReferenceError: t is not defined
    at animate (http://localhost:8123/mascot/mascot.js:601:23)
[   21935ms] ReferenceError: t is not defined
    at animate (http://localhost:8123/mascot/mascot.js:601:23)
[   21944ms] ReferenceError: t is not defined
    at animate (http://localhost:8123/mascot/mascot.js:601:23)
[   21952ms] ReferenceError: t is not defined
    at animate (http://localhost:8123/mascot/mascot.js:601:23)
[   21960ms] ReferenceError: t is not defined
    at animate (http://localhost:8123/mascot/mascot.js:601:23)
[   21969ms] ReferenceError: t is not defined
    at animate (http://localhost:8123/mascot/mascot.js:601:23)
[   21977ms] ReferenceError: t is not defined
    at animate (http://localhost:8123/mascot/mascot.js:601:23)
[   21986ms] ReferenceError: t is not defined
    at animate (http://localhost:8123/mascot/mascot.js:601:23)
[   21994ms] ReferenceError: t is not defined
    at animate (http://localhost:8123/mascot/mascot.js:601:23)
[   22003ms] ReferenceError: t is not defined
    at animate (http://localhost:8123/mascot/mascot.js:601:23)
[   22011ms] ReferenceError: t is not defined
    at animate (http://localhost:8123/mascot/mascot.js:601:23)
[   22019ms] ReferenceError: t is not defined
    at animate (http://localhost:8123/mascot/mascot.js:601:23)
[   22027ms] ReferenceError: t is not defined
    at animate (http://localhost:8123/mascot/mascot.js:601:23)
[   22036ms] ReferenceError: t is not defined
    at animate (http://localhost:8123/mascot/mascot.js:601:23)
[   22044ms] ReferenceError: t is not defined
    at animate (http://localhost:8123/mascot/mascot.js:601:23)
[   22053ms] ReferenceError: t is not defined
    at animate (http://localhost:8123/mascot/mascot.js:601:23)
[   22061ms] ReferenceError: t is not defined
    at animate (http://localhost:8123/mascot/mascot.js:601:23)
[   22071ms] ReferenceError: t is not defined
    at animate (http://localhost:8123/mascot/mascot.js:601:23)
[   22077ms] ReferenceError: t is not defined
    at animate (http://localhost:8123/mascot/mascot.js:601:23)
[   22085ms] ReferenceError: t is not defined
    at animate (http://localhost:8123/mascot/mascot.js:601:23)
[   22095ms] ReferenceError: t is not defined
    at animate (http://localhost:8123/mascot/mascot.js:601:23)
[   22102ms] ReferenceError: t is not defined
    at animate (http://localhost:8123/mascot/mascot.js:601:23)
[   22110ms] ReferenceError: t is not defined
    at animate (http://localhost:8123/mascot/mascot.js:601:23)
[   22118ms] ReferenceError: t is not defined
    at animate (http://localhost:8123/mascot/mascot.js:601:23)
[   22127ms] ReferenceError: t is not defined
    at animate (http://localhost:8123/mascot/mascot.js:601:23)
[   22135ms] ReferenceError: t is not defined
    at animate (http://localhost:8123/mascot/mascot.js:601:23)
[   22143ms] ReferenceError: t is not defined
    at animate (http://localhost:8123/mascot/mascot.js:601:23)
[   22152ms] ReferenceError: t is not defined
    at animate (http://localhost:8123/mascot/mascot.js:601:23)
[   22160ms] ReferenceError: t is not defined
    at animate (http://localhost:8123/mascot/mascot.js:601:23)
[   22168ms] ReferenceError: t is not defined
    at animate (http://localhost:8123/mascot/mascot.js:601:23)
[   22177ms] ReferenceError: t is not defined
    at animate (http://localhost:8123/mascot/mascot.js:601:23)
[   22185ms] ReferenceError: t is not defined
    at animate (http://localhost:8123/mascot/mascot.js:601:23)
[   22194ms] ReferenceError: t is not defined
    at animate (http://localhost:8123/mascot/mascot.js:601:23)
[   22202ms] ReferenceError: t is not defined
    at animate (http://localhost:8123/mascot/mascot.js:601:23)
[   22211ms] ReferenceError: t is not defined
    at animate (http://localhost:8123/mascot/mascot.js:601:23)
[   22218ms] ReferenceError: t is not defined
    at animate (http://localhost:8123/mascot/mascot.js:601:23)
[   22227ms] ReferenceError: t is not defined
    at animate (http://localhost:8123/mascot/mascot.js:601:23)
[   22235ms] ReferenceError: t is not defined
    at animate (http://localhost:8123/mascot/mascot.js:601:23)
[   22244ms] ReferenceError: t is not defined
    at animate (http://localhost:8123/mascot/mascot.js:601:23)
[   22252ms] ReferenceError: t is not defined
    at animate (http://localhost:8123/mascot/mascot.js:601:23)
[   22261ms] ReferenceError: t is not defined
    at animate (http://localhost:8123/mascot/mascot.js:601:23)
[   22269ms] ReferenceError: t is not defined
    at animate (http://localhost:8123/mascot/mascot.js:601:23)
[   22277ms] ReferenceError: t is not defined
    at animate (http://localhost:8123/mascot/mascot.js:601:23)
[   22286ms] ReferenceError: t is not defined
    at animate (http://localhost:8123/mascot/mascot.js:601:23)
[   22294ms] ReferenceError: t is not defined
    at animate (http://localhost:8123/mascot/mascot.js:601:23)
[   22302ms] ReferenceError: t is not defined
    at animate (http://localhost:8123/mascot/mascot.js:601:23)
[   22310ms] ReferenceError: t is not defined
    at animate (http://localhost:8123/mascot/mascot.js:601:23)
[   22319ms] ReferenceError: t is not defined
    at animate (http://localhost:8123/mascot/mascot.js:601:23)
[   22328ms] ReferenceError: t is not defined
    at animate (http://localhost:8123/mascot/mascot.js:601:23)
[   22335ms] ReferenceError: t is not defined
    at animate (http://localhost:8123/mascot/mascot.js:601:23)
[   22344ms] ReferenceError: t is not defined
    at animate (http://localhost:8123/mascot/mascot.js:601:23)
[   22352ms] ReferenceError: t is not defined
    at animate (http://localhost:8123/mascot/mascot.js:601:23)
[   22360ms] ReferenceError: t is not defined
    at animate (http://localhost:8123/mascot/mascot.js:601:23)
[   22369ms] ReferenceError: t is not defined
    at animate (http://localhost:8123/mascot/mascot.js:601:23)
[   22378ms] ReferenceError: t is not defined
    at animate (http://localhost:8123/mascot/mascot.js:601:23)
[   22386ms] ReferenceError: t is not defined
    at animate (http://localhost:8123/mascot/mascot.js:601:23)
[   22394ms] ReferenceError: t is not defined
    at animate (http://localhost:8123/mascot/mascot.js:601:23)
[   22402ms] ReferenceError: t is not defined
    at animate (http://localhost:8123/mascot/mascot.js:601:23)
[   22411ms] ReferenceError: t is not defined
    at animate (http://localhost:8123/mascot/mascot.js:601:23)
[   22419ms] ReferenceError: t is not defined
    at animate (http://localhost:8123/mascot/mascot.js:601:23)
[   22427ms] ReferenceError: t is not defined
    at animate (http://localhost:8123/mascot/mascot.js:601:23)
[   22435ms] ReferenceError: t is not defined
    at animate (http://localhost:8123/mascot/mascot.js:601:23)
[   22445ms] ReferenceError: t is not defined
    at animate (http://localhost:8123/mascot/mascot.js:601:23)
[   22453ms] ReferenceError: t is not defined
    at animate (http://localhost:8123/mascot/mascot.js:601:23)
[   22460ms] ReferenceError: t is not defined
    at animate (http://localhost:8123/mascot/mascot.js:601:23)
[   22468ms] ReferenceError: t is not defined
    at animate (http://localhost:8123/mascot/mascot.js:601:23)
[   22476ms] ReferenceError: t is not defined
    at animate (http://localhost:8123/mascot/mascot.js:601:23)
[   22486ms] ReferenceError: t is not defined
    at animate (http://localhost:8123/mascot/mascot.js:601:23)
[   22494ms] ReferenceError: t is not defined
    at animate (http://localhost:8123/mascot/mascot.js:601:23)
[   22502ms] ReferenceError: t is not defined
    at animate (http://localhost:8123/mascot/mascot.js:601:23)
[   22511ms] ReferenceError: t is not defined
    at animate (http://localhost:8123/mascot/mascot.js:601:23)
[   22519ms] ReferenceError: t is not defined
    at animate (http://localhost:8123/mascot/mascot.js:601:23)
[   22527ms] ReferenceError: t is not defined
    at animate (http://localhost:8123/mascot/mascot.js:601:23)
[   22535ms] ReferenceError: t is not defined
    at animate (http://localhost:8123/mascot/mascot.js:601:23)
[   22544ms] ReferenceError: t is not defined
    at animate (http://localhost:8123/mascot/mascot.js:601:23)
[   22552ms] ReferenceError: t is not defined
    at animate (http://localhost:8123/mascot/mascot.js:601:23)
[   22560ms] ReferenceError: t is not defined
    at animate (http://localhost:8123/mascot/mascot.js:601:23)
[   22569ms] ReferenceError: t is not defined
    at animate (http://localhost:8123/mascot/mascot.js:601:23)
[   22578ms] ReferenceError: t is not defined
    at animate (http://localhost:8123/mascot/mascot.js:601:23)
[   22586ms] ReferenceError: t is not defined
    at animate (http://localhost:8123/mascot/mascot.js:601:23)
[   22594ms] ReferenceError: t is not defined
    at animate (http://localhost:8123/mascot/mascot.js:601:23)
[   22602ms] ReferenceError: t is not defined
    at animate (http://localhost:8123/mascot/mascot.js:601:23)
[   22617ms] ReferenceError: t is not defined
    at animate (http://localhost:8123/mascot/mascot.js:601:23)
[   22619ms] ReferenceError: t is not defined
    at animate (http://localhost:8123/mascot/mascot.js:601:23)
[   22629ms] ReferenceError: t is not defined
    at animate (http://localhost:8123/mascot/mascot.js:601:23)
[   22636ms] ReferenceError: t is not defined
    at animate (http://localhost:8123/mascot/mascot.js:601:23)
[   22644ms] ReferenceError: t is not defined
    at animate (http://localhost:8123/mascot/mascot.js:601:23)
[   22652ms] ReferenceError: t is not defined
    at animate (http://localhost:8123/mascot/mascot.js:601:23)
[   22661ms] ReferenceError: t is not defined
    at animate (http://localhost:8123/mascot/mascot.js:601:23)
[   22669ms] ReferenceError: t is not defined
    at animate (http://localhost:8123/mascot/mascot.js:601:23)
[   22677ms] ReferenceError: t is not defined
    at animate (http://localhost:8123/mascot/mascot.js:601:23)
[   22685ms] ReferenceError: t is not defined
    at animate (http://localhost:8123/mascot/mascot.js:601:23)
[   22693ms] ReferenceError: t is not defined
    at animate (http://localhost:8123/mascot/mascot.js:601:23)
[   22701ms] ReferenceError: t is not defined
    at animate (http://localhost:8123/mascot/mascot.js:601:23)
[   22710ms] ReferenceError: t is not defined
    at animate (http://localhost:8123/mascot/mascot.js:601:23)
[   22718ms] ReferenceError: t is not defined
    at animate (http://localhost:8123/mascot/mascot.js:601:23)
[   22726ms] ReferenceError: t is not defined
    at animate (http://localhost:8123/mascot/mascot.js:601:23)
[   22735ms] ReferenceError: t is not defined
    at animate (http://localhost:8123/mascot/mascot.js:601:23)
[   22744ms] ReferenceError: t is not defined
    at animate (http://localhost:8123/mascot/mascot.js:601:23)
[   22751ms] ReferenceError: t is not defined
    at animate (http://localhost:8123/mascot/mascot.js:601:23)
[   22761ms] ReferenceError: t is not defined
    at animate (http://localhost:8123/mascot/mascot.js:601:23)
[   22768ms] ReferenceError: t is not defined
    at animate (http://localhost:8123/mascot/mascot.js:601:23)
[   22778ms] ReferenceError: t is not defined
    at animate (http://localhost:8123/mascot/mascot.js:601:23)
[   22785ms] ReferenceError: t is not defined
    at animate (http://localhost:8123/mascot/mascot.js:601:23)
[   22793ms] ReferenceError: t is not defined
    at animate (http://localhost:8123/mascot/mascot.js:601:23)
[   22801ms] ReferenceError: t is not defined
    at animate (http://localhost:8123/mascot/mascot.js:601:23)
[   22811ms] ReferenceError: t is not defined
    at animate (http://localhost:8123/mascot/mascot.js:601:23)
[   22818ms] ReferenceError: t is not defined
    at animate (http://localhost:8123/mascot/mascot.js:601:23)
[   22827ms] ReferenceError: t is not defined
    at animate (http://localhost:8123/mascot/mascot.js:601:23)
[   22835ms] ReferenceError: t is not defined
    at animate (http://localhost:8123/mascot/mascot.js:601:23)
[   22843ms] ReferenceError: t is not defined
    at animate (http://localhost:8123/mascot/mascot.js:601:23)
[   22851ms] ReferenceError: t is not defined
    at animate (http://localhost:8123/mascot/mascot.js:601:23)
[   22860ms] ReferenceError: t is not defined
    at animate (http://localhost:8123/mascot/mascot.js:601:23)
[   22869ms] ReferenceError: t is not defined
    at animate (http://localhost:8123/mascot/mascot.js:601:23)
[   22877ms] ReferenceError: t is not defined
    at animate (http://localhost:8123/mascot/mascot.js:601:23)
[   22886ms] ReferenceError: t is not defined
    at animate (http://localhost:8123/mascot/mascot.js:601:23)
[   22894ms] ReferenceError: t is not defined
    at animate (http://localhost:8123/mascot/mascot.js:601:23)
[   22902ms] ReferenceError: t is not defined
    at animate (http://localhost:8123/mascot/mascot.js:601:23)
[   22910ms] ReferenceError: t is not defined
    at animate (http://localhost:8123/mascot/mascot.js:601:23)
[   22919ms] ReferenceError: t is not defined
    at animate (http://localhost:8123/mascot/mascot.js:601:23)
[   22927ms] ReferenceError: t is not defined
    at animate (http://localhost:8123/mascot/mascot.js:601:23)
[   22935ms] ReferenceError: t is not defined
    at animate (http://localhost:8123/mascot/mascot.js:601:23)
[   22944ms] ReferenceError: t is not defined
    at animate (http://localhost:8123/mascot/mascot.js:601:23)
[   22952ms] ReferenceError: t is not defined
    at animate (http://localhost:8123/mascot/mascot.js:601:23)
[   22961ms] ReferenceError: t is not defined
    at animate (http://localhost:8123/mascot/mascot.js:601:23)
[   22969ms] ReferenceError: t is not defined
    at animate (http://localhost:8123/mascot/mascot.js:601:23)
[   22977ms] ReferenceError: t is not defined
    at animate (http://localhost:8123/mascot/mascot.js:601:23)
[   22986ms] ReferenceError: t is not defined
    at animate (http://localhost:8123/mascot/mascot.js:601:23)
[   22994ms] ReferenceError: t is not defined
    at animate (http://localhost:8123/mascot/mascot.js:601:23)
[   23003ms] ReferenceError: t is not defined
    at animate (http://localhost:8123/mascot/mascot.js:601:23)
[   23011ms] ReferenceError: t is not defined
    at animate (http://localhost:8123/mascot/mascot.js:601:23)
[   23019ms] ReferenceError: t is not defined
    at animate (http://localhost:8123/mascot/mascot.js:601:23)
[   23027ms] ReferenceError: t is not defined
    at animate (http://localhost:8123/mascot/mascot.js:601:23)
[   23036ms] ReferenceError: t is not defined
    at animate (http://localhost:8123/mascot/mascot.js:601:23)
[   23044ms] ReferenceError: t is not defined
    at animate (http://localhost:8123/mascot/mascot.js:601:23)
[   23052ms] ReferenceError: t is not defined
    at animate (http://localhost:8123/mascot/mascot.js:601:23)
[   23060ms] ReferenceError: t is not defined
    at animate (http://localhost:8123/mascot/mascot.js:601:23)
[   23069ms] ReferenceError: t is not defined
    at animate (http://localhost:8123/mascot/mascot.js:601:23)
[   23087ms] ReferenceError: t is not defined
    at animate (http://localhost:8123/mascot/mascot.js:601:23)
[   23087ms] ReferenceError: t is not defined
    at animate (http://localhost:8123/mascot/mascot.js:601:23)
[   23100ms] ReferenceError: t is not defined
    at animate (http://localhost:8123/mascot/mascot.js:601:23)
[   23104ms] ReferenceError: t is not defined
    at animate (http://localhost:8123/mascot/mascot.js:601:23)
[   23111ms] ReferenceError: t is not defined
    at animate (http://localhost:8123/mascot/mascot.js:601:23)
[   23120ms] ReferenceError: t is not defined
    at animate (http://localhost:8123/mascot/mascot.js:601:23)
[   23127ms] ReferenceError: t is not defined
    at animate (http://localhost:8123/mascot/mascot.js:601:23)
[   23135ms] ReferenceError: t is not defined
    at animate (http://localhost:8123/mascot/mascot.js:601:23)
[   23144ms] ReferenceError: t is not defined
    at animate (http://localhost:8123/mascot/mascot.js:601:23)
[   23153ms] ReferenceError: t is not defined
    at animate (http://localhost:8123/mascot/mascot.js:601:23)
[   23160ms] ReferenceError: t is not defined
    at animate (http://localhost:8123/mascot/mascot.js:601:23)
[   23170ms] ReferenceError: t is not defined
    at animate (http://localhost:8123/mascot/mascot.js:601:23)
[   23175ms] ReferenceError: t is not defined
    at animate (http://localhost:8123/mascot/mascot.js:601:23)
[   23183ms] ReferenceError: t is not defined
    at animate (http://localhost:8123/mascot/mascot.js:601:23)
[   23192ms] ReferenceError: t is not defined
    at animate (http://localhost:8123/mascot/mascot.js:601:23)
[   23198ms] ReferenceError: t is not defined
    at animate (http://localhost:8123/mascot/mascot.js:601:23)
[   23207ms] ReferenceError: t is not defined
    at animate (http://localhost:8123/mascot/mascot.js:601:23)
[   23214ms] ReferenceError: t is not defined
    at animate (http://localhost:8123/mascot/mascot.js:601:23)
[   23224ms] ReferenceError: t is not defined
    at animate (http://localhost:8123/mascot/mascot.js:601:23)
[   23231ms] ReferenceError: t is not defined
    at animate (http://localhost:8123/mascot/mascot.js:601:23)
[   23239ms] ReferenceError: t is not defined
    at animate (http://localhost:8123/mascot/mascot.js:601:23)
[   23248ms] ReferenceError: t is not defined
    at animate (http://localhost:8123/mascot/mascot.js:601:23)
[   23256ms] ReferenceError: t is not defined
    at animate (http://localhost:8123/mascot/mascot.js:601:23)
[   23264ms] ReferenceError: t is not defined
    at animate (http://localhost:8123/mascot/mascot.js:601:23)
[   23272ms] ReferenceError: t is not defined
    at animate (http://localhost:8123/mascot/mascot.js:601:23)
[   23281ms] ReferenceError: t is not defined
    at animate (http://localhost:8123/mascot/mascot.js:601:23)
[   23288ms] ReferenceError: t is not defined
    at animate (http://localhost:8123/mascot/mascot.js:601:23)
[   23297ms] ReferenceError: t is not defined
    at animate (http://localhost:8123/mascot/mascot.js:601:23)
[   23305ms] ReferenceError: t is not defined
    at animate (http://localhost:8123/mascot/mascot.js:601:23)
[   23315ms] ReferenceError: t is not defined
    at animate (http://localhost:8123/mascot/mascot.js:601:23)
[   23323ms] ReferenceError: t is not defined
    at animate (http://localhost:8123/mascot/mascot.js:601:23)
[   23331ms] ReferenceError: t is not defined
    at animate (http://localhost:8123/mascot/mascot.js:601:23)
[   23339ms] ReferenceError: t is not defined
    at animate (http://localhost:8123/mascot/mascot.js:601:23)
[   23348ms] ReferenceError: t is not defined
    at animate (http://localhost:8123/mascot/mascot.js:601:23)
[   23357ms] ReferenceError: t is not defined
    at animate (http://localhost:8123/mascot/mascot.js:601:23)
[   23365ms] ReferenceError: t is not defined
    at animate (http://localhost:8123/mascot/mascot.js:601:23)
[   23373ms] ReferenceError: t is not defined
    at animate (http://localhost:8123/mascot/mascot.js:601:23)
[   23380ms] ReferenceError: t is not defined
    at animate (http://localhost:8123/mascot/mascot.js:601:23)
[   23389ms] ReferenceError: t is not defined
    at animate (http://localhost:8123/mascot/mascot.js:601:23)
[   23397ms] ReferenceError: t is not defined
    at animate (http://localhost:8123/mascot/mascot.js:601:23)
[   23406ms] ReferenceError: t is not defined
    at animate (http://localhost:8123/mascot/mascot.js:601:23)
[   23415ms] ReferenceError: t is not defined
    at animate (http://localhost:8123/mascot/mascot.js:601:23)
[   23423ms] ReferenceError: t is not defined
    at animate (http://localhost:8123/mascot/mascot.js:601:23)
[   23431ms] ReferenceError: t is not defined
    at animate (http://localhost:8123/mascot/mascot.js:601:23)
[   23439ms] ReferenceError: t is not defined
    at animate (http://localhost:8123/mascot/mascot.js:601:23)
[   23448ms] ReferenceError: t is not defined
    at animate (http://localhost:8123/mascot/mascot.js:601:23)
[   23456ms] ReferenceError: t is not defined
    at animate (http://localhost:8123/mascot/mascot.js:601:23)
[   23465ms] ReferenceError: t is not defined
    at animate (http://localhost:8123/mascot/mascot.js:601:23)
[   23472ms] ReferenceError: t is not defined
    at animate (http://localhost:8123/mascot/mascot.js:601:23)
[   23481ms] ReferenceError: t is not defined
    at animate (http://localhost:8123/mascot/mascot.js:601:23)
[   23490ms] ReferenceError: t is not defined
    at animate (http://localhost:8123/mascot/mascot.js:601:23)
[   23498ms] ReferenceError: t is not defined
    at animate (http://localhost:8123/mascot/mascot.js:601:23)
[   23506ms] ReferenceError: t is not defined
    at animate (http://localhost:8123/mascot/mascot.js:601:23)
[   23514ms] ReferenceError: t is not defined
    at animate (http://localhost:8123/mascot/mascot.js:601:23)
[   23523ms] ReferenceError: t is not defined
    at animate (http://localhost:8123/mascot/mascot.js:601:23)
[   23532ms] ReferenceError: t is not defined
    at animate (http://localhost:8123/mascot/mascot.js:601:23)
[   23539ms] ReferenceError: t is not defined
    at animate (http://localhost:8123/mascot/mascot.js:601:23)
[   23548ms] ReferenceError: t is not defined
    at animate (http://localhost:8123/mascot/mascot.js:601:23)
[   23556ms] ReferenceError: t is not defined
    at animate (http://localhost:8123/mascot/mascot.js:601:23)
[   23565ms] ReferenceError: t is not defined
    at animate (http://localhost:8123/mascot/mascot.js:601:23)
[   23573ms] ReferenceError: t is not defined
    at animate (http://localhost:8123/mascot/mascot.js:601:23)
[   23582ms] ReferenceError: t is not defined
    at animate (http://localhost:8123/mascot/mascot.js:601:23)
[   23590ms] ReferenceError: t is not defined
    at animate (http://localhost:8123/mascot/mascot.js:601:23)
[   23599ms] ReferenceError: t is not defined
    at animate (http://localhost:8123/mascot/mascot.js:601:23)
[   23606ms] ReferenceError: t is not defined
    at animate (http://localhost:8123/mascot/mascot.js:601:23)
[   23615ms] ReferenceError: t is not defined
    at animate (http://localhost:8123/mascot/mascot.js:601:23)
[   23623ms] ReferenceError: t is not defined
    at animate (http://localhost:8123/mascot/mascot.js:601:23)
[   23631ms] ReferenceError: t is not defined
    at animate (http://localhost:8123/mascot/mascot.js:601:23)
[   23639ms] ReferenceError: t is not defined
    at animate (http://localhost:8123/mascot/mascot.js:601:23)
[   23649ms] ReferenceError: t is not defined
    at animate (http://localhost:8123/mascot/mascot.js:601:23)
[   23656ms] ReferenceError: t is not defined
    at animate (http://localhost:8123/mascot/mascot.js:601:23)
[   23665ms] ReferenceError: t is not defined
    at animate (http://localhost:8123/mascot/mascot.js:601:23)
[   23673ms] ReferenceError: t is not defined
    at animate (http://localhost:8123/mascot/mascot.js:601:23)
[   23682ms] ReferenceError: t is not defined
    at animate (http://localhost:8123/mascot/mascot.js:601:23)
[   23689ms] ReferenceError: t is not defined
    at animate (http://localhost:8123/mascot/mascot.js:601:23)
[   23698ms] ReferenceError: t is not defined
    at animate (http://localhost:8123/mascot/mascot.js:601:23)
[   23706ms] ReferenceError: t is not defined
    at animate (http://localhost:8123/mascot/mascot.js:601:23)
[   23715ms] ReferenceError: t is not defined
    at animate (http://localhost:8123/mascot/mascot.js:601:23)
[   23723ms] ReferenceError: t is not defined
    at animate (http://localhost:8123/mascot/mascot.js:601:23)
[   23730ms] ReferenceError: t is not defined
    at animate (http://localhost:8123/mascot/mascot.js:601:23)
[   23739ms] ReferenceError: t is not defined
    at animate (http://localhost:8123/mascot/mascot.js:601:23)
[   23747ms] ReferenceError: t is not defined
    at animate (http://localhost:8123/mascot/mascot.js:601:23)
[   23755ms] ReferenceError: t is not defined
    at animate (http://localhost:8123/mascot/mascot.js:601:23)
[   23764ms] ReferenceError: t is not defined
    at animate (http://localhost:8123/mascot/mascot.js:601:23)
[   23772ms] ReferenceError: t is not defined
    at animate (http://localhost:8123/mascot/mascot.js:601:23)
[   23780ms] ReferenceError: t is not defined
    at animate (http://localhost:8123/mascot/mascot.js:601:23)
[   23789ms] ReferenceError: t is not defined
    at animate (http://localhost:8123/mascot/mascot.js:601:23)
[   23797ms] ReferenceError: t is not defined
    at animate (http://localhost:8123/mascot/mascot.js:601:23)
[   23805ms] ReferenceError: t is not defined
    at animate (http://localhost:8123/mascot/mascot.js:601:23)
[   23814ms] ReferenceError: t is not defined
    at animate (http://localhost:8123/mascot/mascot.js:601:23)
[   23822ms] ReferenceError: t is not defined
    at animate (http://localhost:8123/mascot/mascot.js:601:23)
[   23831ms] ReferenceError: t is not defined
    at animate (http://localhost:8123/mascot/mascot.js:601:23)
[   23839ms] ReferenceError: t is not defined
    at animate (http://localhost:8123/mascot/mascot.js:601:23)
[   23847ms] ReferenceError: t is not defined
    at animate (http://localhost:8123/mascot/mascot.js:601:23)
[   23855ms] ReferenceError: t is not defined
    at animate (http://localhost:8123/mascot/mascot.js:601:23)
[   23864ms] ReferenceError: t is not defined
    at animate (http://localhost:8123/mascot/mascot.js:601:23)
[   23872ms] ReferenceError: t is not defined
    at animate (http://localhost:8123/mascot/mascot.js:601:23)
[   23880ms] ReferenceError: t is not defined
    at animate (http://localhost:8123/mascot/mascot.js:601:23)
[   23889ms] ReferenceError: t is not defined
    at animate (http://localhost:8123/mascot/mascot.js:601:23)
[   23897ms] ReferenceError: t is not defined
    at animate (http://localhost:8123/mascot/mascot.js:601:23)
[   23906ms] ReferenceError: t is not defined
    at animate (http://localhost:8123/mascot/mascot.js:601:23)
[   23915ms] ReferenceError: t is not defined
    at animate (http://localhost:8123/mascot/mascot.js:601:23)
[   23924ms] ReferenceError: t is not defined
    at animate (http://localhost:8123/mascot/mascot.js:601:23)
[   23932ms] ReferenceError: t is not defined
    at animate (http://localhost:8123/mascot/mascot.js:601:23)
[   23940ms] ReferenceError: t is not defined
    at animate (http://localhost:8123/mascot/mascot.js:601:23)
[   23948ms] ReferenceError: t is not defined
    at animate (http://localhost:8123/mascot/mascot.js:601:23)
[   23957ms] ReferenceError: t is not defined
    at animate (http://localhost:8123/mascot/mascot.js:601:23)
[   23965ms] ReferenceError: t is not defined
    at animate (http://localhost:8123/mascot/mascot.js:601:23)
[   23973ms] ReferenceError: t is not defined
    at animate (http://localhost:8123/mascot/mascot.js:601:23)
[   23981ms] ReferenceError: t is not defined
    at animate (http://localhost:8123/mascot/mascot.js:601:23)
[   23989ms] ReferenceError: t is not defined
    at animate (http://localhost:8123/mascot/mascot.js:601:23)
[   23998ms] ReferenceError: t is not defined
    at animate (http://localhost:8123/mascot/mascot.js:601:23)
[   24006ms] ReferenceError: t is not defined
    at animate (http://localhost:8123/mascot/mascot.js:601:23)
[   24016ms] ReferenceError: t is not defined
    at animate (http://localhost:8123/mascot/mascot.js:601:23)
[   24023ms] ReferenceError: t is not defined
    at animate (http://localhost:8123/mascot/mascot.js:601:23)
[   24032ms] ReferenceError: t is not defined
    at animate (http://localhost:8123/mascot/mascot.js:601:23)
[   24039ms] ReferenceError: t is not defined
    at animate (http://localhost:8123/mascot/mascot.js:601:23)
[   24048ms] ReferenceError: t is not defined
    at animate (http://localhost:8123/mascot/mascot.js:601:23)
[   24057ms] ReferenceError: t is not defined
    at animate (http://localhost:8123/mascot/mascot.js:601:23)
[   24065ms] ReferenceError: t is not defined
    at animate (http://localhost:8123/mascot/mascot.js:601:23)
[   24073ms] ReferenceError: t is not defined
    at animate (http://localhost:8123/mascot/mascot.js:601:23)
[   24081ms] ReferenceError: t is not defined
    at animate (http://localhost:8123/mascot/mascot.js:601:23)
[   24090ms] ReferenceError: t is not defined
    at animate (http://localhost:8123/mascot/mascot.js:601:23)
[   24099ms] ReferenceError: t is not defined
    at animate (http://localhost:8123/mascot/mascot.js:601:23)
[   24107ms] ReferenceError: t is not defined
    at animate (http://localhost:8123/mascot/mascot.js:601:23)
[   24115ms] ReferenceError: t is not defined
    at animate (http://localhost:8123/mascot/mascot.js:601:23)
[   24124ms] ReferenceError: t is not defined
    at animate (http://localhost:8123/mascot/mascot.js:601:23)
[   24131ms] ReferenceError: t is not defined
    at animate (http://localhost:8123/mascot/mascot.js:601:23)
[   24140ms] ReferenceError: t is not defined
    at animate (http://localhost:8123/mascot/mascot.js:601:23)
[   24148ms] ReferenceError: t is not defined
    at animate (http://localhost:8123/mascot/mascot.js:601:23)
[   24156ms] ReferenceError: t is not defined
    at animate (http://localhost:8123/mascot/mascot.js:601:23)
[   24164ms] ReferenceError: t is not defined
    at animate (http://localhost:8123/mascot/mascot.js:601:23)
[   24172ms] ReferenceError: t is not defined
    at animate (http://localhost:8123/mascot/mascot.js:601:23)
[   24182ms] ReferenceError: t is not defined
    at animate (http://localhost:8123/mascot/mascot.js:601:23)
[   24189ms] ReferenceError: t is not defined
    at animate (http://localhost:8123/mascot/mascot.js:601:23)
[   24198ms] ReferenceError: t is not defined
    at animate (http://localhost:8123/mascot/mascot.js:601:23)
[   24206ms] ReferenceError: t is not defined
    at animate (http://localhost:8123/mascot/mascot.js:601:23)
[   24215ms] ReferenceError: t is not defined
    at animate (http://localhost:8123/mascot/mascot.js:601:23)
[   24224ms] ReferenceError: t is not defined
    at animate (http://localhost:8123/mascot/mascot.js:601:23)
[   24231ms] ReferenceError: t is not defined
    at animate (http://localhost:8123/mascot/mascot.js:601:23)
[   24240ms] ReferenceError: t is not defined
    at animate (http://localhost:8123/mascot/mascot.js:601:23)
[   24248ms] ReferenceError: t is not defined
    at animate (http://localhost:8123/mascot/mascot.js:601:23)
[   24257ms] ReferenceError: t is not defined
    at animate (http://localhost:8123/mascot/mascot.js:601:23)
[   24264ms] ReferenceError: t is not defined
    at animate (http://localhost:8123/mascot/mascot.js:601:23)
[   24272ms] ReferenceError: t is not defined
    at animate (http://localhost:8123/mascot/mascot.js:601:23)
[   24281ms] ReferenceError: t is not defined
    at animate (http://localhost:8123/mascot/mascot.js:601:23)
[   24289ms] ReferenceError: t is not defined
    at animate (http://localhost:8123/mascot/mascot.js:601:23)
[   24297ms] ReferenceError: t is not defined
    at animate (http://localhost:8123/mascot/mascot.js:601:23)
[   24305ms] ReferenceError: t is not defined
    at animate (http://localhost:8123/mascot/mascot.js:601:23)
[   24315ms] ReferenceError: t is not defined
    at animate (http://localhost:8123/mascot/mascot.js:601:23)
[   24323ms] ReferenceError: t is not defined
    at animate (http://localhost:8123/mascot/mascot.js:601:23)
[   24331ms] ReferenceError: t is not defined
    at animate (http://localhost:8123/mascot/mascot.js:601:23)
[   24339ms] ReferenceError: t is not defined
    at animate (http://localhost:8123/mascot/mascot.js:601:23)
[   24347ms] ReferenceError: t is not defined
    at animate (http://localhost:8123/mascot/mascot.js:601:23)
[   24355ms] ReferenceError: t is not defined
    at animate (http://localhost:8123/mascot/mascot.js:601:23)
[   24364ms] ReferenceError: t is not defined
    at animate (http://localhost:8123/mascot/mascot.js:601:23)
[   24372ms] ReferenceError: t is not defined
    at animate (http://localhost:8123/mascot/mascot.js:601:23)
[   24380ms] ReferenceError: t is not defined
    at animate (http://localhost:8123/mascot/mascot.js:601:23)
[   24389ms] ReferenceError: t is not defined
    at animate (http://localhost:8123/mascot/mascot.js:601:23)
[   24397ms] ReferenceError: t is not defined
    at animate (http://localhost:8123/mascot/mascot.js:601:23)
[   24405ms] ReferenceError: t is not defined
    at animate (http://localhost:8123/mascot/mascot.js:601:23)
[   24414ms] ReferenceError: t is not defined
    at animate (http://localhost:8123/mascot/mascot.js:601:23)
[   24422ms] ReferenceError: t is not defined
    at animate (http://localhost:8123/mascot/mascot.js:601:23)
[   24430ms] ReferenceError: t is not defined
    at animate (http://localhost:8123/mascot/mascot.js:601:23)
[   24439ms] ReferenceError: t is not defined
    at animate (http://localhost:8123/mascot/mascot.js:601:23)
[   24448ms] ReferenceError: t is not defined
    at animate (http://localhost:8123/mascot/mascot.js:601:23)
[   24455ms] ReferenceError: t is not defined
    at animate (http://localhost:8123/mascot/mascot.js:601:23)
[   24464ms] ReferenceError: t is not defined
    at animate (http://localhost:8123/mascot/mascot.js:601:23)
[   24472ms] ReferenceError: t is not defined
    at animate (http://localhost:8123/mascot/mascot.js:601:23)
[   24481ms] ReferenceError: t is not defined
    at animate (http://localhost:8123/mascot/mascot.js:601:23)
[   24489ms] ReferenceError: t is not defined
    at animate (http://localhost:8123/mascot/mascot.js:601:23)
[   24497ms] ReferenceError: t is not defined
    at animate (http://localhost:8123/mascot/mascot.js:601:23)
[   24505ms] ReferenceError: t is not defined
    at animate (http://localhost:8123/mascot/mascot.js:601:23)
[   24514ms] ReferenceError: t is not defined
    at animate (http://localhost:8123/mascot/mascot.js:601:23)
[   24522ms] ReferenceError: t is not defined
    at animate (http://localhost:8123/mascot/mascot.js:601:23)
[   24531ms] ReferenceError: t is not defined
    at animate (http://localhost:8123/mascot/mascot.js:601:23)
[   24539ms] ReferenceError: t is not defined
    at animate (http://localhost:8123/mascot/mascot.js:601:23)
[   24548ms] ReferenceError: t is not defined
    at animate (http://localhost:8123/mascot/mascot.js:601:23)
[   24556ms] ReferenceError: t is not defined
    at animate (http://localhost:8123/mascot/mascot.js:601:23)
[   24565ms] ReferenceError: t is not defined
    at animate (http://localhost:8123/mascot/mascot.js:601:23)
[   24573ms] ReferenceError: t is not defined
    at animate (http://localhost:8123/mascot/mascot.js:601:23)
[   24581ms] ReferenceError: t is not defined
    at animate (http://localhost:8123/mascot/mascot.js:601:23)
[   24590ms] ReferenceError: t is not defined
    at animate (http://localhost:8123/mascot/mascot.js:601:23)
[   24598ms] ReferenceError: t is not defined
    at animate (http://localhost:8123/mascot/mascot.js:601:23)
[   24606ms] ReferenceError: t is not defined
    at animate (http://localhost:8123/mascot/mascot.js:601:23)
[   24614ms] ReferenceError: t is not defined
    at animate (http://localhost:8123/mascot/mascot.js:601:23)
[   24624ms] ReferenceError: t is not defined
    at animate (http://localhost:8123/mascot/mascot.js:601:23)
[   24631ms] ReferenceError: t is not defined
    at animate (http://localhost:8123/mascot/mascot.js:601:23)
[   24640ms] ReferenceError: t is not defined
    at animate (http://localhost:8123/mascot/mascot.js:601:23)
[   24648ms] ReferenceError: t is not defined
    at animate (http://localhost:8123/mascot/mascot.js:601:23)
[   24656ms] ReferenceError: t is not defined
    at animate (http://localhost:8123/mascot/mascot.js:601:23)
[   24665ms] ReferenceError: t is not defined
    at animate (http://localhost:8123/mascot/mascot.js:601:23)
[   24673ms] ReferenceError: t is not defined
    at animate (http://localhost:8123/mascot/mascot.js:601:23)
[   24681ms] ReferenceError: t is not defined
    at animate (http://localhost:8123/mascot/mascot.js:601:23)
[   24689ms] ReferenceError: t is not defined
    at animate (http://localhost:8123/mascot/mascot.js:601:23)
[   24698ms] ReferenceError: t is not defined
    at animate (http://localhost:8123/mascot/mascot.js:601:23)
[   24706ms] ReferenceError: t is not defined
    at animate (http://localhost:8123/mascot/mascot.js:601:23)
[   24715ms] ReferenceError: t is not defined
    at animate (http://localhost:8123/mascot/mascot.js:601:23)
[   24722ms] ReferenceError: t is not defined
    at animate (http://localhost:8123/mascot/mascot.js:601:23)
[   24731ms] ReferenceError: t is not defined
    at animate (http://localhost:8123/mascot/mascot.js:601:23)
[   24739ms] ReferenceError: t is not defined
    at animate (http://localhost:8123/mascot/mascot.js:601:23)
[   24747ms] ReferenceError: t is not defined
    at animate (http://localhost:8123/mascot/mascot.js:601:23)
[   24756ms] ReferenceError: t is not defined
    at animate (http://localhost:8123/mascot/mascot.js:601:23)
[   24764ms] ReferenceError: t is not defined
    at animate (http://localhost:8123/mascot/mascot.js:601:23)
[   24772ms] ReferenceError: t is not defined
    at animate (http://localhost:8123/mascot/mascot.js:601:23)
[   24780ms] ReferenceError: t is not defined
    at animate (http://localhost:8123/mascot/mascot.js:601:23)
[   24789ms] ReferenceError: t is not defined
    at animate (http://localhost:8123/mascot/mascot.js:601:23)
[   24798ms] ReferenceError: t is not defined
    at animate (http://localhost:8123/mascot/mascot.js:601:23)
[   24807ms] ReferenceError: t is not defined
    at animate (http://localhost:8123/mascot/mascot.js:601:23)
[   24815ms] ReferenceError: t is not defined
    at animate (http://localhost:8123/mascot/mascot.js:601:23)
[   24823ms] ReferenceError: t is not defined
    at animate (http://localhost:8123/mascot/mascot.js:601:23)
[   24832ms] ReferenceError: t is not defined
    at animate (http://localhost:8123/mascot/mascot.js:601:23)
[   24839ms] ReferenceError: t is not defined
    at animate (http://localhost:8123/mascot/mascot.js:601:23)
[   24848ms] ReferenceError: t is not defined
    at animate (http://localhost:8123/mascot/mascot.js:601:23)
[   24856ms] ReferenceError: t is not defined
    at animate (http://localhost:8123/mascot/mascot.js:601:23)
[   24864ms] ReferenceError: t is not defined
    at animate (http://localhost:8123/mascot/mascot.js:601:23)
[   24873ms] ReferenceError: t is not defined
    at animate (http://localhost:8123/mascot/mascot.js:601:23)
[   24882ms] ReferenceError: t is not defined
    at animate (http://localhost:8123/mascot/mascot.js:601:23)
[   24890ms] ReferenceError: t is not defined
    at animate (http://localhost:8123/mascot/mascot.js:601:23)
[   24898ms] ReferenceError: t is not defined
    at animate (http://localhost:8123/mascot/mascot.js:601:23)
[   24906ms] ReferenceError: t is not defined
    at animate (http://localhost:8123/mascot/mascot.js:601:23)
[   24915ms] ReferenceError: t is not defined
    at animate (http://localhost:8123/mascot/mascot.js:601:23)
[   24923ms] ReferenceError: t is not defined
    at animate (http://localhost:8123/mascot/mascot.js:601:23)
[   24931ms] ReferenceError: t is not defined
    at animate (http://localhost:8123/mascot/mascot.js:601:23)
[   24940ms] ReferenceError: t is not defined
    at animate (http://localhost:8123/mascot/mascot.js:601:23)
[   24948ms] ReferenceError: t is not defined
    at animate (http://localhost:8123/mascot/mascot.js:601:23)
[   24956ms] ReferenceError: t is not defined
    at animate (http://localhost:8123/mascot/mascot.js:601:23)
[   24964ms] ReferenceError: t is not defined
    at animate (http://localhost:8123/mascot/mascot.js:601:23)
[   24972ms] ReferenceError: t is not defined
    at animate (http://localhost:8123/mascot/mascot.js:601:23)
[   24982ms] ReferenceError: t is not defined
    at animate (http://localhost:8123/mascot/mascot.js:601:23)
[   24989ms] ReferenceError: t is not defined
    at animate (http://localhost:8123/mascot/mascot.js:601:23)
[   24998ms] ReferenceError: t is not defined
    at animate (http://localhost:8123/mascot/mascot.js:601:23)
[   25006ms] ReferenceError: t is not defined
    at animate (http://localhost:8123/mascot/mascot.js:601:23)
[   25014ms] ReferenceError: t is not defined
    at animate (http://localhost:8123/mascot/mascot.js:601:23)
[   25023ms] ReferenceError: t is not defined
    at animate (http://localhost:8123/mascot/mascot.js:601:23)
[   25031ms] ReferenceError: t is not defined
    at animate (http://localhost:8123/mascot/mascot.js:601:23)
[   25039ms] ReferenceError: t is not defined
    at animate (http://localhost:8123/mascot/mascot.js:601:23)
[   25048ms] ReferenceError: t is not defined
    at animate (http://localhost:8123/mascot/mascot.js:601:23)
[   25056ms] ReferenceError: t is not defined
    at animate (http://localhost:8123/mascot/mascot.js:601:23)
[   25064ms] ReferenceError: t is not defined
    at animate (http://localhost:8123/mascot/mascot.js:601:23)
[   25072ms] ReferenceError: t is not defined
    at animate (http://localhost:8123/mascot/mascot.js:601:23)
[   25081ms] ReferenceError: t is not defined
    at animate (http://localhost:8123/mascot/mascot.js:601:23)
[   25091ms] ReferenceError: t is not defined
    at animate (http://localhost:8123/mascot/mascot.js:601:23)
[   25098ms] ReferenceError: t is not defined
    at animate (http://localhost:8123/mascot/mascot.js:601:23)
[   25107ms] ReferenceError: t is not defined
    at animate (http://localhost:8123/mascot/mascot.js:601:23)
[   25115ms] ReferenceError: t is not defined
    at animate (http://localhost:8123/mascot/mascot.js:601:23)
[   25123ms] ReferenceError: t is not defined
    at animate (http://localhost:8123/mascot/mascot.js:601:23)
[   25131ms] ReferenceError: t is not defined
    at animate (http://localhost:8123/mascot/mascot.js:601:23)
[   25139ms] ReferenceError: t is not defined
    at animate (http://localhost:8123/mascot/mascot.js:601:23)
[   25148ms] ReferenceError: t is not defined
    at animate (http://localhost:8123/mascot/mascot.js:601:23)
[   25156ms] ReferenceError: t is not defined
    at animate (http://localhost:8123/mascot/mascot.js:601:23)
[   25166ms] ReferenceError: t is not defined
    at animate (http://localhost:8123/mascot/mascot.js:601:23)
[   25173ms] ReferenceError: t is not defined
    at animate (http://localhost:8123/mascot/mascot.js:601:23)
[   25182ms] ReferenceError: t is not defined
    at animate (http://localhost:8123/mascot/mascot.js:601:23)
[   25189ms] ReferenceError: t is not defined
    at animate (http://localhost:8123/mascot/mascot.js:601:23)
[   25198ms] ReferenceError: t is not defined
    at animate (http://localhost:8123/mascot/mascot.js:601:23)
[   25206ms] ReferenceError: t is not defined
    at animate (http://localhost:8123/mascot/mascot.js:601:23)
[   25214ms] ReferenceError: t is not defined
    at animate (http://localhost:8123/mascot/mascot.js:601:23)
[   25223ms] ReferenceError: t is not defined
    at animate (http://localhost:8123/mascot/mascot.js:601:23)
[   25231ms] ReferenceError: t is not defined
    at animate (http://localhost:8123/mascot/mascot.js:601:23)
[   25240ms] ReferenceError: t is not defined
    at animate (http://localhost:8123/mascot/mascot.js:601:23)
[   25249ms] ReferenceError: t is not defined
    at animate (http://localhost:8123/mascot/mascot.js:601:23)
[   25257ms] ReferenceError: t is not defined
    at animate (http://localhost:8123/mascot/mascot.js:601:23)
[   25266ms] ReferenceError: t is not defined
    at animate (http://localhost:8123/mascot/mascot.js:601:23)
[   25273ms] ReferenceError: t is not defined
    at animate (http://localhost:8123/mascot/mascot.js:601:23)
[   25281ms] ReferenceError: t is not defined
    at animate (http://localhost:8123/mascot/mascot.js:601:23)
[   25290ms] ReferenceError: t is not defined
    at animate (http://localhost:8123/mascot/mascot.js:601:23)
[   25298ms] ReferenceError: t is not defined
    at animate (http://localhost:8123/mascot/mascot.js:601:23)
[   25307ms] ReferenceError: t is not defined
    at animate (http://localhost:8123/mascot/mascot.js:601:23)
[   25314ms] ReferenceError: t is not defined
    at animate (http://localhost:8123/mascot/mascot.js:601:23)
[   25322ms] ReferenceError: t is not defined
    at animate (http://localhost:8123/mascot/mascot.js:601:23)
[   25330ms] ReferenceError: t is not defined
    at animate (http://localhost:8123/mascot/mascot.js:601:23)
[   25339ms] ReferenceError: t is not defined
    at animate (http://localhost:8123/mascot/mascot.js:601:23)
[   25347ms] ReferenceError: t is not defined
    at animate (http://localhost:8123/mascot/mascot.js:601:23)
[   25355ms] ReferenceError: t is not defined
    at animate (http://localhost:8123/mascot/mascot.js:601:23)
[   25364ms] ReferenceError: t is not defined
    at animate (http://localhost:8123/mascot/mascot.js:601:23)
[   25372ms] ReferenceError: t is not defined
    at animate (http://localhost:8123/mascot/mascot.js:601:23)
[   25380ms] ReferenceError: t is not defined
    at animate (http://localhost:8123/mascot/mascot.js:601:23)
[   25389ms] ReferenceError: t is not defined
    at animate (http://localhost:8123/mascot/mascot.js:601:23)
[   25397ms] ReferenceError: t is not defined
    at animate (http://localhost:8123/mascot/mascot.js:601:23)
[   25405ms] ReferenceError: t is not defined
    at animate (http://localhost:8123/mascot/mascot.js:601:23)
[   25414ms] ReferenceError: t is not defined
    at animate (http://localhost:8123/mascot/mascot.js:601:23)
[   25423ms] ReferenceError: t is not defined
    at animate (http://localhost:8123/mascot/mascot.js:601:23)
[   25430ms] ReferenceError: t is not defined
    at animate (http://localhost:8123/mascot/mascot.js:601:23)
[   25439ms] ReferenceError: t is not defined
    at animate (http://localhost:8123/mascot/mascot.js:601:23)
[   25447ms] ReferenceError: t is not defined
    at animate (http://localhost:8123/mascot/mascot.js:601:23)
[   25455ms] ReferenceError: t is not defined
    at animate (http://localhost:8123/mascot/mascot.js:601:23)
[   25465ms] ReferenceError: t is not defined
    at animate (http://localhost:8123/mascot/mascot.js:601:23)
[   25472ms] ReferenceError: t is not defined
    at animate (http://localhost:8123/mascot/mascot.js:601:23)
[   25481ms] ReferenceError: t is not defined
    at animate (http://localhost:8123/mascot/mascot.js:601:23)
[   25489ms] ReferenceError: t is not defined
    at animate (http://localhost:8123/mascot/mascot.js:601:23)
[   25497ms] ReferenceError: t is not defined
    at animate (http://localhost:8123/mascot/mascot.js:601:23)
[   25505ms] ReferenceError: t is not defined
    at animate (http://localhost:8123/mascot/mascot.js:601:23)
[   25515ms] ReferenceError: t is not defined
    at animate (http://localhost:8123/mascot/mascot.js:601:23)
[   25523ms] ReferenceError: t is not defined
    at animate (http://localhost:8123/mascot/mascot.js:601:23)
[   25531ms] ReferenceError: t is not defined
    at animate (http://localhost:8123/mascot/mascot.js:601:23)
[   25539ms] ReferenceError: t is not defined
    at animate (http://localhost:8123/mascot/mascot.js:601:23)
[   25548ms] ReferenceError: t is not defined
    at animate (http://localhost:8123/mascot/mascot.js:601:23)
[   25556ms] ReferenceError: t is not defined
    at animate (http://localhost:8123/mascot/mascot.js:601:23)
[   25564ms] ReferenceError: t is not defined
    at animate (http://localhost:8123/mascot/mascot.js:601:23)
[   25573ms] ReferenceError: t is not defined
    at animate (http://localhost:8123/mascot/mascot.js:601:23)
[   25581ms] ReferenceError: t is not defined
    at animate (http://localhost:8123/mascot/mascot.js:601:23)
[   25590ms] ReferenceError: t is not defined
    at animate (http://localhost:8123/mascot/mascot.js:601:23)
[   25598ms] ReferenceError: t is not defined
    at animate (http://localhost:8123/mascot/mascot.js:601:23)
[   25606ms] ReferenceError: t is not defined
    at animate (http://localhost:8123/mascot/mascot.js:601:23)
[   25615ms] ReferenceError: t is not defined
    at animate (http://localhost:8123/mascot/mascot.js:601:23)
[   25624ms] ReferenceError: t is not defined
    at animate (http://localhost:8123/mascot/mascot.js:601:23)
[   25631ms] ReferenceError: t is not defined
    at animate (http://localhost:8123/mascot/mascot.js:601:23)
[   25640ms] ReferenceError: t is not defined
    at animate (http://localhost:8123/mascot/mascot.js:601:23)
[   25648ms] ReferenceError: t is not defined
    at animate (http://localhost:8123/mascot/mascot.js:601:23)
[   25657ms] ReferenceError: t is not defined
    at animate (http://localhost:8123/mascot/mascot.js:601:23)
[   25665ms] ReferenceError: t is not defined
    at animate (http://localhost:8123/mascot/mascot.js:601:23)
[   25673ms] ReferenceError: t is not defined
    at animate (http://localhost:8123/mascot/mascot.js:601:23)
[   25681ms] ReferenceError: t is not defined
    at animate (http://localhost:8123/mascot/mascot.js:601:23)
[   25690ms] ReferenceError: t is not defined
    at animate (http://localhost:8123/mascot/mascot.js:601:23)
[   25698ms] ReferenceError: t is not defined
    at animate (http://localhost:8123/mascot/mascot.js:601:23)
[   25706ms] ReferenceError: t is not defined
    at animate (http://localhost:8123/mascot/mascot.js:601:23)
[   25715ms] ReferenceError: t is not defined
    at animate (http://localhost:8123/mascot/mascot.js:601:23)
[   25723ms] ReferenceError: t is not defined
    at animate (http://localhost:8123/mascot/mascot.js:601:23)
[   25731ms] ReferenceError: t is not defined
    at animate (http://localhost:8123/mascot/mascot.js:601:23)
[   25740ms] ReferenceError: t is not defined
    at animate (http://localhost:8123/mascot/mascot.js:601:23)
[   25748ms] ReferenceError: t is not defined
    at animate (http://localhost:8123/mascot/mascot.js:601:23)
[   25756ms] ReferenceError: t is not defined
    at animate (http://localhost:8123/mascot/mascot.js:601:23)
[   25764ms] ReferenceError: t is not defined
    at animate (http://localhost:8123/mascot/mascot.js:601:23)
[   25773ms] ReferenceError: t is not defined
    at animate (http://localhost:8123/mascot/mascot.js:601:23)
[   25781ms] ReferenceError: t is not defined
    at animate (http://localhost:8123/mascot/mascot.js:601:23)
[   25789ms] ReferenceError: t is not defined
    at animate (http://localhost:8123/mascot/mascot.js:601:23)
[   25797ms] ReferenceError: t is not defined
    at animate (http://localhost:8123/mascot/mascot.js:601:23)
[   25806ms] ReferenceError: t is not defined
    at animate (http://localhost:8123/mascot/mascot.js:601:23)
[   25814ms] ReferenceError: t is not defined
    at animate (http://localhost:8123/mascot/mascot.js:601:23)
[   25823ms] ReferenceError: t is not defined
    at animate (http://localhost:8123/mascot/mascot.js:601:23)
[   25832ms] ReferenceError: t is not defined
    at animate (http://localhost:8123/mascot/mascot.js:601:23)
[   25840ms] ReferenceError: t is not defined
    at animate (http://localhost:8123/mascot/mascot.js:601:23)
[   25848ms] ReferenceError: t is not defined
    at animate (http://localhost:8123/mascot/mascot.js:601:23)
[   25856ms] ReferenceError: t is not defined
    at animate (http://localhost:8123/mascot/mascot.js:601:23)
[   25865ms] ReferenceError: t is not defined
    at animate (http://localhost:8123/mascot/mascot.js:601:23)
[   25873ms] ReferenceError: t is not defined
    at animate (http://localhost:8123/mascot/mascot.js:601:23)
[   25882ms] ReferenceError: t is not defined
    at animate (http://localhost:8123/mascot/mascot.js:601:23)
[   25890ms] ReferenceError: t is not defined
    at animate (http://localhost:8123/mascot/mascot.js:601:23)
[   25899ms] ReferenceError: t is not defined
    at animate (http://localhost:8123/mascot/mascot.js:601:23)
[   25906ms] ReferenceError: t is not defined
    at animate (http://localhost:8123/mascot/mascot.js:601:23)
[   25915ms] ReferenceError: t is not defined
    at animate (http://localhost:8123/mascot/mascot.js:601:23)
[   25923ms] ReferenceError: t is not defined
    at animate (http://localhost:8123/mascot/mascot.js:601:23)
[   25932ms] ReferenceError: t is not defined
    at animate (http://localhost:8123/mascot/mascot.js:601:23)
[   25940ms] ReferenceError: t is not defined
    at animate (http://localhost:8123/mascot/mascot.js:601:23)
[   25948ms] ReferenceError: t is not defined
    at animate (http://localhost:8123/mascot/mascot.js:601:23)
[   25956ms] ReferenceError: t is not defined
    at animate (http://localhost:8123/mascot/mascot.js:601:23)
[   25965ms] ReferenceError: t is not defined
    at animate (http://localhost:8123/mascot/mascot.js:601:23)
[   25973ms] ReferenceError: t is not defined
    at animate (http://localhost:8123/mascot/mascot.js:601:23)
[   25982ms] ReferenceError: t is not defined
    at animate (http://localhost:8123/mascot/mascot.js:601:23)
[   25990ms] ReferenceError: t is not defined
    at animate (http://localhost:8123/mascot/mascot.js:601:23)
[   25998ms] ReferenceError: t is not defined
    at animate (http://localhost:8123/mascot/mascot.js:601:23)
[   26006ms] ReferenceError: t is not defined
    at animate (http://localhost:8123/mascot/mascot.js:601:23)
[   26015ms] ReferenceError: t is not defined
    at animate (http://localhost:8123/mascot/mascot.js:601:23)
[   26023ms] ReferenceError: t is not defined
    at animate (http://localhost:8123/mascot/mascot.js:601:23)
[   26032ms] ReferenceError: t is not defined
    at animate (http://localhost:8123/mascot/mascot.js:601:23)
[   26040ms] ReferenceError: t is not defined
    at animate (http://localhost:8123/mascot/mascot.js:601:23)
[   26048ms] ReferenceError: t is not defined
    at animate (http://localhost:8123/mascot/mascot.js:601:23)
[   26057ms] ReferenceError: t is not defined
    at animate (http://localhost:8123/mascot/mascot.js:601:23)
[   26065ms] ReferenceError: t is not defined
    at animate (http://localhost:8123/mascot/mascot.js:601:23)
[   26073ms] ReferenceError: t is not defined
    at animate (http://localhost:8123/mascot/mascot.js:601:23)
[   26081ms] ReferenceError: t is not defined
    at animate (http://localhost:8123/mascot/mascot.js:601:23)
[   26089ms] ReferenceError: t is not defined
    at animate (http://localhost:8123/mascot/mascot.js:601:23)
[   26098ms] ReferenceError: t is not defined
    at animate (http://localhost:8123/mascot/mascot.js:601:23)
[   26107ms] ReferenceError: t is not defined
    at animate (http://localhost:8123/mascot/mascot.js:601:23)
[   26115ms] ReferenceError: t is not defined
    at animate (http://localhost:8123/mascot/mascot.js:601:23)
[   26123ms] ReferenceError: t is not defined
    at animate (http://localhost:8123/mascot/mascot.js:601:23)
[   26131ms] ReferenceError: t is not defined
    at animate (http://localhost:8123/mascot/mascot.js:601:23)
[   26140ms] ReferenceError: t is not defined
    at animate (http://localhost:8123/mascot/mascot.js:601:23)
[   26148ms] ReferenceError: t is not defined
    at animate (http://localhost:8123/mascot/mascot.js:601:23)
[   26158ms] ReferenceError: t is not defined
    at animate (http://localhost:8123/mascot/mascot.js:601:23)
[   26165ms] ReferenceError: t is not defined
    at animate (http://localhost:8123/mascot/mascot.js:601:23)
[   26174ms] ReferenceError: t is not defined
    at animate (http://localhost:8123/mascot/mascot.js:601:23)
[   26181ms] ReferenceError: t is not defined
    at animate (http://localhost:8123/mascot/mascot.js:601:23)
[   26190ms] ReferenceError: t is not defined
    at animate (http://localhost:8123/mascot/mascot.js:601:23)
[   26199ms] ReferenceError: t is not defined
    at animate (http://localhost:8123/mascot/mascot.js:601:23)
[   26207ms] ReferenceError: t is not defined
    at animate (http://localhost:8123/mascot/mascot.js:601:23)
[   26214ms] ReferenceError: t is not defined
    at animate (http://localhost:8123/mascot/mascot.js:601:23)
[   26223ms] ReferenceError: t is not defined
    at animate (http://localhost:8123/mascot/mascot.js:601:23)
[   26240ms] ReferenceError: t is not defined
    at animate (http://localhost:8123/mascot/mascot.js:601:23)
[   26241ms] ReferenceError: t is not defined
    at animate (http://localhost:8123/mascot/mascot.js:601:23)
[   26248ms] ReferenceError: t is not defined
    at animate (http://localhost:8123/mascot/mascot.js:601:23)
[   26258ms] ReferenceError: t is not defined
    at animate (http://localhost:8123/mascot/mascot.js:601:23)
[   26265ms] ReferenceError: t is not defined
    at animate (http://localhost:8123/mascot/mascot.js:601:23)
[   26273ms] ReferenceError: t is not defined
    at animate (http://localhost:8123/mascot/mascot.js:601:23)
[   26281ms] ReferenceError: t is not defined
    at animate (http://localhost:8123/mascot/mascot.js:601:23)
[   26290ms] ReferenceError: t is not defined
    at animate (http://localhost:8123/mascot/mascot.js:601:23)
[   26298ms] ReferenceError: t is not defined
    at animate (http://localhost:8123/mascot/mascot.js:601:23)
[   26306ms] ReferenceError: t is not defined
    at animate (http://localhost:8123/mascot/mascot.js:601:23)
[   26314ms] ReferenceError: t is not defined
    at animate (http://localhost:8123/mascot/mascot.js:601:23)
[   26322ms] ReferenceError: t is not defined
    at animate (http://localhost:8123/mascot/mascot.js:601:23)
[   26330ms] ReferenceError: t is not defined
    at animate (http://localhost:8123/mascot/mascot.js:601:23)
[   26339ms] ReferenceError: t is not defined
    at animate (http://localhost:8123/mascot/mascot.js:601:23)
[   26347ms] ReferenceError: t is not defined
    at animate (http://localhost:8123/mascot/mascot.js:601:23)
[   26355ms] ReferenceError: t is not defined
    at animate (http://localhost:8123/mascot/mascot.js:601:23)
[   26364ms] ReferenceError: t is not defined
    at animate (http://localhost:8123/mascot/mascot.js:601:23)
[   26372ms] ReferenceError: t is not defined
    at animate (http://localhost:8123/mascot/mascot.js:601:23)
[   26381ms] ReferenceError: t is not defined
    at animate (http://localhost:8123/mascot/mascot.js:601:23)
[   26389ms] ReferenceError: t is not defined
    at animate (http://localhost:8123/mascot/mascot.js:601:23)
[   26397ms] ReferenceError: t is not defined
    at animate (http://localhost:8123/mascot/mascot.js:601:23)
[   26406ms] ReferenceError: t is not defined
    at animate (http://localhost:8123/mascot/mascot.js:601:23)
[   26414ms] ReferenceError: t is not defined
    at animate (http://localhost:8123/mascot/mascot.js:601:23)
[   26422ms] ReferenceError: t is not defined
    at animate (http://localhost:8123/mascot/mascot.js:601:23)
[   26430ms] ReferenceError: t is not defined
    at animate (http://localhost:8123/mascot/mascot.js:601:23)
[   26439ms] ReferenceError: t is not defined
    at animate (http://localhost:8123/mascot/mascot.js:601:23)
[   26447ms] ReferenceError: t is not defined
    at animate (http://localhost:8123/mascot/mascot.js:601:23)
[   26456ms] ReferenceError: t is not defined
    at animate (http://localhost:8123/mascot/mascot.js:601:23)
[   26464ms] ReferenceError: t is not defined
    at animate (http://localhost:8123/mascot/mascot.js:601:23)
[   26472ms] ReferenceError: t is not defined
    at animate (http://localhost:8123/mascot/mascot.js:601:23)
[   26480ms] ReferenceError: t is not defined
    at animate (http://localhost:8123/mascot/mascot.js:601:23)
[   26490ms] ReferenceError: t is not defined
    at animate (http://localhost:8123/mascot/mascot.js:601:23)
[   26498ms] ReferenceError: t is not defined
    at animate (http://localhost:8123/mascot/mascot.js:601:23)
[   26507ms] ReferenceError: t is not defined
    at animate (http://localhost:8123/mascot/mascot.js:601:23)
[   26515ms] ReferenceError: t is not defined
    at animate (http://localhost:8123/mascot/mascot.js:601:23)
[   26523ms] ReferenceError: t is not defined
    at animate (http://localhost:8123/mascot/mascot.js:601:23)
[   26531ms] ReferenceError: t is not defined
    at animate (http://localhost:8123/mascot/mascot.js:601:23)
[   26539ms] ReferenceError: t is not defined
    at animate (http://localhost:8123/mascot/mascot.js:601:23)
[   26548ms] ReferenceError: t is not defined
    at animate (http://localhost:8123/mascot/mascot.js:601:23)
[   26556ms] ReferenceError: t is not defined
    at animate (http://localhost:8123/mascot/mascot.js:601:23)
[   26565ms] ReferenceError: t is not defined
    at animate (http://localhost:8123/mascot/mascot.js:601:23)
[   26573ms] ReferenceError: t is not defined
    at animate (http://localhost:8123/mascot/mascot.js:601:23)
[   26581ms] ReferenceError: t is not defined
    at animate (http://localhost:8123/mascot/mascot.js:601:23)
[   26590ms] ReferenceError: t is not defined
    at animate (http://localhost:8123/mascot/mascot.js:601:23)
[   26598ms] ReferenceError: t is not defined
    at animate (http://localhost:8123/mascot/mascot.js:601:23)
[   26606ms] ReferenceError: t is not defined
    at animate (http://localhost:8123/mascot/mascot.js:601:23)
[   26615ms] ReferenceError: t is not defined
    at animate (http://localhost:8123/mascot/mascot.js:601:23)
[   26623ms] ReferenceError: t is not defined
    at animate (http://localhost:8123/mascot/mascot.js:601:23)
[   26632ms] ReferenceError: t is not defined
    at animate (http://localhost:8123/mascot/mascot.js:601:23)
[   26640ms] ReferenceError: t is not defined
    at animate (http://localhost:8123/mascot/mascot.js:601:23)
[   26649ms] ReferenceError: t is not defined
    at animate (http://localhost:8123/mascot/mascot.js:601:23)
[   26658ms] ReferenceError: t is not defined
    at animate (http://localhost:8123/mascot/mascot.js:601:23)
[   26665ms] ReferenceError: t is not defined
    at animate (http://localhost:8123/mascot/mascot.js:601:23)
[   26674ms] ReferenceError: t is not defined
    at animate (http://localhost:8123/mascot/mascot.js:601:23)
[   26682ms] ReferenceError: t is not defined
    at animate (http://localhost:8123/mascot/mascot.js:601:23)
[   26691ms] ReferenceError: t is not defined
    at animate (http://localhost:8123/mascot/mascot.js:601:23)
[   26698ms] ReferenceError: t is not defined
    at animate (http://localhost:8123/mascot/mascot.js:601:23)
[   26707ms] ReferenceError: t is not defined
    at animate (http://localhost:8123/mascot/mascot.js:601:23)
[   26715ms] ReferenceError: t is not defined
    at animate (http://localhost:8123/mascot/mascot.js:601:23)
[   26724ms] ReferenceError: t is not defined
    at animate (http://localhost:8123/mascot/mascot.js:601:23)
[   26731ms] ReferenceError: t is not defined
    at animate (http://localhost:8123/mascot/mascot.js:601:23)
[   26739ms] ReferenceError: t is not defined
    at animate (http://localhost:8123/mascot/mascot.js:601:23)
[   26748ms] ReferenceError: t is not defined
    at animate (http://localhost:8123/mascot/mascot.js:601:23)
[   26756ms] ReferenceError: t is not defined
    at animate (http://localhost:8123/mascot/mascot.js:601:23)
[   26765ms] ReferenceError: t is not defined
    at animate (http://localhost:8123/mascot/mascot.js:601:23)
[   26773ms] ReferenceError: t is not defined
    at animate (http://localhost:8123/mascot/mascot.js:601:23)
[   26781ms] ReferenceError: t is not defined
    at animate (http://localhost:8123/mascot/mascot.js:601:23)
[   26789ms] ReferenceError: t is not defined
    at animate (http://localhost:8123/mascot/mascot.js:601:23)
[   26798ms] ReferenceError: t is not defined
    at animate (http://localhost:8123/mascot/mascot.js:601:23)
[   26806ms] ReferenceError: t is not defined
    at animate (http://localhost:8123/mascot/mascot.js:601:23)
[   26814ms] ReferenceError: t is not defined
    at animate (http://localhost:8123/mascot/mascot.js:601:23)
[   26823ms] ReferenceError: t is not defined
    at animate (http://localhost:8123/mascot/mascot.js:601:23)
[   26831ms] ReferenceError: t is not defined
    at animate (http://localhost:8123/mascot/mascot.js:601:23)
[   26840ms] ReferenceError: t is not defined
    at animate (http://localhost:8123/mascot/mascot.js:601:23)
[   26848ms] ReferenceError: t is not defined
    at animate (http://localhost:8123/mascot/mascot.js:601:23)
[   26856ms] ReferenceError: t is not defined
    at animate (http://localhost:8123/mascot/mascot.js:601:23)
[   26864ms] ReferenceError: t is not defined
    at animate (http://localhost:8123/mascot/mascot.js:601:23)
[   26873ms] ReferenceError: t is not defined
    at animate (http://localhost:8123/mascot/mascot.js:601:23)
[   26882ms] ReferenceError: t is not defined
    at animate (http://localhost:8123/mascot/mascot.js:601:23)
[   26890ms] ReferenceError: t is not defined
    at animate (http://localhost:8123/mascot/mascot.js:601:23)
[   26898ms] ReferenceError: t is not defined
    at animate (http://localhost:8123/mascot/mascot.js:601:23)
[   26906ms] ReferenceError: t is not defined
    at animate (http://localhost:8123/mascot/mascot.js:601:23)
[   26914ms] ReferenceError: t is not defined
    at animate (http://localhost:8123/mascot/mascot.js:601:23)
[   26923ms] ReferenceError: t is not defined
    at animate (http://localhost:8123/mascot/mascot.js:601:23)
[   26931ms] ReferenceError: t is not defined
    at animate (http://localhost:8123/mascot/mascot.js:601:23)
[   26940ms] ReferenceError: t is not defined
    at animate (http://localhost:8123/mascot/mascot.js:601:23)
[   26949ms] ReferenceError: t is not defined
    at animate (http://localhost:8123/mascot/mascot.js:601:23)
[   26956ms] ReferenceError: t is not defined
    at animate (http://localhost:8123/mascot/mascot.js:601:23)
[   26965ms] ReferenceError: t is not defined
    at animate (http://localhost:8123/mascot/mascot.js:601:23)
[   26973ms] ReferenceError: t is not defined
    at animate (http://localhost:8123/mascot/mascot.js:601:23)
[   26982ms] ReferenceError: t is not defined
    at animate (http://localhost:8123/mascot/mascot.js:601:23)
[   26990ms] ReferenceError: t is not defined
    at animate (http://localhost:8123/mascot/mascot.js:601:23)
[   26998ms] ReferenceError: t is not defined
    at animate (http://localhost:8123/mascot/mascot.js:601:23)
[   27007ms] ReferenceError: t is not defined
    at animate (http://localhost:8123/mascot/mascot.js:601:23)
[   27015ms] ReferenceError: t is not defined
    at animate (http://localhost:8123/mascot/mascot.js:601:23)
[   27023ms] ReferenceError: t is not defined
    at animate (http://localhost:8123/mascot/mascot.js:601:23)
[   27033ms] ReferenceError: t is not defined
    at animate (http://localhost:8123/mascot/mascot.js:601:23)
[   27041ms] ReferenceError: t is not defined
    at animate (http://localhost:8123/mascot/mascot.js:601:23)
[   27049ms] ReferenceError: t is not defined
    at animate (http://localhost:8123/mascot/mascot.js:601:23)
[   27056ms] ReferenceError: t is not defined
    at animate (http://localhost:8123/mascot/mascot.js:601:23)
[   27065ms] ReferenceError: t is not defined
    at animate (http://localhost:8123/mascot/mascot.js:601:23)
[   27073ms] ReferenceError: t is not defined
    at animate (http://localhost:8123/mascot/mascot.js:601:23)
[   27082ms] ReferenceError: t is not defined
    at animate (http://localhost:8123/mascot/mascot.js:601:23)
[   27091ms] ReferenceError: t is not defined
    at animate (http://localhost:8123/mascot/mascot.js:601:23)
[   27098ms] ReferenceError: t is not defined
    at animate (http://localhost:8123/mascot/mascot.js:601:23)
[   27107ms] ReferenceError: t is not defined
    at animate (http://localhost:8123/mascot/mascot.js:601:23)
[   27116ms] ReferenceError: t is not defined
    at animate (http://localhost:8123/mascot/mascot.js:601:23)
[   27123ms] ReferenceError: t is not defined
    at animate (http://localhost:8123/mascot/mascot.js:601:23)
[   27132ms] ReferenceError: t is not defined
    at animate (http://localhost:8123/mascot/mascot.js:601:23)
[   27139ms] ReferenceError: t is not defined
    at animate (http://localhost:8123/mascot/mascot.js:601:23)
[   27148ms] ReferenceError: t is not defined
    at animate (http://localhost:8123/mascot/mascot.js:601:23)
[   27156ms] ReferenceError: t is not defined
    at animate (http://localhost:8123/mascot/mascot.js:601:23)
[   27165ms] ReferenceError: t is not defined
    at animate (http://localhost:8123/mascot/mascot.js:601:23)
[   27173ms] ReferenceError: t is not defined
    at animate (http://localhost:8123/mascot/mascot.js:601:23)
[   27182ms] ReferenceError: t is not defined
    at animate (http://localhost:8123/mascot/mascot.js:601:23)
[   27190ms] ReferenceError: t is not defined
    at animate (http://localhost:8123/mascot/mascot.js:601:23)
[   27198ms] ReferenceError: t is not defined
    at animate (http://localhost:8123/mascot/mascot.js:601:23)
[   27207ms] ReferenceError: t is not defined
    at animate (http://localhost:8123/mascot/mascot.js:601:23)
[   27215ms] ReferenceError: t is not defined
    at animate (http://localhost:8123/mascot/mascot.js:601:23)
[   27223ms] ReferenceError: t is not defined
    at animate (http://localhost:8123/mascot/mascot.js:601:23)
[   27232ms] ReferenceError: t is not defined
    at animate (http://localhost:8123/mascot/mascot.js:601:23)
[   27240ms] ReferenceError: t is not defined
    at animate (http://localhost:8123/mascot/mascot.js:601:23)
[   27249ms] ReferenceError: t is not defined
    at animate (http://localhost:8123/mascot/mascot.js:601:23)
[   27257ms] ReferenceError: t is not defined
    at animate (http://localhost:8123/mascot/mascot.js:601:23)
[   27265ms] ReferenceError: t is not defined
    at animate (http://localhost:8123/mascot/mascot.js:601:23)
[   27272ms] ReferenceError: t is not defined
    at animate (http://localhost:8123/mascot/mascot.js:601:23)
[   27281ms] ReferenceError: t is not defined
    at animate (http://localhost:8123/mascot/mascot.js:601:23)
[   27289ms] ReferenceError: t is not defined
    at animate (http://localhost:8123/mascot/mascot.js:601:23)
[   27298ms] ReferenceError: t is not defined
    at animate (http://localhost:8123/mascot/mascot.js:601:23)
[   27306ms] ReferenceError: t is not defined
    at animate (http://localhost:8123/mascot/mascot.js:601:23)
[   27314ms] ReferenceError: t is not defined
    at animate (http://localhost:8123/mascot/mascot.js:601:23)
[   27323ms] ReferenceError: t is not defined
    at animate (http://localhost:8123/mascot/mascot.js:601:23)
[   27331ms] ReferenceError: t is not defined
    at animate (http://localhost:8123/mascot/mascot.js:601:23)
[   27339ms] ReferenceError: t is not defined
    at animate (http://localhost:8123/mascot/mascot.js:601:23)
[   27348ms] ReferenceError: t is not defined
    at animate (http://localhost:8123/mascot/mascot.js:601:23)
[   27357ms] ReferenceError: t is not defined
    at animate (http://localhost:8123/mascot/mascot.js:601:23)
[   27364ms] ReferenceError: t is not defined
    at animate (http://localhost:8123/mascot/mascot.js:601:23)
[   27372ms] ReferenceError: t is not defined
    at animate (http://localhost:8123/mascot/mascot.js:601:23)
[   27382ms] ReferenceError: t is not defined
    at animate (http://localhost:8123/mascot/mascot.js:601:23)
[   27389ms] ReferenceError: t is not defined
    at animate (http://localhost:8123/mascot/mascot.js:601:23)
[   27397ms] ReferenceError: t is not defined
    at animate (http://localhost:8123/mascot/mascot.js:601:23)
[   27406ms] ReferenceError: t is not defined
    at animate (http://localhost:8123/mascot/mascot.js:601:23)
[   27414ms] ReferenceError: t is not defined
    at animate (http://localhost:8123/mascot/mascot.js:601:23)
[   27423ms] ReferenceError: t is not defined
    at animate (http://localhost:8123/mascot/mascot.js:601:23)
[   27431ms] ReferenceError: t is not defined
    at animate (http://localhost:8123/mascot/mascot.js:601:23)
[   27440ms] ReferenceError: t is not defined
    at animate (http://localhost:8123/mascot/mascot.js:601:23)
[   27449ms] ReferenceError: t is not defined
    at animate (http://localhost:8123/mascot/mascot.js:601:23)
[   27456ms] ReferenceError: t is not defined
    at animate (http://localhost:8123/mascot/mascot.js:601:23)
[   27465ms] ReferenceError: t is not defined
    at animate (http://localhost:8123/mascot/mascot.js:601:23)
[   27473ms] ReferenceError: t is not defined
    at animate (http://localhost:8123/mascot/mascot.js:601:23)
[   27483ms] ReferenceError: t is not defined
    at animate (http://localhost:8123/mascot/mascot.js:601:23)
[   27496ms] ReferenceError: t is not defined
    at animate (http://localhost:8123/mascot/mascot.js:601:23)
[   27502ms] ReferenceError: t is not defined
    at animate (http://localhost:8123/mascot/mascot.js:601:23)
[   27508ms] ReferenceError: t is not defined
    at animate (http://localhost:8123/mascot/mascot.js:601:23)
[   27515ms] ReferenceError: t is not defined
    at animate (http://localhost:8123/mascot/mascot.js:601:23)
[   27523ms] ReferenceError: t is not defined
    at animate (http://localhost:8123/mascot/mascot.js:601:23)
[   27531ms] ReferenceError: t is not defined
    at animate (http://localhost:8123/mascot/mascot.js:601:23)
[   27540ms] ReferenceError: t is not defined
    at animate (http://localhost:8123/mascot/mascot.js:601:23)
[   27549ms] ReferenceError: t is not defined
    at animate (http://localhost:8123/mascot/mascot.js:601:23)
[   27557ms] ReferenceError: t is not defined
    at animate (http://localhost:8123/mascot/mascot.js:601:23)
[   27565ms] ReferenceError: t is not defined
    at animate (http://localhost:8123/mascot/mascot.js:601:23)
[   27573ms] ReferenceError: t is not defined
    at animate (http://localhost:8123/mascot/mascot.js:601:23)
[   27582ms] ReferenceError: t is not defined
    at animate (http://localhost:8123/mascot/mascot.js:601:23)
[   27590ms] ReferenceError: t is not defined
    at animate (http://localhost:8123/mascot/mascot.js:601:23)
[   27599ms] ReferenceError: t is not defined
    at animate (http://localhost:8123/mascot/mascot.js:601:23)
[   27607ms] ReferenceError: t is not defined
    at animate (http://localhost:8123/mascot/mascot.js:601:23)
[   27615ms] ReferenceError: t is not defined
    at animate (http://localhost:8123/mascot/mascot.js:601:23)
[   27624ms] ReferenceError: t is not defined
    at animate (http://localhost:8123/mascot/mascot.js:601:23)
[   27632ms] ReferenceError: t is not defined
    at animate (http://localhost:8123/mascot/mascot.js:601:23)
[   27640ms] ReferenceError: t is not defined
    at animate (http://localhost:8123/mascot/mascot.js:601:23)
[   27648ms] ReferenceError: t is not defined
    at animate (http://localhost:8123/mascot/mascot.js:601:23)
[   27657ms] ReferenceError: t is not defined
    at animate (http://localhost:8123/mascot/mascot.js:601:23)
[   27665ms] ReferenceError: t is not defined
    at animate (http://localhost:8123/mascot/mascot.js:601:23)
[   27673ms] ReferenceError: t is not defined
    at animate (http://localhost:8123/mascot/mascot.js:601:23)
[   27682ms] ReferenceError: t is not defined
    at animate (http://localhost:8123/mascot/mascot.js:601:23)
[   27690ms] ReferenceError: t is not defined
    at animate (http://localhost:8123/mascot/mascot.js:601:23)
[   27698ms] ReferenceError: t is not defined
    at animate (http://localhost:8123/mascot/mascot.js:601:23)
[   27706ms] ReferenceError: t is not defined
    at animate (http://localhost:8123/mascot/mascot.js:601:23)
[   27715ms] ReferenceError: t is not defined
    at animate (http://localhost:8123/mascot/mascot.js:601:23)
[   27723ms] ReferenceError: t is not defined
    at animate (http://localhost:8123/mascot/mascot.js:601:23)
[   27732ms] ReferenceError: t is not defined
    at animate (http://localhost:8123/mascot/mascot.js:601:23)
[   27741ms] ReferenceError: t is not defined
    at animate (http://localhost:8123/mascot/mascot.js:601:23)
[   27748ms] ReferenceError: t is not defined
    at animate (http://localhost:8123/mascot/mascot.js:601:23)
[   27757ms] ReferenceError: t is not defined
    at animate (http://localhost:8123/mascot/mascot.js:601:23)
[   27765ms] ReferenceError: t is not defined
    at animate (http://localhost:8123/mascot/mascot.js:601:23)
[   27774ms] ReferenceError: t is not defined
    at animate (http://localhost:8123/mascot/mascot.js:601:23)
[   27781ms] ReferenceError: t is not defined
    at animate (http://localhost:8123/mascot/mascot.js:601:23)
[   27791ms] ReferenceError: t is not defined
    at animate (http://localhost:8123/mascot/mascot.js:601:23)
[   27798ms] ReferenceError: t is not defined
    at animate (http://localhost:8123/mascot/mascot.js:601:23)
[   27813ms] ReferenceError: t is not defined
    at animate (http://localhost:8123/mascot/mascot.js:601:23)
[   27815ms] ReferenceError: t is not defined
    at animate (http://localhost:8123/mascot/mascot.js:601:23)
[   27824ms] ReferenceError: t is not defined
    at animate (http://localhost:8123/mascot/mascot.js:601:23)
[   27832ms] ReferenceError: t is not defined
    at animate (http://localhost:8123/mascot/mascot.js:601:23)
[   27841ms] ReferenceError: t is not defined
    at animate (http://localhost:8123/mascot/mascot.js:601:23)
[   27848ms] ReferenceError: t is not defined
    at animate (http://localhost:8123/mascot/mascot.js:601:23)
[   27857ms] ReferenceError: t is not defined
    at animate (http://localhost:8123/mascot/mascot.js:601:23)
[   27864ms] ReferenceError: t is not defined
    at animate (http://localhost:8123/mascot/mascot.js:601:23)
[   27874ms] ReferenceError: t is not defined
    at animate (http://localhost:8123/mascot/mascot.js:601:23)
[   27881ms] ReferenceError: t is not defined
    at animate (http://localhost:8123/mascot/mascot.js:601:23)
[   27889ms] ReferenceError: t is not defined
    at animate (http://localhost:8123/mascot/mascot.js:601:23)
[   27897ms] ReferenceError: t is not defined
    at animate (http://localhost:8123/mascot/mascot.js:601:23)
[   27906ms] ReferenceError: t is not defined
    at animate (http://localhost:8123/mascot/mascot.js:601:23)
[   27914ms] ReferenceError: t is not defined
    at animate (http://localhost:8123/mascot/mascot.js:601:23)
[   27922ms] ReferenceError: t is not defined
    at animate (http://localhost:8123/mascot/mascot.js:601:23)
[   27931ms] ReferenceError: t is not defined
    at animate (http://localhost:8123/mascot/mascot.js:601:23)
[   27939ms] ReferenceError: t is not defined
    at animate (http://localhost:8123/mascot/mascot.js:601:23)
[   27947ms] ReferenceError: t is not defined
    at animate (http://localhost:8123/mascot/mascot.js:601:23)
[   27956ms] ReferenceError: t is not defined
    at animate (http://localhost:8123/mascot/mascot.js:601:23)
[   27964ms] ReferenceError: t is not defined
    at animate (http://localhost:8123/mascot/mascot.js:601:23)
[   27972ms] ReferenceError: t is not defined
    at animate (http://localhost:8123/mascot/mascot.js:601:23)
[   27980ms] ReferenceError: t is not defined
    at animate (http://localhost:8123/mascot/mascot.js:601:23)
[   27989ms] ReferenceError: t is not defined
    at animate (http://localhost:8123/mascot/mascot.js:601:23)
[   27997ms] ReferenceError: t is not defined
    at animate (http://localhost:8123/mascot/mascot.js:601:23)
[   28006ms] ReferenceError: t is not defined
    at animate (http://localhost:8123/mascot/mascot.js:601:23)
[   28014ms] ReferenceError: t is not defined
    at animate (http://localhost:8123/mascot/mascot.js:601:23)
[   28022ms] ReferenceError: t is not defined
    at animate (http://localhost:8123/mascot/mascot.js:601:23)
[   28031ms] ReferenceError: t is not defined
    at animate (http://localhost:8123/mascot/mascot.js:601:23)
[   28039ms] ReferenceError: t is not defined
    at animate (http://localhost:8123/mascot/mascot.js:601:23)
[   28048ms] ReferenceError: t is not defined
    at animate (http://localhost:8123/mascot/mascot.js:601:23)
[   28055ms] ReferenceError: t is not defined
    at animate (http://localhost:8123/mascot/mascot.js:601:23)
[   28064ms] ReferenceError: t is not defined
    at animate (http://localhost:8123/mascot/mascot.js:601:23)
[   28073ms] ReferenceError: t is not defined
    at animate (http://localhost:8123/mascot/mascot.js:601:23)
[   28081ms] ReferenceError: t is not defined
    at animate (http://localhost:8123/mascot/mascot.js:601:23)
[   28089ms] ReferenceError: t is not defined
    at animate (http://localhost:8123/mascot/mascot.js:601:23)
[   28097ms] ReferenceError: t is not defined
    at animate (http://localhost:8123/mascot/mascot.js:601:23)
[   28106ms] ReferenceError: t is not defined
    at animate (http://localhost:8123/mascot/mascot.js:601:23)
[   28114ms] ReferenceError: t is not defined
    at animate (http://localhost:8123/mascot/mascot.js:601:23)
[   28123ms] ReferenceError: t is not defined
    at animate (http://localhost:8123/mascot/mascot.js:601:23)
[   28131ms] ReferenceError: t is not defined
    at animate (http://localhost:8123/mascot/mascot.js:601:23)
[   28139ms] ReferenceError: t is not defined
    at animate (http://localhost:8123/mascot/mascot.js:601:23)
[   28148ms] ReferenceError: t is not defined
    at animate (http://localhost:8123/mascot/mascot.js:601:23)
[   28156ms] ReferenceError: t is not defined
    at animate (http://localhost:8123/mascot/mascot.js:601:23)
[   28164ms] ReferenceError: t is not defined
    at animate (http://localhost:8123/mascot/mascot.js:601:23)
[   28173ms] ReferenceError: t is not defined
    at animate (http://localhost:8123/mascot/mascot.js:601:23)
[   28181ms] ReferenceError: t is not defined
    at animate (http://localhost:8123/mascot/mascot.js:601:23)
[   28190ms] ReferenceError: t is not defined
    at animate (http://localhost:8123/mascot/mascot.js:601:23)
[   28198ms] ReferenceError: t is not defined
    at animate (http://localhost:8123/mascot/mascot.js:601:23)
[   28207ms] ReferenceError: t is not defined
    at animate (http://localhost:8123/mascot/mascot.js:601:23)
[   28215ms] ReferenceError: t is not defined
    at animate (http://localhost:8123/mascot/mascot.js:601:23)
[   28223ms] ReferenceError: t is not defined
    at animate (http://localhost:8123/mascot/mascot.js:601:23)
[   28231ms] ReferenceError: t is not defined
    at animate (http://localhost:8123/mascot/mascot.js:601:23)
[   28240ms] ReferenceError: t is not defined
    at animate (http://localhost:8123/mascot/mascot.js:601:23)
[   28249ms] ReferenceError: t is not defined
    at animate (http://localhost:8123/mascot/mascot.js:601:23)
[   28256ms] ReferenceError: t is not defined
    at animate (http://localhost:8123/mascot/mascot.js:601:23)
[   28264ms] ReferenceError: t is not defined
    at animate (http://localhost:8123/mascot/mascot.js:601:23)
[   28273ms] ReferenceError: t is not defined
    at animate (http://localhost:8123/mascot/mascot.js:601:23)
[   28283ms] ReferenceError: t is not defined
    at animate (http://localhost:8123/mascot/mascot.js:601:23)
[   28290ms] ReferenceError: t is not defined
    at animate (http://localhost:8123/mascot/mascot.js:601:23)
[   28298ms] ReferenceError: t is not defined
    at animate (http://localhost:8123/mascot/mascot.js:601:23)
[   28306ms] ReferenceError: t is not defined
    at animate (http://localhost:8123/mascot/mascot.js:601:23)
[   28316ms] ReferenceError: t is not defined
    at animate (http://localhost:8123/mascot/mascot.js:601:23)
[   28323ms] ReferenceError: t is not defined
    at animate (http://localhost:8123/mascot/mascot.js:601:23)
[   28331ms] ReferenceError: t is not defined
    at animate (http://localhost:8123/mascot/mascot.js:601:23)
[   28339ms] ReferenceError: t is not defined
    at animate (http://localhost:8123/mascot/mascot.js:601:23)
[   28348ms] ReferenceError: t is not defined
    at animate (http://localhost:8123/mascot/mascot.js:601:23)
[   28356ms] ReferenceError: t is not defined
    at animate (http://localhost:8123/mascot/mascot.js:601:23)
[   28365ms] ReferenceError: t is not defined
    at animate (http://localhost:8123/mascot/mascot.js:601:23)
[   28373ms] ReferenceError: t is not defined
    at animate (http://localhost:8123/mascot/mascot.js:601:23)
[   28381ms] ReferenceError: t is not defined
    at animate (http://localhost:8123/mascot/mascot.js:601:23)
[   28389ms] ReferenceError: t is not defined
    at animate (http://localhost:8123/mascot/mascot.js:601:23)
[   28398ms] ReferenceError: t is not defined
    at animate (http://localhost:8123/mascot/mascot.js:601:23)
[   28406ms] ReferenceError: t is not defined
    at animate (http://localhost:8123/mascot/mascot.js:601:23)
[   28415ms] ReferenceError: t is not defined
    at animate (http://localhost:8123/mascot/mascot.js:601:23)
[   28424ms] ReferenceError: t is not defined
    at animate (http://localhost:8123/mascot/mascot.js:601:23)
[   28433ms] ReferenceError: t is not defined
    at animate (http://localhost:8123/mascot/mascot.js:601:23)
[   28440ms] ReferenceError: t is not defined
    at animate (http://localhost:8123/mascot/mascot.js:601:23)
[   28450ms] ReferenceError: t is not defined
    at animate (http://localhost:8123/mascot/mascot.js:601:23)
[   28456ms] ReferenceError: t is not defined
    at animate (http://localhost:8123/mascot/mascot.js:601:23)
[   28464ms] ReferenceError: t is not defined
    at animate (http://localhost:8123/mascot/mascot.js:601:23)
[   28473ms] ReferenceError: t is not defined
    at animate (http://localhost:8123/mascot/mascot.js:601:23)
[   28481ms] ReferenceError: t is not defined
    at animate (http://localhost:8123/mascot/mascot.js:601:23)
[   28491ms] ReferenceError: t is not defined
    at animate (http://localhost:8123/mascot/mascot.js:601:23)
[   28498ms] ReferenceError: t is not defined
    at animate (http://localhost:8123/mascot/mascot.js:601:23)
[   28506ms] ReferenceError: t is not defined
    at animate (http://localhost:8123/mascot/mascot.js:601:23)
[   28515ms] ReferenceError: t is not defined
    at animate (http://localhost:8123/mascot/mascot.js:601:23)
[   28524ms] ReferenceError: t is not defined
    at animate (http://localhost:8123/mascot/mascot.js:601:23)
[   28532ms] ReferenceError: t is not defined
    at animate (http://localhost:8123/mascot/mascot.js:601:23)
[   28540ms] ReferenceError: t is not defined
    at animate (http://localhost:8123/mascot/mascot.js:601:23)
[   28549ms] ReferenceError: t is not defined
    at animate (http://localhost:8123/mascot/mascot.js:601:23)
[   28556ms] ReferenceError: t is not defined
    at animate (http://localhost:8123/mascot/mascot.js:601:23)
[   28564ms] ReferenceError: t is not defined
    at animate (http://localhost:8123/mascot/mascot.js:601:23)
[   28573ms] ReferenceError: t is not defined
    at animate (http://localhost:8123/mascot/mascot.js:601:23)
[   28581ms] ReferenceError: t is not defined
    at animate (http://localhost:8123/mascot/mascot.js:601:23)
[   28591ms] ReferenceError: t is not defined
    at animate (http://localhost:8123/mascot/mascot.js:601:23)
[   28598ms] ReferenceError: t is not defined
    at animate (http://localhost:8123/mascot/mascot.js:601:23)
[   28606ms] ReferenceError: t is not defined
    at animate (http://localhost:8123/mascot/mascot.js:601:23)
[   28615ms] ReferenceError: t is not defined
    at animate (http://localhost:8123/mascot/mascot.js:601:23)
[   28623ms] ReferenceError: t is not defined
    at animate (http://localhost:8123/mascot/mascot.js:601:23)
[   28631ms] ReferenceError: t is not defined
    at animate (http://localhost:8123/mascot/mascot.js:601:23)
[   28640ms] ReferenceError: t is not defined
    at animate (http://localhost:8123/mascot/mascot.js:601:23)
[   28648ms] ReferenceError: t is not defined
    at animate (http://localhost:8123/mascot/mascot.js:601:23)
[   28657ms] ReferenceError: t is not defined
    at animate (http://localhost:8123/mascot/mascot.js:601:23)
[   28665ms] ReferenceError: t is not defined
    at animate (http://localhost:8123/mascot/mascot.js:601:23)
[   28673ms] ReferenceError: t is not defined
    at animate (http://localhost:8123/mascot/mascot.js:601:23)
[   28681ms] ReferenceError: t is not defined
    at animate (http://localhost:8123/mascot/mascot.js:601:23)
[   28690ms] ReferenceError: t is not defined
    at animate (http://localhost:8123/mascot/mascot.js:601:23)
[   28698ms] ReferenceError: t is not defined
    at animate (http://localhost:8123/mascot/mascot.js:601:23)
[   28707ms] ReferenceError: t is not defined
    at animate (http://localhost:8123/mascot/mascot.js:601:23)
[   28715ms] ReferenceError: t is not defined
    at animate (http://localhost:8123/mascot/mascot.js:601:23)
[   28723ms] ReferenceError: t is not defined
    at animate (http://localhost:8123/mascot/mascot.js:601:23)
[   28732ms] ReferenceError: t is not defined
    at animate (http://localhost:8123/mascot/mascot.js:601:23)
[   28740ms] ReferenceError: t is not defined
    at animate (http://localhost:8123/mascot/mascot.js:601:23)
[   28749ms] ReferenceError: t is not defined
    at animate (http://localhost:8123/mascot/mascot.js:601:23)
[   28757ms] ReferenceError: t is not defined
    at animate (http://localhost:8123/mascot/mascot.js:601:23)
[   28765ms] ReferenceError: t is not defined
    at animate (http://localhost:8123/mascot/mascot.js:601:23)
[   28773ms] ReferenceError: t is not defined
    at animate (http://localhost:8123/mascot/mascot.js:601:23)
[   28782ms] ReferenceError: t is not defined
    at animate (http://localhost:8123/mascot/mascot.js:601:23)
[   28790ms] ReferenceError: t is not defined
    at animate (http://localhost:8123/mascot/mascot.js:601:23)
[   28798ms] ReferenceError: t is not defined
    at animate (http://localhost:8123/mascot/mascot.js:601:23)
[   28808ms] ReferenceError: t is not defined
    at animate (http://localhost:8123/mascot/mascot.js:601:23)
[   28815ms] ReferenceError: t is not defined
    at animate (http://localhost:8123/mascot/mascot.js:601:23)
[   28826ms] ReferenceError: t is not defined
    at animate (http://localhost:8123/mascot/mascot.js:601:23)
[   28832ms] ReferenceError: t is not defined
    at animate (http://localhost:8123/mascot/mascot.js:601:23)
[   28840ms] ReferenceError: t is not defined
    at animate (http://localhost:8123/mascot/mascot.js:601:23)
[   28850ms] ReferenceError: t is not defined
    at animate (http://localhost:8123/mascot/mascot.js:601:23)
[   28856ms] ReferenceError: t is not defined
    at animate (http://localhost:8123/mascot/mascot.js:601:23)
[   28865ms] ReferenceError: t is not defined
    at animate (http://localhost:8123/mascot/mascot.js:601:23)
[   28873ms] ReferenceError: t is not defined
    at animate (http://localhost:8123/mascot/mascot.js:601:23)
[   28881ms] ReferenceError: t is not defined
    at animate (http://localhost:8123/mascot/mascot.js:601:23)
[   28890ms] ReferenceError: t is not defined
    at animate (http://localhost:8123/mascot/mascot.js:601:23)
[   28897ms] ReferenceError: t is not defined
    at animate (http://localhost:8123/mascot/mascot.js:601:23)
[   28906ms] ReferenceError: t is not defined
    at animate (http://localhost:8123/mascot/mascot.js:601:23)
[   28915ms] ReferenceError: t is not defined
    at animate (http://localhost:8123/mascot/mascot.js:601:23)
[   28922ms] ReferenceError: t is not defined
    at animate (http://localhost:8123/mascot/mascot.js:601:23)
[   28931ms] ReferenceError: t is not defined
    at animate (http://localhost:8123/mascot/mascot.js:601:23)
[   28940ms] ReferenceError: t is not defined
    at animate (http://localhost:8123/mascot/mascot.js:601:23)
[   28948ms] ReferenceError: t is not defined
    at animate (http://localhost:8123/mascot/mascot.js:601:23)
[   28956ms] ReferenceError: t is not defined
    at animate (http://localhost:8123/mascot/mascot.js:601:23)
[   28964ms] ReferenceError: t is not defined
    at animate (http://localhost:8123/mascot/mascot.js:601:23)
[   28972ms] ReferenceError: t is not defined
    at animate (http://localhost:8123/mascot/mascot.js:601:23)
[   28980ms] ReferenceError: t is not defined
    at animate (http://localhost:8123/mascot/mascot.js:601:23)
[   28989ms] ReferenceError: t is not defined
    at animate (http://localhost:8123/mascot/mascot.js:601:23)
[   28997ms] ReferenceError: t is not defined
    at animate (http://localhost:8123/mascot/mascot.js:601:23)
[   29006ms] ReferenceError: t is not defined
    at animate (http://localhost:8123/mascot/mascot.js:601:23)
[   29014ms] ReferenceError: t is not defined
    at animate (http://localhost:8123/mascot/mascot.js:601:23)
[   29022ms] ReferenceError: t is not defined
    at animate (http://localhost:8123/mascot/mascot.js:601:23)
[   29031ms] ReferenceError: t is not defined
    at animate (http://localhost:8123/mascot/mascot.js:601:23)
[   29039ms] ReferenceError: t is not defined
    at animate (http://localhost:8123/mascot/mascot.js:601:23)
[   29048ms] ReferenceError: t is not defined
    at animate (http://localhost:8123/mascot/mascot.js:601:23)
[   29056ms] ReferenceError: t is not defined
    at animate (http://localhost:8123/mascot/mascot.js:601:23)
[   29064ms] ReferenceError: t is not defined
    at animate (http://localhost:8123/mascot/mascot.js:601:23)
[   29072ms] ReferenceError: t is not defined
    at animate (http://localhost:8123/mascot/mascot.js:601:23)
[   29081ms] ReferenceError: t is not defined
    at animate (http://localhost:8123/mascot/mascot.js:601:23)
[   29089ms] ReferenceError: t is not defined
    at animate (http://localhost:8123/mascot/mascot.js:601:23)
[   29097ms] ReferenceError: t is not defined
    at animate (http://localhost:8123/mascot/mascot.js:601:23)
[   29107ms] ReferenceError: t is not defined
    at animate (http://localhost:8123/mascot/mascot.js:601:23)
[   29114ms] ReferenceError: t is not defined
    at animate (http://localhost:8123/mascot/mascot.js:601:23)
[   29123ms] ReferenceError: t is not defined
    at animate (http://localhost:8123/mascot/mascot.js:601:23)
[   29131ms] ReferenceError: t is not defined
    at animate (http://localhost:8123/mascot/mascot.js:601:23)
[   29140ms] ReferenceError: t is not defined
    at animate (http://localhost:8123/mascot/mascot.js:601:23)
[   29149ms] ReferenceError: t is not defined
    at animate (http://localhost:8123/mascot/mascot.js:601:23)
[   29157ms] ReferenceError: t is not defined
    at animate (http://localhost:8123/mascot/mascot.js:601:23)
[   29165ms] ReferenceError: t is not defined
    at animate (http://localhost:8123/mascot/mascot.js:601:23)
[   29173ms] ReferenceError: t is not defined
    at animate (http://localhost:8123/mascot/mascot.js:601:23)
[   29182ms] ReferenceError: t is not defined
    at animate (http://localhost:8123/mascot/mascot.js:601:23)
[   29190ms] ReferenceError: t is not defined
    at animate (http://localhost:8123/mascot/mascot.js:601:23)
[   29198ms] ReferenceError: t is not defined
    at animate (http://localhost:8123/mascot/mascot.js:601:23)
[   29207ms] ReferenceError: t is not defined
    at animate (http://localhost:8123/mascot/mascot.js:601:23)
[   29215ms] ReferenceError: t is not defined
    at animate (http://localhost:8123/mascot/mascot.js:601:23)
[   29223ms] ReferenceError: t is not defined
    at animate (http://localhost:8123/mascot/mascot.js:601:23)
[   29232ms] ReferenceError: t is not defined
    at animate (http://localhost:8123/mascot/mascot.js:601:23)
[   29240ms] ReferenceError: t is not defined
    at animate (http://localhost:8123/mascot/mascot.js:601:23)
[   29249ms] ReferenceError: t is not defined
    at animate (http://localhost:8123/mascot/mascot.js:601:23)
[   29257ms] ReferenceError: t is not defined
    at animate (http://localhost:8123/mascot/mascot.js:601:23)
[   29265ms] ReferenceError: t is not defined
    at animate (http://localhost:8123/mascot/mascot.js:601:23)
[   29274ms] ReferenceError: t is not defined
    at animate (http://localhost:8123/mascot/mascot.js:601:23)
[   29282ms] ReferenceError: t is not defined
    at animate (http://localhost:8123/mascot/mascot.js:601:23)
[   29290ms] ReferenceError: t is not defined
    at animate (http://localhost:8123/mascot/mascot.js:601:23)
[   29298ms] ReferenceError: t is not defined
    at animate (http://localhost:8123/mascot/mascot.js:601:23)
[   29308ms] ReferenceError: t is not defined
    at animate (http://localhost:8123/mascot/mascot.js:601:23)
[   29315ms] ReferenceError: t is not defined
    at animate (http://localhost:8123/mascot/mascot.js:601:23)
[   29323ms] ReferenceError: t is not defined
    at animate (http://localhost:8123/mascot/mascot.js:601:23)
[   29331ms] ReferenceError: t is not defined
    at animate (http://localhost:8123/mascot/mascot.js:601:23)
[   29340ms] ReferenceError: t is not defined
    at animate (http://localhost:8123/mascot/mascot.js:601:23)
[   29348ms] ReferenceError: t is not defined
    at animate (http://localhost:8123/mascot/mascot.js:601:23)
[   29356ms] ReferenceError: t is not defined
    at animate (http://localhost:8123/mascot/mascot.js:601:23)
[   29365ms] ReferenceError: t is not defined
    at animate (http://localhost:8123/mascot/mascot.js:601:23)
[   29374ms] ReferenceError: t is not defined
    at animate (http://localhost:8123/mascot/mascot.js:601:23)
[   29381ms] ReferenceError: t is not defined
    at animate (http://localhost:8123/mascot/mascot.js:601:23)
[   29390ms] ReferenceError: t is not defined
    at animate (http://localhost:8123/mascot/mascot.js:601:23)
[   29406ms] ReferenceError: t is not defined
    at animate (http://localhost:8123/mascot/mascot.js:601:23)
[   29406ms] ReferenceError: t is not defined
    at animate (http://localhost:8123/mascot/mascot.js:601:23)
[   29415ms] ReferenceError: t is not defined
    at animate (http://localhost:8123/mascot/mascot.js:601:23)
[   29423ms] ReferenceError: t is not defined
    at animate (http://localhost:8123/mascot/mascot.js:601:23)
[   29432ms] ReferenceError: t is not defined
    at animate (http://localhost:8123/mascot/mascot.js:601:23)
[   29440ms] ReferenceError: t is not defined
    at animate (http://localhost:8123/mascot/mascot.js:601:23)
[   29449ms] ReferenceError: t is not defined
    at animate (http://localhost:8123/mascot/mascot.js:601:23)
[   29456ms] ReferenceError: t is not defined
    at animate (http://localhost:8123/mascot/mascot.js:601:23)
[   29464ms] ReferenceError: t is not defined
    at animate (http://localhost:8123/mascot/mascot.js:601:23)
[   29473ms] ReferenceError: t is not defined
    at animate (http://localhost:8123/mascot/mascot.js:601:23)
[   29481ms] ReferenceError: t is not defined
    at animate (http://localhost:8123/mascot/mascot.js:601:23)
[   29489ms] ReferenceError: t is not defined
    at animate (http://localhost:8123/mascot/mascot.js:601:23)
[   29498ms] ReferenceError: t is not defined
    at animate (http://localhost:8123/mascot/mascot.js:601:23)
[   29506ms] ReferenceError: t is not defined
    at animate (http://localhost:8123/mascot/mascot.js:601:23)
[   29514ms] ReferenceError: t is not defined
    at animate (http://localhost:8123/mascot/mascot.js:601:23)
[   29522ms] ReferenceError: t is not defined
    at animate (http://localhost:8123/mascot/mascot.js:601:23)
[   29531ms] ReferenceError: t is not defined
    at animate (http://localhost:8123/mascot/mascot.js:601:23)
[   29540ms] ReferenceError: t is not defined
    at animate (http://localhost:8123/mascot/mascot.js:601:23)
[   29548ms] ReferenceError: t is not defined
    at animate (http://localhost:8123/mascot/mascot.js:601:23)
[   29556ms] ReferenceError: t is not defined
    at animate (http://localhost:8123/mascot/mascot.js:601:23)
[   29564ms] ReferenceError: t is not defined
    at animate (http://localhost:8123/mascot/mascot.js:601:23)
[   29572ms] ReferenceError: t is not defined
    at animate (http://localhost:8123/mascot/mascot.js:601:23)
[   29581ms] ReferenceError: t is not defined
    at animate (http://localhost:8123/mascot/mascot.js:601:23)
[   29589ms] ReferenceError: t is not defined
    at animate (http://localhost:8123/mascot/mascot.js:601:23)
[   29597ms] ReferenceError: t is not defined
    at animate (http://localhost:8123/mascot/mascot.js:601:23)
[   29606ms] ReferenceError: t is not defined
    at animate (http://localhost:8123/mascot/mascot.js:601:23)
[   29614ms] ReferenceError: t is not defined
    at animate (http://localhost:8123/mascot/mascot.js:601:23)
[   29623ms] ReferenceError: t is not defined
    at animate (http://localhost:8123/mascot/mascot.js:601:23)
[   29631ms] ReferenceError: t is not defined
    at animate (http://localhost:8123/mascot/mascot.js:601:23)
[   29639ms] ReferenceError: t is not defined
    at animate (http://localhost:8123/mascot/mascot.js:601:23)
[   29648ms] ReferenceError: t is not defined
    at animate (http://localhost:8123/mascot/mascot.js:601:23)
[   29656ms] ReferenceError: t is not defined
    at animate (http://localhost:8123/mascot/mascot.js:601:23)
[   29665ms] ReferenceError: t is not defined
    at animate (http://localhost:8123/mascot/mascot.js:601:23)
[   29673ms] ReferenceError: t is not defined
    at animate (http://localhost:8123/mascot/mascot.js:601:23)
[   29682ms] ReferenceError: t is not defined
    at animate (http://localhost:8123/mascot/mascot.js:601:23)
[   29690ms] ReferenceError: t is not defined
    at animate (http://localhost:8123/mascot/mascot.js:601:23)
[   29698ms] ReferenceError: t is not defined
    at animate (http://localhost:8123/mascot/mascot.js:601:23)
[   29706ms] ReferenceError: t is not defined
    at animate (http://localhost:8123/mascot/mascot.js:601:23)
[   29715ms] ReferenceError: t is not defined
    at animate (http://localhost:8123/mascot/mascot.js:601:23)
[   29723ms] ReferenceError: t is not defined
    at animate (http://localhost:8123/mascot/mascot.js:601:23)
[   29732ms] ReferenceError: t is not defined
    at animate (http://localhost:8123/mascot/mascot.js:601:23)
[   29740ms] ReferenceError: t is not defined
    at animate (http://localhost:8123/mascot/mascot.js:601:23)
[   29749ms] ReferenceError: t is not defined
    at animate (http://localhost:8123/mascot/mascot.js:601:23)
[   29757ms] ReferenceError: t is not defined
    at animate (http://localhost:8123/mascot/mascot.js:601:23)
[   29765ms] ReferenceError: t is not defined
    at animate (http://localhost:8123/mascot/mascot.js:601:23)
[   29774ms] ReferenceError: t is not defined
    at animate (http://localhost:8123/mascot/mascot.js:601:23)
[   29782ms] ReferenceError: t is not defined
    at animate (http://localhost:8123/mascot/mascot.js:601:23)
[   29790ms] ReferenceError: t is not defined
    at animate (http://localhost:8123/mascot/mascot.js:601:23)
[   29798ms] ReferenceError: t is not defined
    at animate (http://localhost:8123/mascot/mascot.js:601:23)
[   29806ms] ReferenceError: t is not defined
    at animate (http://localhost:8123/mascot/mascot.js:601:23)
[   29815ms] ReferenceError: t is not defined
    at animate (http://localhost:8123/mascot/mascot.js:601:23)
[   29823ms] ReferenceError: t is not defined
    at animate (http://localhost:8123/mascot/mascot.js:601:23)
[   29831ms] ReferenceError: t is not defined
    at animate (http://localhost:8123/mascot/mascot.js:601:23)
[   29839ms] ReferenceError: t is not defined
    at animate (http://localhost:8123/mascot/mascot.js:601:23)
[   29848ms] ReferenceError: t is not defined
    at animate (http://localhost:8123/mascot/mascot.js:601:23)
[   29856ms] ReferenceError: t is not defined
    at animate (http://localhost:8123/mascot/mascot.js:601:23)
[   29864ms] ReferenceError: t is not defined
    at animate (http://localhost:8123/mascot/mascot.js:601:23)
[   29873ms] ReferenceError: t is not defined
    at animate (http://localhost:8123/mascot/mascot.js:601:23)
[   29881ms] ReferenceError: t is not defined
    at animate (http://localhost:8123/mascot/mascot.js:601:23)
[   29890ms] ReferenceError: t is not defined
    at animate (http://localhost:8123/mascot/mascot.js:601:23)
[   29898ms] ReferenceError: t is not defined
    at animate (http://localhost:8123/mascot/mascot.js:601:23)
[   29906ms] ReferenceError: t is not defined
    at animate (http://localhost:8123/mascot/mascot.js:601:23)
[   29914ms] ReferenceError: t is not defined
    at animate (http://localhost:8123/mascot/mascot.js:601:23)
[   29923ms] ReferenceError: t is not defined
    at animate (http://localhost:8123/mascot/mascot.js:601:23)
[   29931ms] ReferenceError: t is not defined
    at animate (http://localhost:8123/mascot/mascot.js:601:23)
[   29939ms] ReferenceError: t is not defined
    at animate (http://localhost:8123/mascot/mascot.js:601:23)
[   29947ms] ReferenceError: t is not defined
    at animate (http://localhost:8123/mascot/mascot.js:601:23)
[   29956ms] ReferenceError: t is not defined
    at animate (http://localhost:8123/mascot/mascot.js:601:23)
[   29964ms] ReferenceError: t is not defined
    at animate (http://localhost:8123/mascot/mascot.js:601:23)
[   29973ms] ReferenceError: t is not defined
    at animate (http://localhost:8123/mascot/mascot.js:601:23)
[   29981ms] ReferenceError: t is not defined
    at animate (http://localhost:8123/mascot/mascot.js:601:23)
[   29989ms] ReferenceError: t is not defined
    at animate (http://localhost:8123/mascot/mascot.js:601:23)
[   29998ms] ReferenceError: t is not defined
    at animate (http://localhost:8123/mascot/mascot.js:601:23)
[   30006ms] ReferenceError: t is not defined
    at animate (http://localhost:8123/mascot/mascot.js:601:23)
[   30015ms] ReferenceError: t is not defined
    at animate (http://localhost:8123/mascot/mascot.js:601:23)
[   30023ms] ReferenceError: t is not defined
    at animate (http://localhost:8123/mascot/mascot.js:601:23)
[   30032ms] ReferenceError: t is not defined
    at animate (http://localhost:8123/mascot/mascot.js:601:23)
[   30040ms] ReferenceError: t is not defined
    at animate (http://localhost:8123/mascot/mascot.js:601:23)
[   30048ms] ReferenceError: t is not defined
    at animate (http://localhost:8123/mascot/mascot.js:601:23)
[   30057ms] ReferenceError: t is not defined
    at animate (http://localhost:8123/mascot/mascot.js:601:23)
[   30065ms] ReferenceError: t is not defined
    at animate (http://localhost:8123/mascot/mascot.js:601:23)
[   30073ms] ReferenceError: t is not defined
    at animate (http://localhost:8123/mascot/mascot.js:601:23)
[   30082ms] ReferenceError: t is not defined
    at animate (http://localhost:8123/mascot/mascot.js:601:23)
[   30091ms] ReferenceError: t is not defined
    at animate (http://localhost:8123/mascot/mascot.js:601:23)
[   30098ms] ReferenceError: t is not defined
    at animate (http://localhost:8123/mascot/mascot.js:601:23)
[   30106ms] ReferenceError: t is not defined
    at animate (http://localhost:8123/mascot/mascot.js:601:23)
[   30116ms] ReferenceError: t is not defined
    at animate (http://localhost:8123/mascot/mascot.js:601:23)
[   30122ms] ReferenceError: t is not defined
    at animate (http://localhost:8123/mascot/mascot.js:601:23)
[   30132ms] ReferenceError: t is not defined
    at animate (http://localhost:8123/mascot/mascot.js:601:23)
[   30140ms] ReferenceError: t is not defined
    at animate (http://localhost:8123/mascot/mascot.js:601:23)
[   30148ms] ReferenceError: t is not defined
    at animate (http://localhost:8123/mascot/mascot.js:601:23)
[   30160ms] ReferenceError: t is not defined
    at animate (http://localhost:8123/mascot/mascot.js:601:23)
[   30165ms] ReferenceError: t is not defined
    at animate (http://localhost:8123/mascot/mascot.js:601:23)
[   30173ms] ReferenceError: t is not defined
    at animate (http://localhost:8123/mascot/mascot.js:601:23)
[   30182ms] ReferenceError: t is not defined
    at animate (http://localhost:8123/mascot/mascot.js:601:23)
[   30190ms] ReferenceError: t is not defined
    at animate (http://localhost:8123/mascot/mascot.js:601:23)
[   30198ms] ReferenceError: t is not defined
    at animate (http://localhost:8123/mascot/mascot.js:601:23)
[   30206ms] ReferenceError: t is not defined
    at animate (http://localhost:8123/mascot/mascot.js:601:23)
[   30215ms] ReferenceError: t is not defined
    at animate (http://localhost:8123/mascot/mascot.js:601:23)
[   30223ms] ReferenceError: t is not defined
    at animate (http://localhost:8123/mascot/mascot.js:601:23)
[   30231ms] ReferenceError: t is not defined
    at animate (http://localhost:8123/mascot/mascot.js:601:23)
[   30240ms] ReferenceError: t is not defined
    at animate (http://localhost:8123/mascot/mascot.js:601:23)
[   30249ms] ReferenceError: t is not defined
    at animate (http://localhost:8123/mascot/mascot.js:601:23)
[   30257ms] ReferenceError: t is not defined
    at animate (http://localhost:8123/mascot/mascot.js:601:23)
[   30265ms] ReferenceError: t is not defined
    at animate (http://localhost:8123/mascot/mascot.js:601:23)
[   30273ms] ReferenceError: t is not defined
    at animate (http://localhost:8123/mascot/mascot.js:601:23)
[   30281ms] ReferenceError: t is not defined
    at animate (http://localhost:8123/mascot/mascot.js:601:23)
[   30290ms] ReferenceError: t is not defined
    at animate (http://localhost:8123/mascot/mascot.js:601:23)
[   30298ms] ReferenceError: t is not defined
    at animate (http://localhost:8123/mascot/mascot.js:601:23)
[   30306ms] ReferenceError: t is not defined
    at animate (http://localhost:8123/mascot/mascot.js:601:23)
[   30315ms] ReferenceError: t is not defined
    at animate (http://localhost:8123/mascot/mascot.js:601:23)
[   30323ms] ReferenceError: t is not defined
    at animate (http://localhost:8123/mascot/mascot.js:601:23)
[   30332ms] ReferenceError: t is not defined
    at animate (http://localhost:8123/mascot/mascot.js:601:23)
[   30340ms] ReferenceError: t is not defined
    at animate (http://localhost:8123/mascot/mascot.js:601:23)
[   30348ms] ReferenceError: t is not defined
    at animate (http://localhost:8123/mascot/mascot.js:601:23)
[   30356ms] ReferenceError: t is not defined
    at animate (http://localhost:8123/mascot/mascot.js:601:23)
[   30364ms] ReferenceError: t is not defined
    at animate (http://localhost:8123/mascot/mascot.js:601:23)
[   30373ms] ReferenceError: t is not defined
    at animate (http://localhost:8123/mascot/mascot.js:601:23)
[   30382ms] ReferenceError: t is not defined
    at animate (http://localhost:8123/mascot/mascot.js:601:23)
[   30390ms] ReferenceError: t is not defined
    at animate (http://localhost:8123/mascot/mascot.js:601:23)
[   30398ms] ReferenceError: t is not defined
    at animate (http://localhost:8123/mascot/mascot.js:601:23)
[   30406ms] ReferenceError: t is not defined
    at animate (http://localhost:8123/mascot/mascot.js:601:23)
[   30421ms] ReferenceError: t is not defined
    at animate (http://localhost:8123/mascot/mascot.js:601:23)
[   30424ms] ReferenceError: t is not defined
    at animate (http://localhost:8123/mascot/mascot.js:601:23)
[   30432ms] ReferenceError: t is not defined
    at animate (http://localhost:8123/mascot/mascot.js:601:23)
[   30440ms] ReferenceError: t is not defined
    at animate (http://localhost:8123/mascot/mascot.js:601:23)
[   30448ms] ReferenceError: t is not defined
    at animate (http://localhost:8123/mascot/mascot.js:601:23)
[   30457ms] ReferenceError: t is not defined
    at animate (http://localhost:8123/mascot/mascot.js:601:23)
[   30464ms] ReferenceError: t is not defined
    at animate (http://localhost:8123/mascot/mascot.js:601:23)
[   30473ms] ReferenceError: t is not defined
    at animate (http://localhost:8123/mascot/mascot.js:601:23)
[   30481ms] ReferenceError: t is not defined
    at animate (http://localhost:8123/mascot/mascot.js:601:23)
[   30489ms] ReferenceError: t is not defined
    at animate (http://localhost:8123/mascot/mascot.js:601:23)
[   30498ms] ReferenceError: t is not defined
    at animate (http://localhost:8123/mascot/mascot.js:601:23)
[   30505ms] ReferenceError: t is not defined
    at animate (http://localhost:8123/mascot/mascot.js:601:23)
[   30514ms] ReferenceError: t is not defined
    at animate (http://localhost:8123/mascot/mascot.js:601:23)
[   30522ms] ReferenceError: t is not defined
    at animate (http://localhost:8123/mascot/mascot.js:601:23)
[   30530ms] ReferenceError: t is not defined
    at animate (http://localhost:8123/mascot/mascot.js:601:23)
[   30539ms] ReferenceError: t is not defined
    at animate (http://localhost:8123/mascot/mascot.js:601:23)
[   30547ms] ReferenceError: t is not defined
    at animate (http://localhost:8123/mascot/mascot.js:601:23)
[   30556ms] ReferenceError: t is not defined
    at animate (http://localhost:8123/mascot/mascot.js:601:23)
[   30564ms] ReferenceError: t is not defined
    at animate (http://localhost:8123/mascot/mascot.js:601:23)
[   30572ms] ReferenceError: t is not defined
    at animate (http://localhost:8123/mascot/mascot.js:601:23)
[   30580ms] ReferenceError: t is not defined
    at animate (http://localhost:8123/mascot/mascot.js:601:23)
[   30589ms] ReferenceError: t is not defined
    at animate (http://localhost:8123/mascot/mascot.js:601:23)
[   30597ms] ReferenceError: t is not defined
    at animate (http://localhost:8123/mascot/mascot.js:601:23)
[   30605ms] ReferenceError: t is not defined
    at animate (http://localhost:8123/mascot/mascot.js:601:23)
[   30614ms] ReferenceError: t is not defined
    at animate (http://localhost:8123/mascot/mascot.js:601:23)
[   30622ms] ReferenceError: t is not defined
    at animate (http://localhost:8123/mascot/mascot.js:601:23)
[   30632ms] ReferenceError: t is not defined
    at animate (http://localhost:8123/mascot/mascot.js:601:23)
[   30639ms] ReferenceError: t is not defined
    at animate (http://localhost:8123/mascot/mascot.js:601:23)
[   30648ms] ReferenceError: t is not defined
    at animate (http://localhost:8123/mascot/mascot.js:601:23)
[   30656ms] ReferenceError: t is not defined
    at animate (http://localhost:8123/mascot/mascot.js:601:23)
[   30664ms] ReferenceError: t is not defined
    at animate (http://localhost:8123/mascot/mascot.js:601:23)
[   30672ms] ReferenceError: t is not defined
    at animate (http://localhost:8123/mascot/mascot.js:601:23)
[   30680ms] ReferenceError: t is not defined
    at animate (http://localhost:8123/mascot/mascot.js:601:23)
[   30690ms] ReferenceError: t is not defined
    at animate (http://localhost:8123/mascot/mascot.js:601:23)
[   30698ms] ReferenceError: t is not defined
    at animate (http://localhost:8123/mascot/mascot.js:601:23)
[   30706ms] ReferenceError: t is not defined
    at animate (http://localhost:8123/mascot/mascot.js:601:23)
[   30714ms] ReferenceError: t is not defined
    at animate (http://localhost:8123/mascot/mascot.js:601:23)
[   30722ms] ReferenceError: t is not defined
    at animate (http://localhost:8123/mascot/mascot.js:601:23)
[   30731ms] ReferenceError: t is not defined
    at animate (http://localhost:8123/mascot/mascot.js:601:23)
[   30740ms] ReferenceError: t is not defined
    at animate (http://localhost:8123/mascot/mascot.js:601:23)
[   30749ms] ReferenceError: t is not defined
    at animate (http://localhost:8123/mascot/mascot.js:601:23)
[   30756ms] ReferenceError: t is not defined
    at animate (http://localhost:8123/mascot/mascot.js:601:23)
[   30765ms] ReferenceError: t is not defined
    at animate (http://localhost:8123/mascot/mascot.js:601:23)
[   30772ms] ReferenceError: t is not defined
    at animate (http://localhost:8123/mascot/mascot.js:601:23)
[   30782ms] ReferenceError: t is not defined
    at animate (http://localhost:8123/mascot/mascot.js:601:23)
[   30790ms] ReferenceError: t is not defined
    at animate (http://localhost:8123/mascot/mascot.js:601:23)
[   30798ms] ReferenceError: t is not defined
    at animate (http://localhost:8123/mascot/mascot.js:601:23)
[   30806ms] ReferenceError: t is not defined
    at animate (http://localhost:8123/mascot/mascot.js:601:23)
[   30814ms] ReferenceError: t is not defined
    at animate (http://localhost:8123/mascot/mascot.js:601:23)
[   30823ms] ReferenceError: t is not defined
    at animate (http://localhost:8123/mascot/mascot.js:601:23)
[   30831ms] ReferenceError: t is not defined
    at animate (http://localhost:8123/mascot/mascot.js:601:23)
[   30840ms] ReferenceError: t is not defined
    at animate (http://localhost:8123/mascot/mascot.js:601:23)
[   30848ms] ReferenceError: t is not defined
    at animate (http://localhost:8123/mascot/mascot.js:601:23)
[   30858ms] ReferenceError: t is not defined
    at animate (http://localhost:8123/mascot/mascot.js:601:23)
[   30871ms] ReferenceError: t is not defined
    at animate (http://localhost:8123/mascot/mascot.js:601:23)
[   30873ms] ReferenceError: t is not defined
    at animate (http://localhost:8123/mascot/mascot.js:601:23)
[   30882ms] ReferenceError: t is not defined
    at animate (http://localhost:8123/mascot/mascot.js:601:23)
[   30890ms] ReferenceError: t is not defined
    at animate (http://localhost:8123/mascot/mascot.js:601:23)
[   30898ms] ReferenceError: t is not defined
    at animate (http://localhost:8123/mascot/mascot.js:601:23)
[   30906ms] ReferenceError: t is not defined
    at animate (http://localhost:8123/mascot/mascot.js:601:23)
[   30914ms] ReferenceError: t is not defined
    at animate (http://localhost:8123/mascot/mascot.js:601:23)
[   30923ms] ReferenceError: t is not defined
    at animate (http://localhost:8123/mascot/mascot.js:601:23)
[   30931ms] ReferenceError: t is not defined
    at animate (http://localhost:8123/mascot/mascot.js:601:23)
[   30940ms] ReferenceError: t is not defined
    at animate (http://localhost:8123/mascot/mascot.js:601:23)
[   30948ms] ReferenceError: t is not defined
    at animate (http://localhost:8123/mascot/mascot.js:601:23)
[   30956ms] ReferenceError: t is not defined
    at animate (http://localhost:8123/mascot/mascot.js:601:23)
[   30964ms] ReferenceError: t is not defined
    at animate (http://localhost:8123/mascot/mascot.js:601:23)
[   30972ms] ReferenceError: t is not defined
    at animate (http://localhost:8123/mascot/mascot.js:601:23)
[   30981ms] ReferenceError: t is not defined
    at animate (http://localhost:8123/mascot/mascot.js:601:23)
[   30990ms] ReferenceError: t is not defined
    at animate (http://localhost:8123/mascot/mascot.js:601:23)
[   30997ms] ReferenceError: t is not defined
    at animate (http://localhost:8123/mascot/mascot.js:601:23)
[   31006ms] ReferenceError: t is not defined
    at animate (http://localhost:8123/mascot/mascot.js:601:23)
[   31015ms] ReferenceError: t is not defined
    at animate (http://localhost:8123/mascot/mascot.js:601:23)
[   31023ms] ReferenceError: t is not defined
    at animate (http://localhost:8123/mascot/mascot.js:601:23)
[   31032ms] ReferenceError: t is not defined
    at animate (http://localhost:8123/mascot/mascot.js:601:23)
[   31039ms] ReferenceError: t is not defined
    at animate (http://localhost:8123/mascot/mascot.js:601:23)
[   31048ms] ReferenceError: t is not defined
    at animate (http://localhost:8123/mascot/mascot.js:601:23)
[   31056ms] ReferenceError: t is not defined
    at animate (http://localhost:8123/mascot/mascot.js:601:23)
[   31065ms] ReferenceError: t is not defined
    at animate (http://localhost:8123/mascot/mascot.js:601:23)
[   31073ms] ReferenceError: t is not defined
    at animate (http://localhost:8123/mascot/mascot.js:601:23)
[   31082ms] ReferenceError: t is not defined
    at animate (http://localhost:8123/mascot/mascot.js:601:23)
[   31089ms] ReferenceError: t is not defined
    at animate (http://localhost:8123/mascot/mascot.js:601:23)
[   31098ms] ReferenceError: t is not defined
    at animate (http://localhost:8123/mascot/mascot.js:601:23)
[   31107ms] ReferenceError: t is not defined
    at animate (http://localhost:8123/mascot/mascot.js:601:23)
[   31115ms] ReferenceError: t is not defined
    at animate (http://localhost:8123/mascot/mascot.js:601:23)
[   31123ms] ReferenceError: t is not defined
    at animate (http://localhost:8123/mascot/mascot.js:601:23)
[   31131ms] ReferenceError: t is not defined
    at animate (http://localhost:8123/mascot/mascot.js:601:23)
[   31140ms] ReferenceError: t is not defined
    at animate (http://localhost:8123/mascot/mascot.js:601:23)
[   31148ms] ReferenceError: t is not defined
    at animate (http://localhost:8123/mascot/mascot.js:601:23)
[   31157ms] ReferenceError: t is not defined
    at animate (http://localhost:8123/mascot/mascot.js:601:23)
[   31165ms] ReferenceError: t is not defined
    at animate (http://localhost:8123/mascot/mascot.js:601:23)
[   31173ms] ReferenceError: t is not defined
    at animate (http://localhost:8123/mascot/mascot.js:601:23)
[   31182ms] ReferenceError: t is not defined
    at animate (http://localhost:8123/mascot/mascot.js:601:23)
[   31190ms] ReferenceError: t is not defined
    at animate (http://localhost:8123/mascot/mascot.js:601:23)
[   31199ms] ReferenceError: t is not defined
    at animate (http://localhost:8123/mascot/mascot.js:601:23)
[   31206ms] ReferenceError: t is not defined
    at animate (http://localhost:8123/mascot/mascot.js:601:23)
[   31215ms] ReferenceError: t is not defined
    at animate (http://localhost:8123/mascot/mascot.js:601:23)
[   31225ms] ReferenceError: t is not defined
    at animate (http://localhost:8123/mascot/mascot.js:601:23)
[   31231ms] ReferenceError: t is not defined
    at animate (http://localhost:8123/mascot/mascot.js:601:23)
[   31240ms] ReferenceError: t is not defined
    at animate (http://localhost:8123/mascot/mascot.js:601:23)
[   31248ms] ReferenceError: t is not defined
    at animate (http://localhost:8123/mascot/mascot.js:601:23)
[   31256ms] ReferenceError: t is not defined
    at animate (http://localhost:8123/mascot/mascot.js:601:23)
[   31265ms] ReferenceError: t is not defined
    at animate (http://localhost:8123/mascot/mascot.js:601:23)
[   31273ms] ReferenceError: t is not defined
    at animate (http://localhost:8123/mascot/mascot.js:601:23)
[   31281ms] ReferenceError: t is not defined
    at animate (http://localhost:8123/mascot/mascot.js:601:23)
[   31290ms] ReferenceError: t is not defined
    at animate (http://localhost:8123/mascot/mascot.js:601:23)
[   31298ms] ReferenceError: t is not defined
    at animate (http://localhost:8123/mascot/mascot.js:601:23)
[   31307ms] ReferenceError: t is not defined
    at animate (http://localhost:8123/mascot/mascot.js:601:23)
[   31315ms] ReferenceError: t is not defined
    at animate (http://localhost:8123/mascot/mascot.js:601:23)
[   31323ms] ReferenceError: t is not defined
    at animate (http://localhost:8123/mascot/mascot.js:601:23)
[   31333ms] ReferenceError: t is not defined
    at animate (http://localhost:8123/mascot/mascot.js:601:23)
[   31340ms] ReferenceError: t is not defined
    at animate (http://localhost:8123/mascot/mascot.js:601:23)
[   31348ms] ReferenceError: t is not defined
    at animate (http://localhost:8123/mascot/mascot.js:601:23)
[   31357ms] ReferenceError: t is not defined
    at animate (http://localhost:8123/mascot/mascot.js:601:23)
[   31365ms] ReferenceError: t is not defined
    at animate (http://localhost:8123/mascot/mascot.js:601:23)
[   31373ms] ReferenceError: t is not defined
    at animate (http://localhost:8123/mascot/mascot.js:601:23)
[   31382ms] ReferenceError: t is not defined
    at animate (http://localhost:8123/mascot/mascot.js:601:23)
[   31391ms] ReferenceError: t is not defined
    at animate (http://localhost:8123/mascot/mascot.js:601:23)
[   31398ms] ReferenceError: t is not defined
    at animate (http://localhost:8123/mascot/mascot.js:601:23)
[   31406ms] ReferenceError: t is not defined
    at animate (http://localhost:8123/mascot/mascot.js:601:23)
[   31415ms] ReferenceError: t is not defined
    at animate (http://localhost:8123/mascot/mascot.js:601:23)
[   31425ms] ReferenceError: t is not defined
    at animate (http://localhost:8123/mascot/mascot.js:601:23)
[   31432ms] ReferenceError: t is not defined
    at animate (http://localhost:8123/mascot/mascot.js:601:23)
[   31441ms] ReferenceError: t is not defined
    at animate (http://localhost:8123/mascot/mascot.js:601:23)
[   31448ms] ReferenceError: t is not defined
    at animate (http://localhost:8123/mascot/mascot.js:601:23)
[   31456ms] ReferenceError: t is not defined
    at animate (http://localhost:8123/mascot/mascot.js:601:23)
[   31465ms] ReferenceError: t is not defined
    at animate (http://localhost:8123/mascot/mascot.js:601:23)
[   31473ms] ReferenceError: t is not defined
    at animate (http://localhost:8123/mascot/mascot.js:601:23)
[   31482ms] ReferenceError: t is not defined
    at animate (http://localhost:8123/mascot/mascot.js:601:23)
[   31489ms] ReferenceError: t is not defined
    at animate (http://localhost:8123/mascot/mascot.js:601:23)
[   31497ms] ReferenceError: t is not defined
    at animate (http://localhost:8123/mascot/mascot.js:601:23)
[   31506ms] ReferenceError: t is not defined
    at animate (http://localhost:8123/mascot/mascot.js:601:23)
[   31514ms] ReferenceError: t is not defined
    at animate (http://localhost:8123/mascot/mascot.js:601:23)
[   31522ms] ReferenceError: t is not defined
    at animate (http://localhost:8123/mascot/mascot.js:601:23)
[   31530ms] ReferenceError: t is not defined
    at animate (http://localhost:8123/mascot/mascot.js:601:23)
[   31539ms] ReferenceError: t is not defined
    at animate (http://localhost:8123/mascot/mascot.js:601:23)
[   31547ms] ReferenceError: t is not defined
    at animate (http://localhost:8123/mascot/mascot.js:601:23)
[   31556ms] ReferenceError: t is not defined
    at animate (http://localhost:8123/mascot/mascot.js:601:23)
[   31564ms] ReferenceError: t is not defined
    at animate (http://localhost:8123/mascot/mascot.js:601:23)
[   31572ms] ReferenceError: t is not defined
    at animate (http://localhost:8123/mascot/mascot.js:601:23)
[   31581ms] ReferenceError: t is not defined
    at animate (http://localhost:8123/mascot/mascot.js:601:23)
[   31589ms] ReferenceError: t is not defined
    at animate (http://localhost:8123/mascot/mascot.js:601:23)
[   31597ms] ReferenceError: t is not defined
    at animate (http://localhost:8123/mascot/mascot.js:601:23)
[   31606ms] ReferenceError: t is not defined
    at animate (http://localhost:8123/mascot/mascot.js:601:23)
[   31614ms] ReferenceError: t is not defined
    at animate (http://localhost:8123/mascot/mascot.js:601:23)
[   31622ms] ReferenceError: t is not defined
    at animate (http://localhost:8123/mascot/mascot.js:601:23)
[   31631ms] ReferenceError: t is not defined
    at animate (http://localhost:8123/mascot/mascot.js:601:23)
[   31639ms] ReferenceError: t is not defined
    at animate (http://localhost:8123/mascot/mascot.js:601:23)
[   31647ms] ReferenceError: t is not defined
    at animate (http://localhost:8123/mascot/mascot.js:601:23)
[   31655ms] ReferenceError: t is not defined
    at animate (http://localhost:8123/mascot/mascot.js:601:23)
[   31664ms] ReferenceError: t is not defined
    at animate (http://localhost:8123/mascot/mascot.js:601:23)
[   31672ms] ReferenceError: t is not defined
    at animate (http://localhost:8123/mascot/mascot.js:601:23)
[   31680ms] ReferenceError: t is not defined
    at animate (http://localhost:8123/mascot/mascot.js:601:23)
[   31689ms] ReferenceError: t is not defined
    at animate (http://localhost:8123/mascot/mascot.js:601:23)
[   31697ms] ReferenceError: t is not defined
    at animate (http://localhost:8123/mascot/mascot.js:601:23)
[   31706ms] ReferenceError: t is not defined
    at animate (http://localhost:8123/mascot/mascot.js:601:23)
[   31715ms] ReferenceError: t is not defined
    at animate (http://localhost:8123/mascot/mascot.js:601:23)
[   31723ms] ReferenceError: t is not defined
    at animate (http://localhost:8123/mascot/mascot.js:601:23)
[   31731ms] ReferenceError: t is not defined
    at animate (http://localhost:8123/mascot/mascot.js:601:23)
[   31739ms] ReferenceError: t is not defined
    at animate (http://localhost:8123/mascot/mascot.js:601:23)
[   31747ms] ReferenceError: t is not defined
    at animate (http://localhost:8123/mascot/mascot.js:601:23)
[   31756ms] ReferenceError: t is not defined
    at animate (http://localhost:8123/mascot/mascot.js:601:23)
[   31765ms] ReferenceError: t is not defined
    at animate (http://localhost:8123/mascot/mascot.js:601:23)
[   31773ms] ReferenceError: t is not defined
    at animate (http://localhost:8123/mascot/mascot.js:601:23)
[   31781ms] ReferenceError: t is not defined
    at animate (http://localhost:8123/mascot/mascot.js:601:23)
[   31790ms] ReferenceError: t is not defined
    at animate (http://localhost:8123/mascot/mascot.js:601:23)
[   31798ms] ReferenceError: t is not defined
    at animate (http://localhost:8123/mascot/mascot.js:601:23)
[   31807ms] ReferenceError: t is not defined
    at animate (http://localhost:8123/mascot/mascot.js:601:23)
[   31815ms] ReferenceError: t is not defined
    at animate (http://localhost:8123/mascot/mascot.js:601:23)
[   31823ms] ReferenceError: t is not defined
    at animate (http://localhost:8123/mascot/mascot.js:601:23)
[   31832ms] ReferenceError: t is not defined
    at animate (http://localhost:8123/mascot/mascot.js:601:23)
[   31840ms] ReferenceError: t is not defined
    at animate (http://localhost:8123/mascot/mascot.js:601:23)
[   31848ms] ReferenceError: t is not defined
    at animate (http://localhost:8123/mascot/mascot.js:601:23)
[   31857ms] ReferenceError: t is not defined
    at animate (http://localhost:8123/mascot/mascot.js:601:23)
[   31865ms] ReferenceError: t is not defined
    at animate (http://localhost:8123/mascot/mascot.js:601:23)
[   31873ms] ReferenceError: t is not defined
    at animate (http://localhost:8123/mascot/mascot.js:601:23)
[   31881ms] ReferenceError: t is not defined
    at animate (http://localhost:8123/mascot/mascot.js:601:23)
[   31890ms] ReferenceError: t is not defined
    at animate (http://localhost:8123/mascot/mascot.js:601:23)
[   31899ms] ReferenceError: t is not defined
    at animate (http://localhost:8123/mascot/mascot.js:601:23)
[   31907ms] ReferenceError: t is not defined
    at animate (http://localhost:8123/mascot/mascot.js:601:23)
[   31914ms] ReferenceError: t is not defined
    at animate (http://localhost:8123/mascot/mascot.js:601:23)
[   31924ms] ReferenceError: t is not defined
    at animate (http://localhost:8123/mascot/mascot.js:601:23)
[   31931ms] ReferenceError: t is not defined
    at animate (http://localhost:8123/mascot/mascot.js:601:23)
[   31940ms] ReferenceError: t is not defined
    at animate (http://localhost:8123/mascot/mascot.js:601:23)
[   31948ms] ReferenceError: t is not defined
    at animate (http://localhost:8123/mascot/mascot.js:601:23)
[   31957ms] ReferenceError: t is not defined
    at animate (http://localhost:8123/mascot/mascot.js:601:23)
[   31965ms] ReferenceError: t is not defined
    at animate (http://localhost:8123/mascot/mascot.js:601:23)
[   31973ms] ReferenceError: t is not defined
    at animate (http://localhost:8123/mascot/mascot.js:601:23)
[   31981ms] ReferenceError: t is not defined
    at animate (http://localhost:8123/mascot/mascot.js:601:23)
[   31989ms] ReferenceError: t is not defined
    at animate (http://localhost:8123/mascot/mascot.js:601:23)
[   31997ms] ReferenceError: t is not defined
    at animate (http://localhost:8123/mascot/mascot.js:601:23)
[   32006ms] ReferenceError: t is not defined
    at animate (http://localhost:8123/mascot/mascot.js:601:23)
[   32014ms] ReferenceError: t is not defined
    at animate (http://localhost:8123/mascot/mascot.js:601:23)
[   32023ms] ReferenceError: t is not defined
    at animate (http://localhost:8123/mascot/mascot.js:601:23)
[   32031ms] ReferenceError: t is not defined
    at animate (http://localhost:8123/mascot/mascot.js:601:23)
[   32039ms] ReferenceError: t is not defined
    at animate (http://localhost:8123/mascot/mascot.js:601:23)
[   32049ms] ReferenceError: t is not defined
    at animate (http://localhost:8123/mascot/mascot.js:601:23)
[   32056ms] ReferenceError: t is not defined
    at animate (http://localhost:8123/mascot/mascot.js:601:23)
[   32065ms] ReferenceError: t is not defined
    at animate (http://localhost:8123/mascot/mascot.js:601:23)
[   32073ms] ReferenceError: t is not defined
    at animate (http://localhost:8123/mascot/mascot.js:601:23)
[   32081ms] ReferenceError: t is not defined
    at animate (http://localhost:8123/mascot/mascot.js:601:23)
[   32091ms] ReferenceError: t is not defined
    at animate (http://localhost:8123/mascot/mascot.js:601:23)
[   32098ms] ReferenceError: t is not defined
    at animate (http://localhost:8123/mascot/mascot.js:601:23)
[   32107ms] ReferenceError: t is not defined
    at animate (http://localhost:8123/mascot/mascot.js:601:23)
[   32115ms] ReferenceError: t is not defined
    at animate (http://localhost:8123/mascot/mascot.js:601:23)
[   32124ms] ReferenceError: t is not defined
    at animate (http://localhost:8123/mascot/mascot.js:601:23)
[   32131ms] ReferenceError: t is not defined
    at animate (http://localhost:8123/mascot/mascot.js:601:23)
[   32140ms] ReferenceError: t is not defined
    at animate (http://localhost:8123/mascot/mascot.js:601:23)
[   32149ms] ReferenceError: t is not defined
    at animate (http://localhost:8123/mascot/mascot.js:601:23)
[   32157ms] ReferenceError: t is not defined
    at animate (http://localhost:8123/mascot/mascot.js:601:23)
[   32166ms] ReferenceError: t is not defined
    at animate (http://localhost:8123/mascot/mascot.js:601:23)
[   32173ms] ReferenceError: t is not defined
    at animate (http://localhost:8123/mascot/mascot.js:601:23)
[   32182ms] ReferenceError: t is not defined
    at animate (http://localhost:8123/mascot/mascot.js:601:23)
[   32190ms] ReferenceError: t is not defined
    at animate (http://localhost:8123/mascot/mascot.js:601:23)
[   32199ms] ReferenceError: t is not defined
    at animate (http://localhost:8123/mascot/mascot.js:601:23)
[   32207ms] ReferenceError: t is not defined
    at animate (http://localhost:8123/mascot/mascot.js:601:23)
[   32215ms] ReferenceError: t is not defined
    at animate (http://localhost:8123/mascot/mascot.js:601:23)
[   32223ms] ReferenceError: t is not defined
    at animate (http://localhost:8123/mascot/mascot.js:601:23)
[   32231ms] ReferenceError: t is not defined
    at animate (http://localhost:8123/mascot/mascot.js:601:23)
[   32239ms] ReferenceError: t is not defined
    at animate (http://localhost:8123/mascot/mascot.js:601:23)
[   32248ms] ReferenceError: t is not defined
    at animate (http://localhost:8123/mascot/mascot.js:601:23)
[   32256ms] ReferenceError: t is not defined
    at animate (http://localhost:8123/mascot/mascot.js:601:23)
[   32265ms] ReferenceError: t is not defined
    at animate (http://localhost:8123/mascot/mascot.js:601:23)
[   32273ms] ReferenceError: t is not defined
    at animate (http://localhost:8123/mascot/mascot.js:601:23)
[   32281ms] ReferenceError: t is not defined
    at animate (http://localhost:8123/mascot/mascot.js:601:23)
[   32290ms] ReferenceError: t is not defined
    at animate (http://localhost:8123/mascot/mascot.js:601:23)
[   32298ms] ReferenceError: t is not defined
    at animate (http://localhost:8123/mascot/mascot.js:601:23)
[   32307ms] ReferenceError: t is not defined
    at animate (http://localhost:8123/mascot/mascot.js:601:23)
[   32315ms] ReferenceError: t is not defined
    at animate (http://localhost:8123/mascot/mascot.js:601:23)
[   32323ms] ReferenceError: t is not defined
    at animate (http://localhost:8123/mascot/mascot.js:601:23)
[   32332ms] ReferenceError: t is not defined
    at animate (http://localhost:8123/mascot/mascot.js:601:23)
[   32340ms] ReferenceError: t is not defined
    at animate (http://localhost:8123/mascot/mascot.js:601:23)
[   32349ms] ReferenceError: t is not defined
    at animate (http://localhost:8123/mascot/mascot.js:601:23)
[   32357ms] ReferenceError: t is not defined
    at animate (http://localhost:8123/mascot/mascot.js:601:23)
[   32366ms] ReferenceError: t is not defined
    at animate (http://localhost:8123/mascot/mascot.js:601:23)
[   32373ms] ReferenceError: t is not defined
    at animate (http://localhost:8123/mascot/mascot.js:601:23)
[   32382ms] ReferenceError: t is not defined
    at animate (http://localhost:8123/mascot/mascot.js:601:23)
[   32390ms] ReferenceError: t is not defined
    at animate (http://localhost:8123/mascot/mascot.js:601:23)
[   32399ms] ReferenceError: t is not defined
    at animate (http://localhost:8123/mascot/mascot.js:601:23)
[   32408ms] ReferenceError: t is not defined
    at animate (http://localhost:8123/mascot/mascot.js:601:23)
[   32416ms] ReferenceError: t is not defined
    at animate (http://localhost:8123/mascot/mascot.js:601:23)
[   32425ms] ReferenceError: t is not defined
    at animate (http://localhost:8123/mascot/mascot.js:601:23)
[   32432ms] ReferenceError: t is not defined
    at animate (http://localhost:8123/mascot/mascot.js:601:23)
[   32440ms] ReferenceError: t is not defined
    at animate (http://localhost:8123/mascot/mascot.js:601:23)
[   32451ms] ReferenceError: t is not defined
    at animate (http://localhost:8123/mascot/mascot.js:601:23)
[   32457ms] ReferenceError: t is not defined
    at animate (http://localhost:8123/mascot/mascot.js:601:23)
[   32466ms] ReferenceError: t is not defined
    at animate (http://localhost:8123/mascot/mascot.js:601:23)
[   32474ms] ReferenceError: t is not defined
    at animate (http://localhost:8123/mascot/mascot.js:601:23)
[   32482ms] ReferenceError: t is not defined
    at animate (http://localhost:8123/mascot/mascot.js:601:23)
[   32490ms] ReferenceError: t is not defined
    at animate (http://localhost:8123/mascot/mascot.js:601:23)
[   32498ms] ReferenceError: t is not defined
    at animate (http://localhost:8123/mascot/mascot.js:601:23)
[   32506ms] ReferenceError: t is not defined
    at animate (http://localhost:8123/mascot/mascot.js:601:23)
[   32516ms] ReferenceError: t is not defined
    at animate (http://localhost:8123/mascot/mascot.js:601:23)
[   32523ms] ReferenceError: t is not defined
    at animate (http://localhost:8123/mascot/mascot.js:601:23)
[   32531ms] ReferenceError: t is not defined
    at animate (http://localhost:8123/mascot/mascot.js:601:23)
[   32539ms] ReferenceError: t is not defined
    at animate (http://localhost:8123/mascot/mascot.js:601:23)
[   32548ms] ReferenceError: t is not defined
    at animate (http://localhost:8123/mascot/mascot.js:601:23)
[   32556ms] ReferenceError: t is not defined
    at animate (http://localhost:8123/mascot/mascot.js:601:23)
[   32564ms] ReferenceError: t is not defined
    at animate (http://localhost:8123/mascot/mascot.js:601:23)
[   32573ms] ReferenceError: t is not defined
    at animate (http://localhost:8123/mascot/mascot.js:601:23)
[   32581ms] ReferenceError: t is not defined
    at animate (http://localhost:8123/mascot/mascot.js:601:23)
[   32589ms] ReferenceError: t is not defined
    at animate (http://localhost:8123/mascot/mascot.js:601:23)
[   32598ms] ReferenceError: t is not defined
    at animate (http://localhost:8123/mascot/mascot.js:601:23)
[   32605ms] ReferenceError: t is not defined
    at animate (http://localhost:8123/mascot/mascot.js:601:23)
[   32614ms] ReferenceError: t is not defined
    at animate (http://localhost:8123/mascot/mascot.js:601:23)
[   32623ms] ReferenceError: t is not defined
    at animate (http://localhost:8123/mascot/mascot.js:601:23)
[   32631ms] ReferenceError: t is not defined
    at animate (http://localhost:8123/mascot/mascot.js:601:23)
[   32639ms] ReferenceError: t is not defined
    at animate (http://localhost:8123/mascot/mascot.js:601:23)
[   32647ms] ReferenceError: t is not defined
    at animate (http://localhost:8123/mascot/mascot.js:601:23)
[   32655ms] ReferenceError: t is not defined
    at animate (http://localhost:8123/mascot/mascot.js:601:23)
[   32664ms] ReferenceError: t is not defined
    at animate (http://localhost:8123/mascot/mascot.js:601:23)
[   32672ms] ReferenceError: t is not defined
    at animate (http://localhost:8123/mascot/mascot.js:601:23)
[   32681ms] ReferenceError: t is not defined
    at animate (http://localhost:8123/mascot/mascot.js:601:23)
[   32689ms] ReferenceError: t is not defined
    at animate (http://localhost:8123/mascot/mascot.js:601:23)
[   32697ms] ReferenceError: t is not defined
    at animate (http://localhost:8123/mascot/mascot.js:601:23)
[   32706ms] ReferenceError: t is not defined
    at animate (http://localhost:8123/mascot/mascot.js:601:23)
[   32714ms] ReferenceError: t is not defined
    at animate (http://localhost:8123/mascot/mascot.js:601:23)
[   32722ms] ReferenceError: t is not defined
    at animate (http://localhost:8123/mascot/mascot.js:601:23)
[   32731ms] ReferenceError: t is not defined
    at animate (http://localhost:8123/mascot/mascot.js:601:23)
[   32739ms] ReferenceError: t is not defined
    at animate (http://localhost:8123/mascot/mascot.js:601:23)
[   32747ms] ReferenceError: t is not defined
    at animate (http://localhost:8123/mascot/mascot.js:601:23)
[   32756ms] ReferenceError: t is not defined
    at animate (http://localhost:8123/mascot/mascot.js:601:23)
[   32764ms] ReferenceError: t is not defined
    at animate (http://localhost:8123/mascot/mascot.js:601:23)
[   32772ms] ReferenceError: t is not defined
    at animate (http://localhost:8123/mascot/mascot.js:601:23)
[   32781ms] ReferenceError: t is not defined
    at animate (http://localhost:8123/mascot/mascot.js:601:23)
[   32790ms] ReferenceError: t is not defined
    at animate (http://localhost:8123/mascot/mascot.js:601:23)
[   32798ms] ReferenceError: t is not defined
    at animate (http://localhost:8123/mascot/mascot.js:601:23)
[   32807ms] ReferenceError: t is not defined
    at animate (http://localhost:8123/mascot/mascot.js:601:23)
[   32814ms] ReferenceError: t is not defined
    at animate (http://localhost:8123/mascot/mascot.js:601:23)
[   32824ms] ReferenceError: t is not defined
    at animate (http://localhost:8123/mascot/mascot.js:601:23)
[   32831ms] ReferenceError: t is not defined
    at animate (http://localhost:8123/mascot/mascot.js:601:23)
[   32841ms] ReferenceError: t is not defined
    at animate (http://localhost:8123/mascot/mascot.js:601:23)
[   32848ms] ReferenceError: t is not defined
    at animate (http://localhost:8123/mascot/mascot.js:601:23)
[   32856ms] ReferenceError: t is not defined
    at animate (http://localhost:8123/mascot/mascot.js:601:23)
[   32865ms] ReferenceError: t is not defined
    at animate (http://localhost:8123/mascot/mascot.js:601:23)
[   32873ms] ReferenceError: t is not defined
    at animate (http://localhost:8123/mascot/mascot.js:601:23)
[   32881ms] ReferenceError: t is not defined
    at animate (http://localhost:8123/mascot/mascot.js:601:23)
[   32890ms] ReferenceError: t is not defined
    at animate (http://localhost:8123/mascot/mascot.js:601:23)
[   32898ms] ReferenceError: t is not defined
    at animate (http://localhost:8123/mascot/mascot.js:601:23)
[   32907ms] ReferenceError: t is not defined
    at animate (http://localhost:8123/mascot/mascot.js:601:23)
[   32916ms] ReferenceError: t is not defined
    at animate (http://localhost:8123/mascot/mascot.js:601:23)
[   32923ms] ReferenceError: t is not defined
    at animate (http://localhost:8123/mascot/mascot.js:601:23)
[   32932ms] ReferenceError: t is not defined
    at animate (http://localhost:8123/mascot/mascot.js:601:23)
[   32941ms] ReferenceError: t is not defined
    at animate (http://localhost:8123/mascot/mascot.js:601:23)
[   32948ms] ReferenceError: t is not defined
    at animate (http://localhost:8123/mascot/mascot.js:601:23)
[   32956ms] ReferenceError: t is not defined
    at animate (http://localhost:8123/mascot/mascot.js:601:23)
[   32964ms] ReferenceError: t is not defined
    at animate (http://localhost:8123/mascot/mascot.js:601:23)
[   32973ms] ReferenceError: t is not defined
    at animate (http://localhost:8123/mascot/mascot.js:601:23)
[   32981ms] ReferenceError: t is not defined
    at animate (http://localhost:8123/mascot/mascot.js:601:23)
[   32990ms] ReferenceError: t is not defined
    at animate (http://localhost:8123/mascot/mascot.js:601:23)
[   32998ms] ReferenceError: t is not defined
    at animate (http://localhost:8123/mascot/mascot.js:601:23)
[   33006ms] ReferenceError: t is not defined
    at animate (http://localhost:8123/mascot/mascot.js:601:23)
[   33015ms] ReferenceError: t is not defined
    at animate (http://localhost:8123/mascot/mascot.js:601:23)
[   33023ms] ReferenceError: t is not defined
    at animate (http://localhost:8123/mascot/mascot.js:601:23)
[   33031ms] ReferenceError: t is not defined
    at animate (http://localhost:8123/mascot/mascot.js:601:23)
[   33039ms] ReferenceError: t is not defined
    at animate (http://localhost:8123/mascot/mascot.js:601:23)
[   33047ms] ReferenceError: t is not defined
    at animate (http://localhost:8123/mascot/mascot.js:601:23)
[   33056ms] ReferenceError: t is not defined
    at animate (http://localhost:8123/mascot/mascot.js:601:23)
[   33065ms] ReferenceError: t is not defined
    at animate (http://localhost:8123/mascot/mascot.js:601:23)
[   33073ms] ReferenceError: t is not defined
    at animate (http://localhost:8123/mascot/mascot.js:601:23)
[   33081ms] ReferenceError: t is not defined
    at animate (http://localhost:8123/mascot/mascot.js:601:23)
[   33090ms] ReferenceError: t is not defined
    at animate (http://localhost:8123/mascot/mascot.js:601:23)
[   33098ms] ReferenceError: t is not defined
    at animate (http://localhost:8123/mascot/mascot.js:601:23)
[   33106ms] ReferenceError: t is not defined
    at animate (http://localhost:8123/mascot/mascot.js:601:23)
[   33115ms] ReferenceError: t is not defined
    at animate (http://localhost:8123/mascot/mascot.js:601:23)
[   33124ms] ReferenceError: t is not defined
    at animate (http://localhost:8123/mascot/mascot.js:601:23)
[   33132ms] ReferenceError: t is not defined
    at animate (http://localhost:8123/mascot/mascot.js:601:23)
[   33140ms] ReferenceError: t is not defined
    at animate (http://localhost:8123/mascot/mascot.js:601:23)
[   33148ms] ReferenceError: t is not defined
    at animate (http://localhost:8123/mascot/mascot.js:601:23)
[   33157ms] ReferenceError: t is not defined
    at animate (http://localhost:8123/mascot/mascot.js:601:23)
[   33165ms] ReferenceError: t is not defined
    at animate (http://localhost:8123/mascot/mascot.js:601:23)
[   33174ms] ReferenceError: t is not defined
    at animate (http://localhost:8123/mascot/mascot.js:601:23)
[   33182ms] ReferenceError: t is not defined
    at animate (http://localhost:8123/mascot/mascot.js:601:23)
[   33190ms] ReferenceError: t is not defined
    at animate (http://localhost:8123/mascot/mascot.js:601:23)
[   33199ms] ReferenceError: t is not defined
    at animate (http://localhost:8123/mascot/mascot.js:601:23)
[   33205ms] ReferenceError: t is not defined
    at animate (http://localhost:8123/mascot/mascot.js:601:23)
[   33215ms] ReferenceError: t is not defined
    at animate (http://localhost:8123/mascot/mascot.js:601:23)
[   33225ms] ReferenceError: t is not defined
    at animate (http://localhost:8123/mascot/mascot.js:601:23)
[   33232ms] ReferenceError: t is not defined
    at animate (http://localhost:8123/mascot/mascot.js:601:23)
[   33240ms] ReferenceError: t is not defined
    at animate (http://localhost:8123/mascot/mascot.js:601:23)
[   33249ms] ReferenceError: t is not defined
    at animate (http://localhost:8123/mascot/mascot.js:601:23)
[   33257ms] ReferenceError: t is not defined
    at animate (http://localhost:8123/mascot/mascot.js:601:23)
[   33265ms] ReferenceError: t is not defined
    at animate (http://localhost:8123/mascot/mascot.js:601:23)
[   33273ms] ReferenceError: t is not defined
    at animate (http://localhost:8123/mascot/mascot.js:601:23)
[   33282ms] ReferenceError: t is not defined
    at animate (http://localhost:8123/mascot/mascot.js:601:23)
[   33291ms] ReferenceError: t is not defined
    at animate (http://localhost:8123/mascot/mascot.js:601:23)
[   33298ms] ReferenceError: t is not defined
    at animate (http://localhost:8123/mascot/mascot.js:601:23)
[   33306ms] ReferenceError: t is not defined
    at animate (http://localhost:8123/mascot/mascot.js:601:23)
[   33316ms] ReferenceError: t is not defined
    at animate (http://localhost:8123/mascot/mascot.js:601:23)
[   33323ms] ReferenceError: t is not defined
    at animate (http://localhost:8123/mascot/mascot.js:601:23)
[   33332ms] ReferenceError: t is not defined
    at animate (http://localhost:8123/mascot/mascot.js:601:23)
[   33340ms] ReferenceError: t is not defined
    at animate (http://localhost:8123/mascot/mascot.js:601:23)
[   33349ms] ReferenceError: t is not defined
    at animate (http://localhost:8123/mascot/mascot.js:601:23)
[   33357ms] ReferenceError: t is not defined
    at animate (http://localhost:8123/mascot/mascot.js:601:23)
[   33365ms] ReferenceError: t is not defined
    at animate (http://localhost:8123/mascot/mascot.js:601:23)
[   33374ms] ReferenceError: t is not defined
    at animate (http://localhost:8123/mascot/mascot.js:601:23)
[   33381ms] ReferenceError: t is not defined
    at animate (http://localhost:8123/mascot/mascot.js:601:23)
[   33390ms] ReferenceError: t is not defined
    at animate (http://localhost:8123/mascot/mascot.js:601:23)
[   33399ms] ReferenceError: t is not defined
    at animate (http://localhost:8123/mascot/mascot.js:601:23)
[   33406ms] ReferenceError: t is not defined
    at animate (http://localhost:8123/mascot/mascot.js:601:23)
[   33415ms] ReferenceError: t is not defined
    at animate (http://localhost:8123/mascot/mascot.js:601:23)
[   33423ms] ReferenceError: t is not defined
    at animate (http://localhost:8123/mascot/mascot.js:601:23)
[   33432ms] ReferenceError: t is not defined
    at animate (http://localhost:8123/mascot/mascot.js:601:23)
[   33440ms] ReferenceError: t is not defined
    at animate (http://localhost:8123/mascot/mascot.js:601:23)
[   33449ms] ReferenceError: t is not defined
    at animate (http://localhost:8123/mascot/mascot.js:601:23)
[   33457ms] ReferenceError: t is not defined
    at animate (http://localhost:8123/mascot/mascot.js:601:23)
[   33465ms] ReferenceError: t is not defined
    at animate (http://localhost:8123/mascot/mascot.js:601:23)
[   33473ms] ReferenceError: t is not defined
    at animate (http://localhost:8123/mascot/mascot.js:601:23)
[   33488ms] ReferenceError: t is not defined
    at animate (http://localhost:8123/mascot/mascot.js:601:23)
[   33490ms] ReferenceError: t is not defined
    at animate (http://localhost:8123/mascot/mascot.js:601:23)
[   33498ms] ReferenceError: t is not defined
    at animate (http://localhost:8123/mascot/mascot.js:601:23)
[   33507ms] ReferenceError: t is not defined
    at animate (http://localhost:8123/mascot/mascot.js:601:23)
[   33515ms] ReferenceError: t is not defined
    at animate (http://localhost:8123/mascot/mascot.js:601:23)
[   33524ms] ReferenceError: t is not defined
    at animate (http://localhost:8123/mascot/mascot.js:601:23)
[   33531ms] ReferenceError: t is not defined
    at animate (http://localhost:8123/mascot/mascot.js:601:23)
[   33540ms] ReferenceError: t is not defined
    at animate (http://localhost:8123/mascot/mascot.js:601:23)
[   33548ms] ReferenceError: t is not defined
    at animate (http://localhost:8123/mascot/mascot.js:601:23)
[   33557ms] ReferenceError: t is not defined
    at animate (http://localhost:8123/mascot/mascot.js:601:23)
[   33564ms] ReferenceError: t is not defined
    at animate (http://localhost:8123/mascot/mascot.js:601:23)
[   33572ms] ReferenceError: t is not defined
    at animate (http://localhost:8123/mascot/mascot.js:601:23)
[   33581ms] ReferenceError: t is not defined
    at animate (http://localhost:8123/mascot/mascot.js:601:23)
[   33589ms] ReferenceError: t is not defined
    at animate (http://localhost:8123/mascot/mascot.js:601:23)
[   33597ms] ReferenceError: t is not defined
    at animate (http://localhost:8123/mascot/mascot.js:601:23)
[   33605ms] ReferenceError: t is not defined
    at animate (http://localhost:8123/mascot/mascot.js:601:23)
[   33614ms] ReferenceError: t is not defined
    at animate (http://localhost:8123/mascot/mascot.js:601:23)
[   33622ms] ReferenceError: t is not defined
    at animate (http://localhost:8123/mascot/mascot.js:601:23)
[   33630ms] ReferenceError: t is not defined
    at animate (http://localhost:8123/mascot/mascot.js:601:23)
[   33639ms] ReferenceError: t is not defined
    at animate (http://localhost:8123/mascot/mascot.js:601:23)
[   33649ms] ReferenceError: t is not defined
    at animate (http://localhost:8123/mascot/mascot.js:601:23)
[   33656ms] ReferenceError: t is not defined
    at animate (http://localhost:8123/mascot/mascot.js:601:23)
[   33664ms] ReferenceError: t is not defined
    at animate (http://localhost:8123/mascot/mascot.js:601:23)
[   33673ms] ReferenceError: t is not defined
    at animate (http://localhost:8123/mascot/mascot.js:601:23)
[   33681ms] ReferenceError: t is not defined
    at animate (http://localhost:8123/mascot/mascot.js:601:23)
[   33689ms] ReferenceError: t is not defined
    at animate (http://localhost:8123/mascot/mascot.js:601:23)
[   33697ms] ReferenceError: t is not defined
    at animate (http://localhost:8123/mascot/mascot.js:601:23)
[   33706ms] ReferenceError: t is not defined
    at animate (http://localhost:8123/mascot/mascot.js:601:23)
[   33714ms] ReferenceError: t is not defined
    at animate (http://localhost:8123/mascot/mascot.js:601:23)
[   33722ms] ReferenceError: t is not defined
    at animate (http://localhost:8123/mascot/mascot.js:601:23)
[   33731ms] ReferenceError: t is not defined
    at animate (http://localhost:8123/mascot/mascot.js:601:23)
[   33739ms] ReferenceError: t is not defined
    at animate (http://localhost:8123/mascot/mascot.js:601:23)
[   33748ms] ReferenceError: t is not defined
    at animate (http://localhost:8123/mascot/mascot.js:601:23)
[   33756ms] ReferenceError: t is not defined
    at animate (http://localhost:8123/mascot/mascot.js:601:23)
[   33765ms] ReferenceError: t is not defined
    at animate (http://localhost:8123/mascot/mascot.js:601:23)
[   33772ms] ReferenceError: t is not defined
    at animate (http://localhost:8123/mascot/mascot.js:601:23)
[   33782ms] ReferenceError: t is not defined
    at animate (http://localhost:8123/mascot/mascot.js:601:23)
[   33790ms] ReferenceError: t is not defined
    at animate (http://localhost:8123/mascot/mascot.js:601:23)
[   33797ms] ReferenceError: t is not defined
    at animate (http://localhost:8123/mascot/mascot.js:601:23)
[   33806ms] ReferenceError: t is not defined
    at animate (http://localhost:8123/mascot/mascot.js:601:23)
[   33815ms] ReferenceError: t is not defined
    at animate (http://localhost:8123/mascot/mascot.js:601:23)
[   33823ms] ReferenceError: t is not defined
    at animate (http://localhost:8123/mascot/mascot.js:601:23)
[   33831ms] ReferenceError: t is not defined
    at animate (http://localhost:8123/mascot/mascot.js:601:23)
[   33839ms] ReferenceError: t is not defined
    at animate (http://localhost:8123/mascot/mascot.js:601:23)
[   33848ms] ReferenceError: t is not defined
    at animate (http://localhost:8123/mascot/mascot.js:601:23)
[   33856ms] ReferenceError: t is not defined
    at animate (http://localhost:8123/mascot/mascot.js:601:23)
[   33865ms] ReferenceError: t is not defined
    at animate (http://localhost:8123/mascot/mascot.js:601:23)
[   33873ms] ReferenceError: t is not defined
    at animate (http://localhost:8123/mascot/mascot.js:601:23)
[   33881ms] ReferenceError: t is not defined
    at animate (http://localhost:8123/mascot/mascot.js:601:23)
[   33890ms] ReferenceError: t is not defined
    at animate (http://localhost:8123/mascot/mascot.js:601:23)
[   33899ms] ReferenceError: t is not defined
    at animate (http://localhost:8123/mascot/mascot.js:601:23)
[   33907ms] ReferenceError: t is not defined
    at animate (http://localhost:8123/mascot/mascot.js:601:23)
[   33915ms] ReferenceError: t is not defined
    at animate (http://localhost:8123/mascot/mascot.js:601:23)
[   33923ms] ReferenceError: t is not defined
    at animate (http://localhost:8123/mascot/mascot.js:601:23)
[   33932ms] ReferenceError: t is not defined
    at animate (http://localhost:8123/mascot/mascot.js:601:23)
[   33939ms] ReferenceError: t is not defined
    at animate (http://localhost:8123/mascot/mascot.js:601:23)
[   33949ms] ReferenceError: t is not defined
    at animate (http://localhost:8123/mascot/mascot.js:601:23)
[   33957ms] ReferenceError: t is not defined
    at animate (http://localhost:8123/mascot/mascot.js:601:23)
[   33965ms] ReferenceError: t is not defined
    at animate (http://localhost:8123/mascot/mascot.js:601:23)
[   33974ms] ReferenceError: t is not defined
    at animate (http://localhost:8123/mascot/mascot.js:601:23)
[   33981ms] ReferenceError: t is not defined
    at animate (http://localhost:8123/mascot/mascot.js:601:23)
[   33990ms] ReferenceError: t is not defined
    at animate (http://localhost:8123/mascot/mascot.js:601:23)
[   33998ms] ReferenceError: t is not defined
    at animate (http://localhost:8123/mascot/mascot.js:601:23)
[   34006ms] ReferenceError: t is not defined
    at animate (http://localhost:8123/mascot/mascot.js:601:23)
[   34015ms] ReferenceError: t is not defined
    at animate (http://localhost:8123/mascot/mascot.js:601:23)
[   34023ms] ReferenceError: t is not defined
    at animate (http://localhost:8123/mascot/mascot.js:601:23)
[   34031ms] ReferenceError: t is not defined
    at animate (http://localhost:8123/mascot/mascot.js:601:23)
[   34040ms] ReferenceError: t is not defined
    at animate (http://localhost:8123/mascot/mascot.js:601:23)
[   34049ms] ReferenceError: t is not defined
    at animate (http://localhost:8123/mascot/mascot.js:601:23)
[   34057ms] ReferenceError: t is not defined
    at animate (http://localhost:8123/mascot/mascot.js:601:23)
[   34064ms] ReferenceError: t is not defined
    at animate (http://localhost:8123/mascot/mascot.js:601:23)
[   34076ms] ReferenceError: t is not defined
    at animate (http://localhost:8123/mascot/mascot.js:601:23)
[   34082ms] ReferenceError: t is not defined
    at animate (http://localhost:8123/mascot/mascot.js:601:23)
[   34090ms] ReferenceError: t is not defined
    at animate (http://localhost:8123/mascot/mascot.js:601:23)
[   34098ms] ReferenceError: t is not defined
    at animate (http://localhost:8123/mascot/mascot.js:601:23)
[   34107ms] ReferenceError: t is not defined
    at animate (http://localhost:8123/mascot/mascot.js:601:23)
[   34115ms] ReferenceError: t is not defined
    at animate (http://localhost:8123/mascot/mascot.js:601:23)
[   34124ms] ReferenceError: t is not defined
    at animate (http://localhost:8123/mascot/mascot.js:601:23)
[   34131ms] ReferenceError: t is not defined
    at animate (http://localhost:8123/mascot/mascot.js:601:23)
[   34140ms] ReferenceError: t is not defined
    at animate (http://localhost:8123/mascot/mascot.js:601:23)
[   34147ms] ReferenceError: t is not defined
    at animate (http://localhost:8123/mascot/mascot.js:601:23)
[   34156ms] ReferenceError: t is not defined
    at animate (http://localhost:8123/mascot/mascot.js:601:23)
[   34164ms] ReferenceError: t is not defined
    at animate (http://localhost:8123/mascot/mascot.js:601:23)
[   34172ms] ReferenceError: t is not defined
    at animate (http://localhost:8123/mascot/mascot.js:601:23)
[   34181ms] ReferenceError: t is not defined
    at animate (http://localhost:8123/mascot/mascot.js:601:23)
[   34190ms] ReferenceError: t is not defined
    at animate (http://localhost:8123/mascot/mascot.js:601:23)
[   34197ms] ReferenceError: t is not defined
    at animate (http://localhost:8123/mascot/mascot.js:601:23)
[   34206ms] ReferenceError: t is not defined
    at animate (http://localhost:8123/mascot/mascot.js:601:23)
[   34214ms] ReferenceError: t is not defined
    at animate (http://localhost:8123/mascot/mascot.js:601:23)
[   34222ms] ReferenceError: t is not defined
    at animate (http://localhost:8123/mascot/mascot.js:601:23)
[   34231ms] ReferenceError: t is not defined
    at animate (http://localhost:8123/mascot/mascot.js:601:23)
[   34239ms] ReferenceError: t is not defined
    at animate (http://localhost:8123/mascot/mascot.js:601:23)
[   34247ms] ReferenceError: t is not defined
    at animate (http://localhost:8123/mascot/mascot.js:601:23)
[   34256ms] ReferenceError: t is not defined
    at animate (http://localhost:8123/mascot/mascot.js:601:23)
[   34264ms] ReferenceError: t is not defined
    at animate (http://localhost:8123/mascot/mascot.js:601:23)
[   34272ms] ReferenceError: t is not defined
    at animate (http://localhost:8123/mascot/mascot.js:601:23)
[   34281ms] ReferenceError: t is not defined
    at animate (http://localhost:8123/mascot/mascot.js:601:23)
[   34289ms] ReferenceError: t is not defined
    at animate (http://localhost:8123/mascot/mascot.js:601:23)
[   34297ms] ReferenceError: t is not defined
    at animate (http://localhost:8123/mascot/mascot.js:601:23)
[   34306ms] ReferenceError: t is not defined
    at animate (http://localhost:8123/mascot/mascot.js:601:23)
[   34314ms] ReferenceError: t is not defined
    at animate (http://localhost:8123/mascot/mascot.js:601:23)
[   34323ms] ReferenceError: t is not defined
    at animate (http://localhost:8123/mascot/mascot.js:601:23)
[   34331ms] ReferenceError: t is not defined
    at animate (http://localhost:8123/mascot/mascot.js:601:23)
[   34339ms] ReferenceError: t is not defined
    at animate (http://localhost:8123/mascot/mascot.js:601:23)
[   34349ms] ReferenceError: t is not defined
    at animate (http://localhost:8123/mascot/mascot.js:601:23)
[   34357ms] ReferenceError: t is not defined
    at animate (http://localhost:8123/mascot/mascot.js:601:23)
[   34365ms] ReferenceError: t is not defined
    at animate (http://localhost:8123/mascot/mascot.js:601:23)
[   34373ms] ReferenceError: t is not defined
    at animate (http://localhost:8123/mascot/mascot.js:601:23)
[   34381ms] ReferenceError: t is not defined
    at animate (http://localhost:8123/mascot/mascot.js:601:23)
[   34391ms] ReferenceError: t is not defined
    at animate (http://localhost:8123/mascot/mascot.js:601:23)
[   34398ms] ReferenceError: t is not defined
    at animate (http://localhost:8123/mascot/mascot.js:601:23)
[   34406ms] ReferenceError: t is not defined
    at animate (http://localhost:8123/mascot/mascot.js:601:23)
[   34415ms] ReferenceError: t is not defined
    at animate (http://localhost:8123/mascot/mascot.js:601:23)
[   34423ms] ReferenceError: t is not defined
    at animate (http://localhost:8123/mascot/mascot.js:601:23)
[   34432ms] ReferenceError: t is not defined
    at animate (http://localhost:8123/mascot/mascot.js:601:23)
[   34440ms] ReferenceError: t is not defined
    at animate (http://localhost:8123/mascot/mascot.js:601:23)
[   34448ms] ReferenceError: t is not defined
    at animate (http://localhost:8123/mascot/mascot.js:601:23)
[   34456ms] ReferenceError: t is not defined
    at animate (http://localhost:8123/mascot/mascot.js:601:23)
[   34465ms] ReferenceError: t is not defined
    at animate (http://localhost:8123/mascot/mascot.js:601:23)
[   34473ms] ReferenceError: t is not defined
    at animate (http://localhost:8123/mascot/mascot.js:601:23)
[   34483ms] ReferenceError: t is not defined
    at animate (http://localhost:8123/mascot/mascot.js:601:23)
[   34490ms] ReferenceError: t is not defined
    at animate (http://localhost:8123/mascot/mascot.js:601:23)
[   34499ms] ReferenceError: t is not defined
    at animate (http://localhost:8123/mascot/mascot.js:601:23)
[   34507ms] ReferenceError: t is not defined
    at animate (http://localhost:8123/mascot/mascot.js:601:23)
[   34514ms] ReferenceError: t is not defined
    at animate (http://localhost:8123/mascot/mascot.js:601:23)
[   34523ms] ReferenceError: t is not defined
    at animate (http://localhost:8123/mascot/mascot.js:601:23)
[   34531ms] ReferenceError: t is not defined
    at animate (http://localhost:8123/mascot/mascot.js:601:23)
[   34540ms] ReferenceError: t is not defined
    at animate (http://localhost:8123/mascot/mascot.js:601:23)
[   34548ms] ReferenceError: t is not defined
    at animate (http://localhost:8123/mascot/mascot.js:601:23)
[   34556ms] ReferenceError: t is not defined
    at animate (http://localhost:8123/mascot/mascot.js:601:23)
[   34564ms] ReferenceError: t is not defined
    at animate (http://localhost:8123/mascot/mascot.js:601:23)
[   34572ms] ReferenceError: t is not defined
    at animate (http://localhost:8123/mascot/mascot.js:601:23)
[   34581ms] ReferenceError: t is not defined
    at animate (http://localhost:8123/mascot/mascot.js:601:23)
[   34589ms] ReferenceError: t is not defined
    at animate (http://localhost:8123/mascot/mascot.js:601:23)
[   34597ms] ReferenceError: t is not defined
    at animate (http://localhost:8123/mascot/mascot.js:601:23)
[   34606ms] ReferenceError: t is not defined
    at animate (http://localhost:8123/mascot/mascot.js:601:23)
[   34615ms] ReferenceError: t is not defined
    at animate (http://localhost:8123/mascot/mascot.js:601:23)
[   34623ms] ReferenceError: t is not defined
    at animate (http://localhost:8123/mascot/mascot.js:601:23)
[   34631ms] ReferenceError: t is not defined
    at animate (http://localhost:8123/mascot/mascot.js:601:23)
[   34639ms] ReferenceError: t is not defined
    at animate (http://localhost:8123/mascot/mascot.js:601:23)
[   34648ms] ReferenceError: t is not defined
    at animate (http://localhost:8123/mascot/mascot.js:601:23)
[   34656ms] ReferenceError: t is not defined
    at animate (http://localhost:8123/mascot/mascot.js:601:23)
[   34664ms] ReferenceError: t is not defined
    at animate (http://localhost:8123/mascot/mascot.js:601:23)
[   34673ms] ReferenceError: t is not defined
    at animate (http://localhost:8123/mascot/mascot.js:601:23)
[   34681ms] ReferenceError: t is not defined
    at animate (http://localhost:8123/mascot/mascot.js:601:23)
[   34689ms] ReferenceError: t is not defined
    at animate (http://localhost:8123/mascot/mascot.js:601:23)
[   34698ms] ReferenceError: t is not defined
    at animate (http://localhost:8123/mascot/mascot.js:601:23)
[   34707ms] ReferenceError: t is not defined
    at animate (http://localhost:8123/mascot/mascot.js:601:23)
[   34715ms] ReferenceError: t is not defined
    at animate (http://localhost:8123/mascot/mascot.js:601:23)
[   34723ms] ReferenceError: t is not defined
    at animate (http://localhost:8123/mascot/mascot.js:601:23)
[   34731ms] ReferenceError: t is not defined
    at animate (http://localhost:8123/mascot/mascot.js:601:23)
[   34740ms] ReferenceError: t is not defined
    at animate (http://localhost:8123/mascot/mascot.js:601:23)
[   34748ms] ReferenceError: t is not defined
    at animate (http://localhost:8123/mascot/mascot.js:601:23)
[   34756ms] ReferenceError: t is not defined
    at animate (http://localhost:8123/mascot/mascot.js:601:23)
[   34765ms] ReferenceError: t is not defined
    at animate (http://localhost:8123/mascot/mascot.js:601:23)
[   34773ms] ReferenceError: t is not defined
    at animate (http://localhost:8123/mascot/mascot.js:601:23)
[   34781ms] ReferenceError: t is not defined
    at animate (http://localhost:8123/mascot/mascot.js:601:23)
[   34790ms] ReferenceError: t is not defined
    at animate (http://localhost:8123/mascot/mascot.js:601:23)
[   34798ms] ReferenceError: t is not defined
    at animate (http://localhost:8123/mascot/mascot.js:601:23)
[   34807ms] ReferenceError: t is not defined
    at animate (http://localhost:8123/mascot/mascot.js:601:23)
[   34815ms] ReferenceError: t is not defined
    at animate (http://localhost:8123/mascot/mascot.js:601:23)
[   34823ms] ReferenceError: t is not defined
    at animate (http://localhost:8123/mascot/mascot.js:601:23)
[   34831ms] ReferenceError: t is not defined
    at animate (http://localhost:8123/mascot/mascot.js:601:23)
[   34840ms] ReferenceError: t is not defined
    at animate (http://localhost:8123/mascot/mascot.js:601:23)
[   34848ms] ReferenceError: t is not defined
    at animate (http://localhost:8123/mascot/mascot.js:601:23)
[   34857ms] ReferenceError: t is not defined
    at animate (http://localhost:8123/mascot/mascot.js:601:23)
[   34865ms] ReferenceError: t is not defined
    at animate (http://localhost:8123/mascot/mascot.js:601:23)
[   34874ms] ReferenceError: t is not defined
    at animate (http://localhost:8123/mascot/mascot.js:601:23)
[   34883ms] ReferenceError: t is not defined
    at animate (http://localhost:8123/mascot/mascot.js:601:23)
[   34890ms] ReferenceError: t is not defined
    at animate (http://localhost:8123/mascot/mascot.js:601:23)
[   34899ms] ReferenceError: t is not defined
    at animate (http://localhost:8123/mascot/mascot.js:601:23)
[   34908ms] ReferenceError: t is not defined
    at animate (http://localhost:8123/mascot/mascot.js:601:23)
[   34915ms] ReferenceError: t is not defined
    at animate (http://localhost:8123/mascot/mascot.js:601:23)
[   34923ms] ReferenceError: t is not defined
    at animate (http://localhost:8123/mascot/mascot.js:601:23)
[   34932ms] ReferenceError: t is not defined
    at animate (http://localhost:8123/mascot/mascot.js:601:23)
[   34940ms] ReferenceError: t is not defined
    at animate (http://localhost:8123/mascot/mascot.js:601:23)
[   34949ms] ReferenceError: t is not defined
    at animate (http://localhost:8123/mascot/mascot.js:601:23)
[   34958ms] ReferenceError: t is not defined
    at animate (http://localhost:8123/mascot/mascot.js:601:23)
[   34965ms] ReferenceError: t is not defined
    at animate (http://localhost:8123/mascot/mascot.js:601:23)
[   34973ms] ReferenceError: t is not defined
    at animate (http://localhost:8123/mascot/mascot.js:601:23)
[   34982ms] ReferenceError: t is not defined
    at animate (http://localhost:8123/mascot/mascot.js:601:23)
[   34990ms] ReferenceError: t is not defined
    at animate (http://localhost:8123/mascot/mascot.js:601:23)
[   34998ms] ReferenceError: t is not defined
    at animate (http://localhost:8123/mascot/mascot.js:601:23)
[   35007ms] ReferenceError: t is not defined
    at animate (http://localhost:8123/mascot/mascot.js:601:23)
[   35016ms] ReferenceError: t is not defined
    at animate (http://localhost:8123/mascot/mascot.js:601:23)
[   35024ms] ReferenceError: t is not defined
    at animate (http://localhost:8123/mascot/mascot.js:601:23)
[   35033ms] ReferenceError: t is not defined
    at animate (http://localhost:8123/mascot/mascot.js:601:23)
[   35040ms] ReferenceError: t is not defined
    at animate (http://localhost:8123/mascot/mascot.js:601:23)
[   35048ms] ReferenceError: t is not defined
    at animate (http://localhost:8123/mascot/mascot.js:601:23)
[   35057ms] ReferenceError: t is not defined
    at animate (http://localhost:8123/mascot/mascot.js:601:23)
[   35065ms] ReferenceError: t is not defined
    at animate (http://localhost:8123/mascot/mascot.js:601:23)
[   35073ms] ReferenceError: t is not defined
    at animate (http://localhost:8123/mascot/mascot.js:601:23)
[   35081ms] ReferenceError: t is not defined
    at animate (http://localhost:8123/mascot/mascot.js:601:23)
[   35090ms] ReferenceError: t is not defined
    at animate (http://localhost:8123/mascot/mascot.js:601:23)
[   35098ms] ReferenceError: t is not defined
    at animate (http://localhost:8123/mascot/mascot.js:601:23)
[   35112ms] ReferenceError: t is not defined
    at animate (http://localhost:8123/mascot/mascot.js:601:23)
[   35115ms] ReferenceError: t is not defined
    at animate (http://localhost:8123/mascot/mascot.js:601:23)
[   35124ms] ReferenceError: t is not defined
    at animate (http://localhost:8123/mascot/mascot.js:601:23)
[   35132ms] ReferenceError: t is not defined
    at animate (http://localhost:8123/mascot/mascot.js:601:23)
[   35140ms] ReferenceError: t is not defined
    at animate (http://localhost:8123/mascot/mascot.js:601:23)
[   35148ms] ReferenceError: t is not defined
    at animate (http://localhost:8123/mascot/mascot.js:601:23)
[   35156ms] ReferenceError: t is not defined
    at animate (http://localhost:8123/mascot/mascot.js:601:23)
[   35164ms] ReferenceError: t is not defined
    at animate (http://localhost:8123/mascot/mascot.js:601:23)
[   35173ms] ReferenceError: t is not defined
    at animate (http://localhost:8123/mascot/mascot.js:601:23)
[   35181ms] ReferenceError: t is not defined
    at animate (http://localhost:8123/mascot/mascot.js:601:23)
[   35189ms] ReferenceError: t is not defined
    at animate (http://localhost:8123/mascot/mascot.js:601:23)
[   35198ms] ReferenceError: t is not defined
    at animate (http://localhost:8123/mascot/mascot.js:601:23)
[   35206ms] ReferenceError: t is not defined
    at animate (http://localhost:8123/mascot/mascot.js:601:23)
[   35214ms] ReferenceError: t is not defined
    at animate (http://localhost:8123/mascot/mascot.js:601:23)
[   35222ms] ReferenceError: t is not defined
    at animate (http://localhost:8123/mascot/mascot.js:601:23)
[   35230ms] ReferenceError: t is not defined
    at animate (http://localhost:8123/mascot/mascot.js:601:23)
[   35239ms] ReferenceError: t is not defined
    at animate (http://localhost:8123/mascot/mascot.js:601:23)
[   35247ms] ReferenceError: t is not defined
    at animate (http://localhost:8123/mascot/mascot.js:601:23)
[   35256ms] ReferenceError: t is not defined
    at animate (http://localhost:8123/mascot/mascot.js:601:23)
[   35264ms] ReferenceError: t is not defined
    at animate (http://localhost:8123/mascot/mascot.js:601:23)
[   35272ms] ReferenceError: t is not defined
    at animate (http://localhost:8123/mascot/mascot.js:601:23)
[   35281ms] ReferenceError: t is not defined
    at animate (http://localhost:8123/mascot/mascot.js:601:23)
[   35288ms] ReferenceError: t is not defined
    at animate (http://localhost:8123/mascot/mascot.js:601:23)
[   35297ms] ReferenceError: t is not defined
    at animate (http://localhost:8123/mascot/mascot.js:601:23)
[   35306ms] ReferenceError: t is not defined
    at animate (http://localhost:8123/mascot/mascot.js:601:23)
[   35314ms] ReferenceError: t is not defined
    at animate (http://localhost:8123/mascot/mascot.js:601:23)
[   35322ms] ReferenceError: t is not defined
    at animate (http://localhost:8123/mascot/mascot.js:601:23)
[   35331ms] ReferenceError: t is not defined
    at animate (http://localhost:8123/mascot/mascot.js:601:23)
[   35339ms] ReferenceError: t is not defined
    at animate (http://localhost:8123/mascot/mascot.js:601:23)
[   35347ms] ReferenceError: t is not defined
    at animate (http://localhost:8123/mascot/mascot.js:601:23)
[   35356ms] ReferenceError: t is not defined
    at animate (http://localhost:8123/mascot/mascot.js:601:23)
[   35364ms] ReferenceError: t is not defined
    at animate (http://localhost:8123/mascot/mascot.js:601:23)
[   35372ms] ReferenceError: t is not defined
    at animate (http://localhost:8123/mascot/mascot.js:601:23)
[   35380ms] ReferenceError: t is not defined
    at animate (http://localhost:8123/mascot/mascot.js:601:23)
[   35389ms] ReferenceError: t is not defined
    at animate (http://localhost:8123/mascot/mascot.js:601:23)
[   35397ms] ReferenceError: t is not defined
    at animate (http://localhost:8123/mascot/mascot.js:601:23)
[   35406ms] ReferenceError: t is not defined
    at animate (http://localhost:8123/mascot/mascot.js:601:23)
[   35414ms] ReferenceError: t is not defined
    at animate (http://localhost:8123/mascot/mascot.js:601:23)
[   35423ms] ReferenceError: t is not defined
    at animate (http://localhost:8123/mascot/mascot.js:601:23)
[   35431ms] ReferenceError: t is not defined
    at animate (http://localhost:8123/mascot/mascot.js:601:23)
[   35439ms] ReferenceError: t is not defined
    at animate (http://localhost:8123/mascot/mascot.js:601:23)
[   35447ms] ReferenceError: t is not defined
    at animate (http://localhost:8123/mascot/mascot.js:601:23)
[   35456ms] ReferenceError: t is not defined
    at animate (http://localhost:8123/mascot/mascot.js:601:23)
[   35464ms] ReferenceError: t is not defined
    at animate (http://localhost:8123/mascot/mascot.js:601:23)
[   35473ms] ReferenceError: t is not defined
    at animate (http://localhost:8123/mascot/mascot.js:601:23)
[   35481ms] ReferenceError: t is not defined
    at animate (http://localhost:8123/mascot/mascot.js:601:23)
[   35490ms] ReferenceError: t is not defined
    at animate (http://localhost:8123/mascot/mascot.js:601:23)
[   35498ms] ReferenceError: t is not defined
    at animate (http://localhost:8123/mascot/mascot.js:601:23)
[   35507ms] ReferenceError: t is not defined
    at animate (http://localhost:8123/mascot/mascot.js:601:23)
[   35515ms] ReferenceError: t is not defined
    at animate (http://localhost:8123/mascot/mascot.js:601:23)
[   35523ms] ReferenceError: t is not defined
    at animate (http://localhost:8123/mascot/mascot.js:601:23)
[   35531ms] ReferenceError: t is not defined
    at animate (http://localhost:8123/mascot/mascot.js:601:23)
[   35541ms] ReferenceError: t is not defined
    at animate (http://localhost:8123/mascot/mascot.js:601:23)
[   35548ms] ReferenceError: t is not defined
    at animate (http://localhost:8123/mascot/mascot.js:601:23)
[   35556ms] ReferenceError: t is not defined
    at animate (http://localhost:8123/mascot/mascot.js:601:23)
[   35565ms] ReferenceError: t is not defined
    at animate (http://localhost:8123/mascot/mascot.js:601:23)
[   35573ms] ReferenceError: t is not defined
    at animate (http://localhost:8123/mascot/mascot.js:601:23)
[   35581ms] ReferenceError: t is not defined
    at animate (http://localhost:8123/mascot/mascot.js:601:23)
[   35589ms] ReferenceError: t is not defined
    at animate (http://localhost:8123/mascot/mascot.js:601:23)
[   35598ms] ReferenceError: t is not defined
    at animate (http://localhost:8123/mascot/mascot.js:601:23)
[   35607ms] ReferenceError: t is not defined
    at animate (http://localhost:8123/mascot/mascot.js:601:23)
[   35615ms] ReferenceError: t is not defined
    at animate (http://localhost:8123/mascot/mascot.js:601:23)
[   35623ms] ReferenceError: t is not defined
    at animate (http://localhost:8123/mascot/mascot.js:601:23)
[   35631ms] ReferenceError: t is not defined
    at animate (http://localhost:8123/mascot/mascot.js:601:23)
[   35641ms] ReferenceError: t is not defined
    at animate (http://localhost:8123/mascot/mascot.js:601:23)
[   35647ms] ReferenceError: t is not defined
    at animate (http://localhost:8123/mascot/mascot.js:601:23)
[   35657ms] ReferenceError: t is not defined
    at animate (http://localhost:8123/mascot/mascot.js:601:23)
[   35664ms] ReferenceError: t is not defined
    at animate (http://localhost:8123/mascot/mascot.js:601:23)
[   35672ms] ReferenceError: t is not defined
    at animate (http://localhost:8123/mascot/mascot.js:601:23)
[   35681ms] ReferenceError: t is not defined
    at animate (http://localhost:8123/mascot/mascot.js:601:23)
[   35689ms] ReferenceError: t is not defined
    at animate (http://localhost:8123/mascot/mascot.js:601:23)
[   35697ms] ReferenceError: t is not defined
    at animate (http://localhost:8123/mascot/mascot.js:601:23)
[   35706ms] ReferenceError: t is not defined
    at animate (http://localhost:8123/mascot/mascot.js:601:23)
[   35714ms] ReferenceError: t is not defined
    at animate (http://localhost:8123/mascot/mascot.js:601:23)
[   35724ms] ReferenceError: t is not defined
    at animate (http://localhost:8123/mascot/mascot.js:601:23)
[   35730ms] ReferenceError: t is not defined
    at animate (http://localhost:8123/mascot/mascot.js:601:23)
[   35740ms] ReferenceError: t is not defined
    at animate (http://localhost:8123/mascot/mascot.js:601:23)
[   35747ms] ReferenceError: t is not defined
    at animate (http://localhost:8123/mascot/mascot.js:601:23)
[   35756ms] ReferenceError: t is not defined
    at animate (http://localhost:8123/mascot/mascot.js:601:23)
[   35765ms] ReferenceError: t is not defined
    at animate (http://localhost:8123/mascot/mascot.js:601:23)
[   35774ms] ReferenceError: t is not defined
    at animate (http://localhost:8123/mascot/mascot.js:601:23)
[   35781ms] ReferenceError: t is not defined
    at animate (http://localhost:8123/mascot/mascot.js:601:23)
[   35789ms] ReferenceError: t is not defined
    at animate (http://localhost:8123/mascot/mascot.js:601:23)
[   35798ms] ReferenceError: t is not defined
    at animate (http://localhost:8123/mascot/mascot.js:601:23)
[   35806ms] ReferenceError: t is not defined
    at animate (http://localhost:8123/mascot/mascot.js:601:23)
[   35815ms] ReferenceError: t is not defined
    at animate (http://localhost:8123/mascot/mascot.js:601:23)
[   35823ms] ReferenceError: t is not defined
    at animate (http://localhost:8123/mascot/mascot.js:601:23)
[   35831ms] ReferenceError: t is not defined
    at animate (http://localhost:8123/mascot/mascot.js:601:23)
[   35840ms] ReferenceError: t is not defined
    at animate (http://localhost:8123/mascot/mascot.js:601:23)
[   35848ms] ReferenceError: t is not defined
    at animate (http://localhost:8123/mascot/mascot.js:601:23)
[   35856ms] ReferenceError: t is not defined
    at animate (http://localhost:8123/mascot/mascot.js:601:23)
[   35865ms] ReferenceError: t is not defined
    at animate (http://localhost:8123/mascot/mascot.js:601:23)
[   35873ms] ReferenceError: t is not defined
    at animate (http://localhost:8123/mascot/mascot.js:601:23)
[   35883ms] ReferenceError: t is not defined
    at animate (http://localhost:8123/mascot/mascot.js:601:23)
[   35890ms] ReferenceError: t is not defined
    at animate (http://localhost:8123/mascot/mascot.js:601:23)
[   35900ms] ReferenceError: t is not defined
    at animate (http://localhost:8123/mascot/mascot.js:601:23)
[   35907ms] ReferenceError: t is not defined
    at animate (http://localhost:8123/mascot/mascot.js:601:23)
[   35915ms] ReferenceError: t is not defined
    at animate (http://localhost:8123/mascot/mascot.js:601:23)
[   35923ms] ReferenceError: t is not defined
    at animate (http://localhost:8123/mascot/mascot.js:601:23)
[   35931ms] ReferenceError: t is not defined
    at animate (http://localhost:8123/mascot/mascot.js:601:23)
[   35940ms] ReferenceError: t is not defined
    at animate (http://localhost:8123/mascot/mascot.js:601:23)
[   35948ms] ReferenceError: t is not defined
    at animate (http://localhost:8123/mascot/mascot.js:601:23)
[   35956ms] ReferenceError: t is not defined
    at animate (http://localhost:8123/mascot/mascot.js:601:23)
[   35964ms] ReferenceError: t is not defined
    at animate (http://localhost:8123/mascot/mascot.js:601:23)
[   35973ms] ReferenceError: t is not defined
    at animate (http://localhost:8123/mascot/mascot.js:601:23)
[   35982ms] ReferenceError: t is not defined
    at animate (http://localhost:8123/mascot/mascot.js:601:23)
[   35990ms] ReferenceError: t is not defined
    at animate (http://localhost:8123/mascot/mascot.js:601:23)
[   35998ms] ReferenceError: t is not defined
    at animate (http://localhost:8123/mascot/mascot.js:601:23)
[   36006ms] ReferenceError: t is not defined
    at animate (http://localhost:8123/mascot/mascot.js:601:23)
[   36016ms] ReferenceError: t is not defined
    at animate (http://localhost:8123/mascot/mascot.js:601:23)
[   36023ms] ReferenceError: t is not defined
    at animate (http://localhost:8123/mascot/mascot.js:601:23)
[   36032ms] ReferenceError: t is not defined
    at animate (http://localhost:8123/mascot/mascot.js:601:23)
[   36040ms] ReferenceError: t is not defined
    at animate (http://localhost:8123/mascot/mascot.js:601:23)
[   36048ms] ReferenceError: t is not defined
    at animate (http://localhost:8123/mascot/mascot.js:601:23)
[   36057ms] ReferenceError: t is not defined
    at animate (http://localhost:8123/mascot/mascot.js:601:23)
[   36065ms] ReferenceError: t is not defined
    at animate (http://localhost:8123/mascot/mascot.js:601:23)
[   36073ms] ReferenceError: t is not defined
    at animate (http://localhost:8123/mascot/mascot.js:601:23)
[   36081ms] ReferenceError: t is not defined
    at animate (http://localhost:8123/mascot/mascot.js:601:23)
[   36089ms] ReferenceError: t is not defined
    at animate (http://localhost:8123/mascot/mascot.js:601:23)
[   36106ms] ReferenceError: t is not defined
    at animate (http://localhost:8123/mascot/mascot.js:601:23)
[   36106ms] ReferenceError: t is not defined
    at animate (http://localhost:8123/mascot/mascot.js:601:23)
[   36115ms] ReferenceError: t is not defined
    at animate (http://localhost:8123/mascot/mascot.js:601:23)
[   36124ms] ReferenceError: t is not defined
    at animate (http://localhost:8123/mascot/mascot.js:601:23)
[   36131ms] ReferenceError: t is not defined
    at animate (http://localhost:8123/mascot/mascot.js:601:23)
[   36140ms] ReferenceError: t is not defined
    at animate (http://localhost:8123/mascot/mascot.js:601:23)
[   36149ms] ReferenceError: t is not defined
    at animate (http://localhost:8123/mascot/mascot.js:601:23)
[   36156ms] ReferenceError: t is not defined
    at animate (http://localhost:8123/mascot/mascot.js:601:23)
[   36165ms] ReferenceError: t is not defined
    at animate (http://localhost:8123/mascot/mascot.js:601:23)
[   36172ms] ReferenceError: t is not defined
    at animate (http://localhost:8123/mascot/mascot.js:601:23)
[   36181ms] ReferenceError: t is not defined
    at animate (http://localhost:8123/mascot/mascot.js:601:23)
[   36189ms] ReferenceError: t is not defined
    at animate (http://localhost:8123/mascot/mascot.js:601:23)
[   36197ms] ReferenceError: t is not defined
    at animate (http://localhost:8123/mascot/mascot.js:601:23)
[   36206ms] ReferenceError: t is not defined
    at animate (http://localhost:8123/mascot/mascot.js:601:23)
[   36215ms] ReferenceError: t is not defined
    at animate (http://localhost:8123/mascot/mascot.js:601:23)
[   36223ms] ReferenceError: t is not defined
    at animate (http://localhost:8123/mascot/mascot.js:601:23)
[   36231ms] ReferenceError: t is not defined
    at animate (http://localhost:8123/mascot/mascot.js:601:23)
[   36239ms] ReferenceError: t is not defined
    at animate (http://localhost:8123/mascot/mascot.js:601:23)
[   36247ms] ReferenceError: t is not defined
    at animate (http://localhost:8123/mascot/mascot.js:601:23)
[   36256ms] ReferenceError: t is not defined
    at animate (http://localhost:8123/mascot/mascot.js:601:23)
[   36264ms] ReferenceError: t is not defined
    at animate (http://localhost:8123/mascot/mascot.js:601:23)
[   36272ms] ReferenceError: t is not defined
    at animate (http://localhost:8123/mascot/mascot.js:601:23)
[   36281ms] ReferenceError: t is not defined
    at animate (http://localhost:8123/mascot/mascot.js:601:23)
[   36290ms] ReferenceError: t is not defined
    at animate (http://localhost:8123/mascot/mascot.js:601:23)
[   36298ms] ReferenceError: t is not defined
    at animate (http://localhost:8123/mascot/mascot.js:601:23)
[   36307ms] ReferenceError: t is not defined
    at animate (http://localhost:8123/mascot/mascot.js:601:23)
[   36314ms] ReferenceError: t is not defined
    at animate (http://localhost:8123/mascot/mascot.js:601:23)
[   36322ms] ReferenceError: t is not defined
    at animate (http://localhost:8123/mascot/mascot.js:601:23)
[   36331ms] ReferenceError: t is not defined
    at animate (http://localhost:8123/mascot/mascot.js:601:23)
[   36339ms] ReferenceError: t is not defined
    at animate (http://localhost:8123/mascot/mascot.js:601:23)
[   36347ms] ReferenceError: t is not defined
    at animate (http://localhost:8123/mascot/mascot.js:601:23)
[   36356ms] ReferenceError: t is not defined
    at animate (http://localhost:8123/mascot/mascot.js:601:23)
[   36364ms] ReferenceError: t is not defined
    at animate (http://localhost:8123/mascot/mascot.js:601:23)
[   36372ms] ReferenceError: t is not defined
    at animate (http://localhost:8123/mascot/mascot.js:601:23)
[   36381ms] ReferenceError: t is not defined
    at animate (http://localhost:8123/mascot/mascot.js:601:23)
[   36390ms] ReferenceError: t is not defined
    at animate (http://localhost:8123/mascot/mascot.js:601:23)
[   36397ms] ReferenceError: t is not defined
    at animate (http://localhost:8123/mascot/mascot.js:601:23)
[   36407ms] ReferenceError: t is not defined
    at animate (http://localhost:8123/mascot/mascot.js:601:23)
[   36414ms] ReferenceError: t is not defined
    at animate (http://localhost:8123/mascot/mascot.js:601:23)
[   36422ms] ReferenceError: t is not defined
    at animate (http://localhost:8123/mascot/mascot.js:601:23)
[   36431ms] ReferenceError: t is not defined
    at animate (http://localhost:8123/mascot/mascot.js:601:23)
[   36440ms] ReferenceError: t is not defined
    at animate (http://localhost:8123/mascot/mascot.js:601:23)
[   36448ms] ReferenceError: t is not defined
    at animate (http://localhost:8123/mascot/mascot.js:601:23)
[   36456ms] ReferenceError: t is not defined
    at animate (http://localhost:8123/mascot/mascot.js:601:23)
[   36465ms] ReferenceError: t is not defined
    at animate (http://localhost:8123/mascot/mascot.js:601:23)
[   36473ms] ReferenceError: t is not defined
    at animate (http://localhost:8123/mascot/mascot.js:601:23)
[   36481ms] ReferenceError: t is not defined
    at animate (http://localhost:8123/mascot/mascot.js:601:23)
[   36490ms] ReferenceError: t is not defined
    at animate (http://localhost:8123/mascot/mascot.js:601:23)
[   36498ms] ReferenceError: t is not defined
    at animate (http://localhost:8123/mascot/mascot.js:601:23)
[   36506ms] ReferenceError: t is not defined
    at animate (http://localhost:8123/mascot/mascot.js:601:23)
[   36515ms] ReferenceError: t is not defined
    at animate (http://localhost:8123/mascot/mascot.js:601:23)
[   36523ms] ReferenceError: t is not defined
    at animate (http://localhost:8123/mascot/mascot.js:601:23)
[   36531ms] ReferenceError: t is not defined
    at animate (http://localhost:8123/mascot/mascot.js:601:23)
[   36543ms] ReferenceError: t is not defined
    at animate (http://localhost:8123/mascot/mascot.js:601:23)
[   36549ms] ReferenceError: t is not defined
    at animate (http://localhost:8123/mascot/mascot.js:601:23)
[   36556ms] ReferenceError: t is not defined
    at animate (http://localhost:8123/mascot/mascot.js:601:23)
[   36565ms] ReferenceError: t is not defined
    at animate (http://localhost:8123/mascot/mascot.js:601:23)
[   36573ms] ReferenceError: t is not defined
    at animate (http://localhost:8123/mascot/mascot.js:601:23)
[   36582ms] ReferenceError: t is not defined
    at animate (http://localhost:8123/mascot/mascot.js:601:23)
[   36589ms] ReferenceError: t is not defined
    at animate (http://localhost:8123/mascot/mascot.js:601:23)
[   36599ms] ReferenceError: t is not defined
    at animate (http://localhost:8123/mascot/mascot.js:601:23)
[   36605ms] ReferenceError: t is not defined
    at animate (http://localhost:8123/mascot/mascot.js:601:23)
[   36615ms] ReferenceError: t is not defined
    at animate (http://localhost:8123/mascot/mascot.js:601:23)
[   36624ms] ReferenceError: t is not defined
    at animate (http://localhost:8123/mascot/mascot.js:601:23)
[   36629ms] ReferenceError: t is not defined
    at animate (http://localhost:8123/mascot/mascot.js:601:23)
[   36637ms] ReferenceError: t is not defined
    at animate (http://localhost:8123/mascot/mascot.js:601:23)
[   36645ms] ReferenceError: t is not defined
    at animate (http://localhost:8123/mascot/mascot.js:601:23)
[   36653ms] ReferenceError: t is not defined
    at animate (http://localhost:8123/mascot/mascot.js:601:23)
[   36661ms] ReferenceError: t is not defined
    at animate (http://localhost:8123/mascot/mascot.js:601:23)
[   36672ms] ReferenceError: t is not defined
    at animate (http://localhost:8123/mascot/mascot.js:601:23)
[   36677ms] ReferenceError: t is not defined
    at animate (http://localhost:8123/mascot/mascot.js:601:23)
[   36685ms] ReferenceError: t is not defined
    at animate (http://localhost:8123/mascot/mascot.js:601:23)
[   36694ms] ReferenceError: t is not defined
    at animate (http://localhost:8123/mascot/mascot.js:601:23)
[   36702ms] ReferenceError: t is not defined
    at animate (http://localhost:8123/mascot/mascot.js:601:23)
[   36710ms] ReferenceError: t is not defined
    at animate (http://localhost:8123/mascot/mascot.js:601:23)
[   36718ms] ReferenceError: t is not defined
    at animate (http://localhost:8123/mascot/mascot.js:601:23)
[   36726ms] ReferenceError: t is not defined
    at animate (http://localhost:8123/mascot/mascot.js:601:23)
[   36735ms] ReferenceError: t is not defined
    at animate (http://localhost:8123/mascot/mascot.js:601:23)
[   36743ms] ReferenceError: t is not defined
    at animate (http://localhost:8123/mascot/mascot.js:601:23)
[   36751ms] ReferenceError: t is not defined
    at animate (http://localhost:8123/mascot/mascot.js:601:23)
[   36761ms] ReferenceError: t is not defined
    at animate (http://localhost:8123/mascot/mascot.js:601:23)
[   36768ms] ReferenceError: t is not defined
    at animate (http://localhost:8123/mascot/mascot.js:601:23)
[   36776ms] ReferenceError: t is not defined
    at animate (http://localhost:8123/mascot/mascot.js:601:23)
[   36785ms] ReferenceError: t is not defined
    at animate (http://localhost:8123/mascot/mascot.js:601:23)
[   36793ms] ReferenceError: t is not defined
    at animate (http://localhost:8123/mascot/mascot.js:601:23)
[   36801ms] ReferenceError: t is not defined
    at animate (http://localhost:8123/mascot/mascot.js:601:23)
[   36811ms] ReferenceError: t is not defined
    at animate (http://localhost:8123/mascot/mascot.js:601:23)
[   36818ms] ReferenceError: t is not defined
    at animate (http://localhost:8123/mascot/mascot.js:601:23)
[   36827ms] ReferenceError: t is not defined
    at animate (http://localhost:8123/mascot/mascot.js:601:23)
[   36835ms] ReferenceError: t is not defined
    at animate (http://localhost:8123/mascot/mascot.js:601:23)
[   36843ms] ReferenceError: t is not defined
    at animate (http://localhost:8123/mascot/mascot.js:601:23)
[   36851ms] ReferenceError: t is not defined
    at animate (http://localhost:8123/mascot/mascot.js:601:23)
[   36860ms] ReferenceError: t is not defined
    at animate (http://localhost:8123/mascot/mascot.js:601:23)
[   36868ms] ReferenceError: t is not defined
    at animate (http://localhost:8123/mascot/mascot.js:601:23)
[   36876ms] ReferenceError: t is not defined
    at animate (http://localhost:8123/mascot/mascot.js:601:23)
[   36885ms] ReferenceError: t is not defined
    at animate (http://localhost:8123/mascot/mascot.js:601:23)
[   36893ms] ReferenceError: t is not defined
    at animate (http://localhost:8123/mascot/mascot.js:601:23)
[   36902ms] ReferenceError: t is not defined
    at animate (http://localhost:8123/mascot/mascot.js:601:23)
[   36910ms] ReferenceError: t is not defined
    at animate (http://localhost:8123/mascot/mascot.js:601:23)
[   36918ms] ReferenceError: t is not defined
    at animate (http://localhost:8123/mascot/mascot.js:601:23)
[   36927ms] ReferenceError: t is not defined
    at animate (http://localhost:8123/mascot/mascot.js:601:23)
[   36935ms] ReferenceError: t is not defined
    at animate (http://localhost:8123/mascot/mascot.js:601:23)
[   36944ms] ReferenceError: t is not defined
    at animate (http://localhost:8123/mascot/mascot.js:601:23)
[   36952ms] ReferenceError: t is not defined
    at animate (http://localhost:8123/mascot/mascot.js:601:23)
[   36961ms] ReferenceError: t is not defined
    at animate (http://localhost:8123/mascot/mascot.js:601:23)
[   36969ms] ReferenceError: t is not defined
    at animate (http://localhost:8123/mascot/mascot.js:601:23)
[   36977ms] ReferenceError: t is not defined
    at animate (http://localhost:8123/mascot/mascot.js:601:23)
[   36986ms] ReferenceError: t is not defined
    at animate (http://localhost:8123/mascot/mascot.js:601:23)
[   36994ms] ReferenceError: t is not defined
    at animate (http://localhost:8123/mascot/mascot.js:601:23)
[   37002ms] ReferenceError: t is not defined
    at animate (http://localhost:8123/mascot/mascot.js:601:23)
[   37011ms] ReferenceError: t is not defined
    at animate (http://localhost:8123/mascot/mascot.js:601:23)
[   37019ms] ReferenceError: t is not defined
    at animate (http://localhost:8123/mascot/mascot.js:601:23)
[   37027ms] ReferenceError: t is not defined
    at animate (http://localhost:8123/mascot/mascot.js:601:23)
[   37035ms] ReferenceError: t is not defined
    at animate (http://localhost:8123/mascot/mascot.js:601:23)
[   37044ms] ReferenceError: t is not defined
    at animate (http://localhost:8123/mascot/mascot.js:601:23)
[   37052ms] ReferenceError: t is not defined
    at animate (http://localhost:8123/mascot/mascot.js:601:23)
[   37060ms] ReferenceError: t is not defined
    at animate (http://localhost:8123/mascot/mascot.js:601:23)
[   37069ms] ReferenceError: t is not defined
    at animate (http://localhost:8123/mascot/mascot.js:601:23)
[   37077ms] ReferenceError: t is not defined
    at animate (http://localhost:8123/mascot/mascot.js:601:23)
[   37085ms] ReferenceError: t is not defined
    at animate (http://localhost:8123/mascot/mascot.js:601:23)
[   37094ms] ReferenceError: t is not defined
    at animate (http://localhost:8123/mascot/mascot.js:601:23)
[   37102ms] ReferenceError: t is not defined
    at animate (http://localhost:8123/mascot/mascot.js:601:23)
[   37110ms] ReferenceError: t is not defined
    at animate (http://localhost:8123/mascot/mascot.js:601:23)
[   37119ms] ReferenceError: t is not defined
    at animate (http://localhost:8123/mascot/mascot.js:601:23)
[   37127ms] ReferenceError: t is not defined
    at animate (http://localhost:8123/mascot/mascot.js:601:23)
[   37136ms] ReferenceError: t is not defined
    at animate (http://localhost:8123/mascot/mascot.js:601:23)
[   37144ms] ReferenceError: t is not defined
    at animate (http://localhost:8123/mascot/mascot.js:601:23)
[   37153ms] ReferenceError: t is not defined
    at animate (http://localhost:8123/mascot/mascot.js:601:23)
[   37160ms] ReferenceError: t is not defined
    at animate (http://localhost:8123/mascot/mascot.js:601:23)
[   37169ms] ReferenceError: t is not defined
    at animate (http://localhost:8123/mascot/mascot.js:601:23)
[   37177ms] ReferenceError: t is not defined
    at animate (http://localhost:8123/mascot/mascot.js:601:23)
[   37185ms] ReferenceError: t is not defined
    at animate (http://localhost:8123/mascot/mascot.js:601:23)
[   37193ms] ReferenceError: t is not defined
    at animate (http://localhost:8123/mascot/mascot.js:601:23)
[   37201ms] ReferenceError: t is not defined
    at animate (http://localhost:8123/mascot/mascot.js:601:23)
[   37211ms] ReferenceError: t is not defined
    at animate (http://localhost:8123/mascot/mascot.js:601:23)
[   37218ms] ReferenceError: t is not defined
    at animate (http://localhost:8123/mascot/mascot.js:601:23)
[   37226ms] ReferenceError: t is not defined
    at animate (http://localhost:8123/mascot/mascot.js:601:23)
[   37235ms] ReferenceError: t is not defined
    at animate (http://localhost:8123/mascot/mascot.js:601:23)
[   37243ms] ReferenceError: t is not defined
    at animate (http://localhost:8123/mascot/mascot.js:601:23)
[   37252ms] ReferenceError: t is not defined
    at animate (http://localhost:8123/mascot/mascot.js:601:23)
[   37260ms] ReferenceError: t is not defined
    at animate (http://localhost:8123/mascot/mascot.js:601:23)
[   37268ms] ReferenceError: t is not defined
    at animate (http://localhost:8123/mascot/mascot.js:601:23)
[   37277ms] ReferenceError: t is not defined
    at animate (http://localhost:8123/mascot/mascot.js:601:23)
[   37285ms] ReferenceError: t is not defined
    at animate (http://localhost:8123/mascot/mascot.js:601:23)
[   37293ms] ReferenceError: t is not defined
    at animate (http://localhost:8123/mascot/mascot.js:601:23)
[   37302ms] ReferenceError: t is not defined
    at animate (http://localhost:8123/mascot/mascot.js:601:23)
[   37310ms] ReferenceError: t is not defined
    at animate (http://localhost:8123/mascot/mascot.js:601:23)
[   37319ms] ReferenceError: t is not defined
    at animate (http://localhost:8123/mascot/mascot.js:601:23)
[   37327ms] ReferenceError: t is not defined
    at animate (http://localhost:8123/mascot/mascot.js:601:23)
[   37335ms] ReferenceError: t is not defined
    at animate (http://localhost:8123/mascot/mascot.js:601:23)
[   37344ms] ReferenceError: t is not defined
    at animate (http://localhost:8123/mascot/mascot.js:601:23)
[   37352ms] ReferenceError: t is not defined
    at animate (http://localhost:8123/mascot/mascot.js:601:23)
[   37361ms] ReferenceError: t is not defined
    at animate (http://localhost:8123/mascot/mascot.js:601:23)
[   37370ms] ReferenceError: t is not defined
    at animate (http://localhost:8123/mascot/mascot.js:601:23)
[   37377ms] ReferenceError: t is not defined
    at animate (http://localhost:8123/mascot/mascot.js:601:23)
[   37386ms] ReferenceError: t is not defined
    at animate (http://localhost:8123/mascot/mascot.js:601:23)
[   37394ms] ReferenceError: t is not defined
    at animate (http://localhost:8123/mascot/mascot.js:601:23)
[   37402ms] ReferenceError: t is not defined
    at animate (http://localhost:8123/mascot/mascot.js:601:23)
[   37411ms] ReferenceError: t is not defined
    at animate (http://localhost:8123/mascot/mascot.js:601:23)
[   37419ms] ReferenceError: t is not defined
    at animate (http://localhost:8123/mascot/mascot.js:601:23)
[   37427ms] ReferenceError: t is not defined
    at animate (http://localhost:8123/mascot/mascot.js:601:23)
[   37436ms] ReferenceError: t is not defined
    at animate (http://localhost:8123/mascot/mascot.js:601:23)
[   37444ms] ReferenceError: t is not defined
    at animate (http://localhost:8123/mascot/mascot.js:601:23)
[   37452ms] ReferenceError: t is not defined
    at animate (http://localhost:8123/mascot/mascot.js:601:23)
[   37461ms] ReferenceError: t is not defined
    at animate (http://localhost:8123/mascot/mascot.js:601:23)
[   37469ms] ReferenceError: t is not defined
    at animate (http://localhost:8123/mascot/mascot.js:601:23)
[   37478ms] ReferenceError: t is not defined
    at animate (http://localhost:8123/mascot/mascot.js:601:23)
[   37486ms] ReferenceError: t is not defined
    at animate (http://localhost:8123/mascot/mascot.js:601:23)
[   37494ms] ReferenceError: t is not defined
    at animate (http://localhost:8123/mascot/mascot.js:601:23)
[   37502ms] ReferenceError: t is not defined
    at animate (http://localhost:8123/mascot/mascot.js:601:23)
[   37511ms] ReferenceError: t is not defined
    at animate (http://localhost:8123/mascot/mascot.js:601:23)
[   37519ms] ReferenceError: t is not defined
    at animate (http://localhost:8123/mascot/mascot.js:601:23)
[   37528ms] ReferenceError: t is not defined
    at animate (http://localhost:8123/mascot/mascot.js:601:23)
[   37536ms] ReferenceError: t is not defined
    at animate (http://localhost:8123/mascot/mascot.js:601:23)
[   37544ms] ReferenceError: t is not defined
    at animate (http://localhost:8123/mascot/mascot.js:601:23)
[   37552ms] ReferenceError: t is not defined
    at animate (http://localhost:8123/mascot/mascot.js:601:23)
[   37561ms] ReferenceError: t is not defined
    at animate (http://localhost:8123/mascot/mascot.js:601:23)
[   37569ms] ReferenceError: t is not defined
    at animate (http://localhost:8123/mascot/mascot.js:601:23)
[   37577ms] ReferenceError: t is not defined
    at animate (http://localhost:8123/mascot/mascot.js:601:23)
[   37586ms] ReferenceError: t is not defined
    at animate (http://localhost:8123/mascot/mascot.js:601:23)
[   37594ms] ReferenceError: t is not defined
    at animate (http://localhost:8123/mascot/mascot.js:601:23)
[   37603ms] ReferenceError: t is not defined
    at animate (http://localhost:8123/mascot/mascot.js:601:23)
[   37627ms] ReferenceError: t is not defined
    at animate (http://localhost:8123/mascot/mascot.js:601:23)
[   37627ms] ReferenceError: t is not defined
    at animate (http://localhost:8123/mascot/mascot.js:601:23)
[   37628ms] ReferenceError: t is not defined
    at animate (http://localhost:8123/mascot/mascot.js:601:23)
[   37636ms] ReferenceError: t is not defined
    at animate (http://localhost:8123/mascot/mascot.js:601:23)
[   37644ms] ReferenceError: t is not defined
    at animate (http://localhost:8123/mascot/mascot.js:601:23)
[   37653ms] ReferenceError: t is not defined
    at animate (http://localhost:8123/mascot/mascot.js:601:23)
[   37660ms] ReferenceError: t is not defined
    at animate (http://localhost:8123/mascot/mascot.js:601:23)
[   37669ms] ReferenceError: t is not defined
    at animate (http://localhost:8123/mascot/mascot.js:601:23)
[   37677ms] ReferenceError: t is not defined
    at animate (http://localhost:8123/mascot/mascot.js:601:23)
[   37685ms] ReferenceError: t is not defined
    at animate (http://localhost:8123/mascot/mascot.js:601:23)
[   37695ms] ReferenceError: t is not defined
    at animate (http://localhost:8123/mascot/mascot.js:601:23)
[   37704ms] ReferenceError: t is not defined
    at animate (http://localhost:8123/mascot/mascot.js:601:23)
[   37711ms] ReferenceError: t is not defined
    at animate (http://localhost:8123/mascot/mascot.js:601:23)
[   37719ms] ReferenceError: t is not defined
    at animate (http://localhost:8123/mascot/mascot.js:601:23)
[   37727ms] ReferenceError: t is not defined
    at animate (http://localhost:8123/mascot/mascot.js:601:23)
[   37735ms] ReferenceError: t is not defined
    at animate (http://localhost:8123/mascot/mascot.js:601:23)
[   37744ms] ReferenceError: t is not defined
    at animate (http://localhost:8123/mascot/mascot.js:601:23)
[   37752ms] ReferenceError: t is not defined
    at animate (http://localhost:8123/mascot/mascot.js:601:23)
[   37760ms] ReferenceError: t is not defined
    at animate (http://localhost:8123/mascot/mascot.js:601:23)
[   37768ms] ReferenceError: t is not defined
    at animate (http://localhost:8123/mascot/mascot.js:601:23)
[   37776ms] ReferenceError: t is not defined
    at animate (http://localhost:8123/mascot/mascot.js:601:23)
[   37786ms] ReferenceError: t is not defined
    at animate (http://localhost:8123/mascot/mascot.js:601:23)
[   37793ms] ReferenceError: t is not defined
    at animate (http://localhost:8123/mascot/mascot.js:601:23)
[   37802ms] ReferenceError: t is not defined
    at animate (http://localhost:8123/mascot/mascot.js:601:23)
[   37809ms] ReferenceError: t is not defined
    at animate (http://localhost:8123/mascot/mascot.js:601:23)
[   37818ms] ReferenceError: t is not defined
    at animate (http://localhost:8123/mascot/mascot.js:601:23)
[   37827ms] ReferenceError: t is not defined
    at animate (http://localhost:8123/mascot/mascot.js:601:23)
[   37835ms] ReferenceError: t is not defined
    at animate (http://localhost:8123/mascot/mascot.js:601:23)
[   37843ms] ReferenceError: t is not defined
    at animate (http://localhost:8123/mascot/mascot.js:601:23)
[   37851ms] ReferenceError: t is not defined
    at animate (http://localhost:8123/mascot/mascot.js:601:23)
[   37860ms] ReferenceError: t is not defined
    at animate (http://localhost:8123/mascot/mascot.js:601:23)
[   37868ms] ReferenceError: t is not defined
    at animate (http://localhost:8123/mascot/mascot.js:601:23)
[   37876ms] ReferenceError: t is not defined
    at animate (http://localhost:8123/mascot/mascot.js:601:23)
[   37885ms] ReferenceError: t is not defined
    at animate (http://localhost:8123/mascot/mascot.js:601:23)
[   37893ms] ReferenceError: t is not defined
    at animate (http://localhost:8123/mascot/mascot.js:601:23)
[   37901ms] ReferenceError: t is not defined
    at animate (http://localhost:8123/mascot/mascot.js:601:23)
[   37910ms] ReferenceError: t is not defined
    at animate (http://localhost:8123/mascot/mascot.js:601:23)
[   37918ms] ReferenceError: t is not defined
    at animate (http://localhost:8123/mascot/mascot.js:601:23)
[   37926ms] ReferenceError: t is not defined
    at animate (http://localhost:8123/mascot/mascot.js:601:23)
[   37935ms] ReferenceError: t is not defined
    at animate (http://localhost:8123/mascot/mascot.js:601:23)
[   37943ms] ReferenceError: t is not defined
    at animate (http://localhost:8123/mascot/mascot.js:601:23)
[   37951ms] ReferenceError: t is not defined
    at animate (http://localhost:8123/mascot/mascot.js:601:23)
[   37960ms] ReferenceError: t is not defined
    at animate (http://localhost:8123/mascot/mascot.js:601:23)
[   37969ms] ReferenceError: t is not defined
    at animate (http://localhost:8123/mascot/mascot.js:601:23)
[   37978ms] ReferenceError: t is not defined
    at animate (http://localhost:8123/mascot/mascot.js:601:23)
[   37985ms] ReferenceError: t is not defined
    at animate (http://localhost:8123/mascot/mascot.js:601:23)
[   37994ms] ReferenceError: t is not defined
    at animate (http://localhost:8123/mascot/mascot.js:601:23)
[   38002ms] ReferenceError: t is not defined
    at animate (http://localhost:8123/mascot/mascot.js:601:23)
[   38010ms] ReferenceError: t is not defined
    at animate (http://localhost:8123/mascot/mascot.js:601:23)
[   38018ms] ReferenceError: t is not defined
    at animate (http://localhost:8123/mascot/mascot.js:601:23)
[   38027ms] ReferenceError: t is not defined
    at animate (http://localhost:8123/mascot/mascot.js:601:23)
[   38035ms] ReferenceError: t is not defined
    at animate (http://localhost:8123/mascot/mascot.js:601:23)
[   38044ms] ReferenceError: t is not defined
    at animate (http://localhost:8123/mascot/mascot.js:601:23)
[   38052ms] ReferenceError: t is not defined
    at animate (http://localhost:8123/mascot/mascot.js:601:23)
[   38061ms] ReferenceError: t is not defined
    at animate (http://localhost:8123/mascot/mascot.js:601:23)
[   38069ms] ReferenceError: t is not defined
    at animate (http://localhost:8123/mascot/mascot.js:601:23)
[   38077ms] ReferenceError: t is not defined
    at animate (http://localhost:8123/mascot/mascot.js:601:23)
[   38085ms] ReferenceError: t is not defined
    at animate (http://localhost:8123/mascot/mascot.js:601:23)
[   38094ms] ReferenceError: t is not defined
    at animate (http://localhost:8123/mascot/mascot.js:601:23)
[   38103ms] ReferenceError: t is not defined
    at animate (http://localhost:8123/mascot/mascot.js:601:23)
[   38112ms] ReferenceError: t is not defined
    at animate (http://localhost:8123/mascot/mascot.js:601:23)
[   38119ms] ReferenceError: t is not defined
    at animate (http://localhost:8123/mascot/mascot.js:601:23)
[   38128ms] ReferenceError: t is not defined
    at animate (http://localhost:8123/mascot/mascot.js:601:23)
[   38135ms] ReferenceError: t is not defined
    at animate (http://localhost:8123/mascot/mascot.js:601:23)
[   38144ms] ReferenceError: t is not defined
    at animate (http://localhost:8123/mascot/mascot.js:601:23)
[   38152ms] ReferenceError: t is not defined
    at animate (http://localhost:8123/mascot/mascot.js:601:23)
[   38160ms] ReferenceError: t is not defined
    at animate (http://localhost:8123/mascot/mascot.js:601:23)
[   38168ms] ReferenceError: t is not defined
    at animate (http://localhost:8123/mascot/mascot.js:601:23)
[   38177ms] ReferenceError: t is not defined
    at animate (http://localhost:8123/mascot/mascot.js:601:23)
[   38186ms] ReferenceError: t is not defined
    at animate (http://localhost:8123/mascot/mascot.js:601:23)
[   38194ms] ReferenceError: t is not defined
    at animate (http://localhost:8123/mascot/mascot.js:601:23)
[   38202ms] ReferenceError: t is not defined
    at animate (http://localhost:8123/mascot/mascot.js:601:23)
[   38211ms] ReferenceError: t is not defined
    at animate (http://localhost:8123/mascot/mascot.js:601:23)
[   38219ms] ReferenceError: t is not defined
    at animate (http://localhost:8123/mascot/mascot.js:601:23)
[   38226ms] ReferenceError: t is not defined
    at animate (http://localhost:8123/mascot/mascot.js:601:23)
[   38236ms] ReferenceError: t is not defined
    at animate (http://localhost:8123/mascot/mascot.js:601:23)
[   38243ms] ReferenceError: t is not defined
    at animate (http://localhost:8123/mascot/mascot.js:601:23)
[   38252ms] ReferenceError: t is not defined
    at animate (http://localhost:8123/mascot/mascot.js:601:23)
[   38260ms] ReferenceError: t is not defined
    at animate (http://localhost:8123/mascot/mascot.js:601:23)
[   38269ms] ReferenceError: t is not defined
    at animate (http://localhost:8123/mascot/mascot.js:601:23)
[   38277ms] ReferenceError: t is not defined
    at animate (http://localhost:8123/mascot/mascot.js:601:23)
[   38286ms] ReferenceError: t is not defined
    at animate (http://localhost:8123/mascot/mascot.js:601:23)
[   38294ms] ReferenceError: t is not defined
    at animate (http://localhost:8123/mascot/mascot.js:601:23)
[   38302ms] ReferenceError: t is not defined
    at animate (http://localhost:8123/mascot/mascot.js:601:23)
[   38310ms] ReferenceError: t is not defined
    at animate (http://localhost:8123/mascot/mascot.js:601:23)
[   38319ms] ReferenceError: t is not defined
    at animate (http://localhost:8123/mascot/mascot.js:601:23)
[   38328ms] ReferenceError: t is not defined
    at animate (http://localhost:8123/mascot/mascot.js:601:23)
[   38336ms] ReferenceError: t is not defined
    at animate (http://localhost:8123/mascot/mascot.js:601:23)
[   38344ms] ReferenceError: t is not defined
    at animate (http://localhost:8123/mascot/mascot.js:601:23)
[   38352ms] ReferenceError: t is not defined
    at animate (http://localhost:8123/mascot/mascot.js:601:23)
[   38361ms] ReferenceError: t is not defined
    at animate (http://localhost:8123/mascot/mascot.js:601:23)
[   38369ms] ReferenceError: t is not defined
    at animate (http://localhost:8123/mascot/mascot.js:601:23)
[   38377ms] ReferenceError: t is not defined
    at animate (http://localhost:8123/mascot/mascot.js:601:23)
[   38386ms] ReferenceError: t is not defined
    at animate (http://localhost:8123/mascot/mascot.js:601:23)
[   38394ms] ReferenceError: t is not defined
    at animate (http://localhost:8123/mascot/mascot.js:601:23)
[   38403ms] ReferenceError: t is not defined
    at animate (http://localhost:8123/mascot/mascot.js:601:23)
[   38412ms] ReferenceError: t is not defined
    at animate (http://localhost:8123/mascot/mascot.js:601:23)
[   38419ms] ReferenceError: t is not defined
    at animate (http://localhost:8123/mascot/mascot.js:601:23)
[   38427ms] ReferenceError: t is not defined
    at animate (http://localhost:8123/mascot/mascot.js:601:23)
[   38436ms] ReferenceError: t is not defined
    at animate (http://localhost:8123/mascot/mascot.js:601:23)
[   38445ms] ReferenceError: t is not defined
    at animate (http://localhost:8123/mascot/mascot.js:601:23)
[   38452ms] ReferenceError: t is not defined
    at animate (http://localhost:8123/mascot/mascot.js:601:23)
[   38461ms] ReferenceError: t is not defined
    at animate (http://localhost:8123/mascot/mascot.js:601:23)
[   38469ms] ReferenceError: t is not defined
    at animate (http://localhost:8123/mascot/mascot.js:601:23)
[   38478ms] ReferenceError: t is not defined
    at animate (http://localhost:8123/mascot/mascot.js:601:23)
[   38486ms] ReferenceError: t is not defined
    at animate (http://localhost:8123/mascot/mascot.js:601:23)
[   38495ms] ReferenceError: t is not defined
    at animate (http://localhost:8123/mascot/mascot.js:601:23)
[   38502ms] ReferenceError: t is not defined
    at animate (http://localhost:8123/mascot/mascot.js:601:23)
[   38511ms] ReferenceError: t is not defined
    at animate (http://localhost:8123/mascot/mascot.js:601:23)
[   38520ms] ReferenceError: t is not defined
    at animate (http://localhost:8123/mascot/mascot.js:601:23)
[   38528ms] ReferenceError: t is not defined
    at animate (http://localhost:8123/mascot/mascot.js:601:23)
[   38536ms] ReferenceError: t is not defined
    at animate (http://localhost:8123/mascot/mascot.js:601:23)
[   38544ms] ReferenceError: t is not defined
    at animate (http://localhost:8123/mascot/mascot.js:601:23)
[   38553ms] ReferenceError: t is not defined
    at animate (http://localhost:8123/mascot/mascot.js:601:23)
[   38561ms] ReferenceError: t is not defined
    at animate (http://localhost:8123/mascot/mascot.js:601:23)
[   38569ms] ReferenceError: t is not defined
    at animate (http://localhost:8123/mascot/mascot.js:601:23)
[   38577ms] ReferenceError: t is not defined
    at animate (http://localhost:8123/mascot/mascot.js:601:23)
[   38586ms] ReferenceError: t is not defined
    at animate (http://localhost:8123/mascot/mascot.js:601:23)
[   38595ms] ReferenceError: t is not defined
    at animate (http://localhost:8123/mascot/mascot.js:601:23)
[   38602ms] ReferenceError: t is not defined
    at animate (http://localhost:8123/mascot/mascot.js:601:23)
[   38611ms] ReferenceError: t is not defined
    at animate (http://localhost:8123/mascot/mascot.js:601:23)
[   38619ms] ReferenceError: t is not defined
    at animate (http://localhost:8123/mascot/mascot.js:601:23)
[   38628ms] ReferenceError: t is not defined
    at animate (http://localhost:8123/mascot/mascot.js:601:23)
[   38635ms] ReferenceError: t is not defined
    at animate (http://localhost:8123/mascot/mascot.js:601:23)
[   38646ms] ReferenceError: t is not defined
    at animate (http://localhost:8123/mascot/mascot.js:601:23)
[   38653ms] ReferenceError: t is not defined
    at animate (http://localhost:8123/mascot/mascot.js:601:23)
[   38661ms] ReferenceError: t is not defined
    at animate (http://localhost:8123/mascot/mascot.js:601:23)
[   38668ms] ReferenceError: t is not defined
    at animate (http://localhost:8123/mascot/mascot.js:601:23)
[   38677ms] ReferenceError: t is not defined
    at animate (http://localhost:8123/mascot/mascot.js:601:23)
[   38686ms] ReferenceError: t is not defined
    at animate (http://localhost:8123/mascot/mascot.js:601:23)
[   38703ms] ReferenceError: t is not defined
    at animate (http://localhost:8123/mascot/mascot.js:601:23)
[   38704ms] ReferenceError: t is not defined
    at animate (http://localhost:8123/mascot/mascot.js:601:23)
[   38711ms] ReferenceError: t is not defined
    at animate (http://localhost:8123/mascot/mascot.js:601:23)
[   38720ms] ReferenceError: t is not defined
    at animate (http://localhost:8123/mascot/mascot.js:601:23)
[   38728ms] ReferenceError: t is not defined
    at animate (http://localhost:8123/mascot/mascot.js:601:23)
[   38736ms] ReferenceError: t is not defined
    at animate (http://localhost:8123/mascot/mascot.js:601:23)
[   38744ms] ReferenceError: t is not defined
    at animate (http://localhost:8123/mascot/mascot.js:601:23)
[   38752ms] ReferenceError: t is not defined
    at animate (http://localhost:8123/mascot/mascot.js:601:23)
[   38761ms] ReferenceError: t is not defined
    at animate (http://localhost:8123/mascot/mascot.js:601:23)
[   38769ms] ReferenceError: t is not defined
    at animate (http://localhost:8123/mascot/mascot.js:601:23)
[   38777ms] ReferenceError: t is not defined
    at animate (http://localhost:8123/mascot/mascot.js:601:23)
[   38785ms] ReferenceError: t is not defined
    at animate (http://localhost:8123/mascot/mascot.js:601:23)
[   38793ms] ReferenceError: t is not defined
    at animate (http://localhost:8123/mascot/mascot.js:601:23)
[   38801ms] ReferenceError: t is not defined
    at animate (http://localhost:8123/mascot/mascot.js:601:23)
[   38810ms] ReferenceError: t is not defined
    at animate (http://localhost:8123/mascot/mascot.js:601:23)
[   38818ms] ReferenceError: t is not defined
    at animate (http://localhost:8123/mascot/mascot.js:601:23)
[   38827ms] ReferenceError: t is not defined
    at animate (http://localhost:8123/mascot/mascot.js:601:23)
[   38835ms] ReferenceError: t is not defined
    at animate (http://localhost:8123/mascot/mascot.js:601:23)
[   38843ms] ReferenceError: t is not defined
    at animate (http://localhost:8123/mascot/mascot.js:601:23)
[   38853ms] ReferenceError: t is not defined
    at animate (http://localhost:8123/mascot/mascot.js:601:23)
[   38860ms] ReferenceError: t is not defined
    at animate (http://localhost:8123/mascot/mascot.js:601:23)
[   38870ms] ReferenceError: t is not defined
    at animate (http://localhost:8123/mascot/mascot.js:601:23)
[   38877ms] ReferenceError: t is not defined
    at animate (http://localhost:8123/mascot/mascot.js:601:23)
[   38885ms] ReferenceError: t is not defined
    at animate (http://localhost:8123/mascot/mascot.js:601:23)
[   38893ms] ReferenceError: t is not defined
    at animate (http://localhost:8123/mascot/mascot.js:601:23)
[   38901ms] ReferenceError: t is not defined
    at animate (http://localhost:8123/mascot/mascot.js:601:23)
[   38910ms] ReferenceError: t is not defined
    at animate (http://localhost:8123/mascot/mascot.js:601:23)
[   38918ms] ReferenceError: t is not defined
    at animate (http://localhost:8123/mascot/mascot.js:601:23)
[   38926ms] ReferenceError: t is not defined
    at animate (http://localhost:8123/mascot/mascot.js:601:23)
[   38935ms] ReferenceError: t is not defined
    at animate (http://localhost:8123/mascot/mascot.js:601:23)
[   38945ms] ReferenceError: t is not defined
    at animate (http://localhost:8123/mascot/mascot.js:601:23)
[   38952ms] ReferenceError: t is not defined
    at animate (http://localhost:8123/mascot/mascot.js:601:23)
[   38959ms] ReferenceError: t is not defined
    at animate (http://localhost:8123/mascot/mascot.js:601:23)
[   38968ms] ReferenceError: t is not defined
    at animate (http://localhost:8123/mascot/mascot.js:601:23)
[   38977ms] ReferenceError: t is not defined
    at animate (http://localhost:8123/mascot/mascot.js:601:23)
[   38985ms] ReferenceError: t is not defined
    at animate (http://localhost:8123/mascot/mascot.js:601:23)
[   38993ms] ReferenceError: t is not defined
    at animate (http://localhost:8123/mascot/mascot.js:601:23)
[   39001ms] ReferenceError: t is not defined
    at animate (http://localhost:8123/mascot/mascot.js:601:23)
[   39011ms] ReferenceError: t is not defined
    at animate (http://localhost:8123/mascot/mascot.js:601:23)
[   39019ms] ReferenceError: t is not defined
    at animate (http://localhost:8123/mascot/mascot.js:601:23)
[   39027ms] ReferenceError: t is not defined
    at animate (http://localhost:8123/mascot/mascot.js:601:23)
[   39035ms] ReferenceError: t is not defined
    at animate (http://localhost:8123/mascot/mascot.js:601:23)
[   39044ms] ReferenceError: t is not defined
    at animate (http://localhost:8123/mascot/mascot.js:601:23)
[   39052ms] ReferenceError: t is not defined
    at animate (http://localhost:8123/mascot/mascot.js:601:23)
[   39060ms] ReferenceError: t is not defined
    at animate (http://localhost:8123/mascot/mascot.js:601:23)
[   39070ms] ReferenceError: t is not defined
    at animate (http://localhost:8123/mascot/mascot.js:601:23)
[   39077ms] ReferenceError: t is not defined
    at animate (http://localhost:8123/mascot/mascot.js:601:23)
[   39085ms] ReferenceError: t is not defined
    at animate (http://localhost:8123/mascot/mascot.js:601:23)
[   39094ms] ReferenceError: t is not defined
    at animate (http://localhost:8123/mascot/mascot.js:601:23)
[   39102ms] ReferenceError: t is not defined
    at animate (http://localhost:8123/mascot/mascot.js:601:23)
[   39111ms] ReferenceError: t is not defined
    at animate (http://localhost:8123/mascot/mascot.js:601:23)
[   39119ms] ReferenceError: t is not defined
    at animate (http://localhost:8123/mascot/mascot.js:601:23)
[   39127ms] ReferenceError: t is not defined
    at animate (http://localhost:8123/mascot/mascot.js:601:23)
[   39136ms] ReferenceError: t is not defined
    at animate (http://localhost:8123/mascot/mascot.js:601:23)
[   39144ms] ReferenceError: t is not defined
    at animate (http://localhost:8123/mascot/mascot.js:601:23)
[   39153ms] ReferenceError: t is not defined
    at animate (http://localhost:8123/mascot/mascot.js:601:23)
[   39161ms] ReferenceError: t is not defined
    at animate (http://localhost:8123/mascot/mascot.js:601:23)
[   39169ms] ReferenceError: t is not defined
    at animate (http://localhost:8123/mascot/mascot.js:601:23)
[   39177ms] ReferenceError: t is not defined
    at animate (http://localhost:8123/mascot/mascot.js:601:23)
[   39185ms] ReferenceError: t is not defined
    at animate (http://localhost:8123/mascot/mascot.js:601:23)
[   39194ms] ReferenceError: t is not defined
    at animate (http://localhost:8123/mascot/mascot.js:601:23)
[   39202ms] ReferenceError: t is not defined
    at animate (http://localhost:8123/mascot/mascot.js:601:23)
[   39210ms] ReferenceError: t is not defined
    at animate (http://localhost:8123/mascot/mascot.js:601:23)
[   39219ms] ReferenceError: t is not defined
    at animate (http://localhost:8123/mascot/mascot.js:601:23)
[   39227ms] ReferenceError: t is not defined
    at animate (http://localhost:8123/mascot/mascot.js:601:23)
[   39235ms] ReferenceError: t is not defined
    at animate (http://localhost:8123/mascot/mascot.js:601:23)
[   39243ms] ReferenceError: t is not defined
    at animate (http://localhost:8123/mascot/mascot.js:601:23)
[   39252ms] ReferenceError: t is not defined
    at animate (http://localhost:8123/mascot/mascot.js:601:23)
[   39260ms] ReferenceError: t is not defined
    at animate (http://localhost:8123/mascot/mascot.js:601:23)
[   39268ms] ReferenceError: t is not defined
    at animate (http://localhost:8123/mascot/mascot.js:601:23)
[   39277ms] ReferenceError: t is not defined
    at animate (http://localhost:8123/mascot/mascot.js:601:23)
[   39285ms] ReferenceError: t is not defined
    at animate (http://localhost:8123/mascot/mascot.js:601:23)
[   39294ms] ReferenceError: t is not defined
    at animate (http://localhost:8123/mascot/mascot.js:601:23)
[   39302ms] ReferenceError: t is not defined
    at animate (http://localhost:8123/mascot/mascot.js:601:23)
[   39310ms] ReferenceError: t is not defined
    at animate (http://localhost:8123/mascot/mascot.js:601:23)
[   39319ms] ReferenceError: t is not defined
    at animate (http://localhost:8123/mascot/mascot.js:601:23)
[   39327ms] ReferenceError: t is not defined
    at animate (http://localhost:8123/mascot/mascot.js:601:23)
[   39335ms] ReferenceError: t is not defined
    at animate (http://localhost:8123/mascot/mascot.js:601:23)
[   39344ms] ReferenceError: t is not defined
    at animate (http://localhost:8123/mascot/mascot.js:601:23)
[   39352ms] ReferenceError: t is not defined
    at animate (http://localhost:8123/mascot/mascot.js:601:23)
[   39361ms] ReferenceError: t is not defined
    at animate (http://localhost:8123/mascot/mascot.js:601:23)
[   39369ms] ReferenceError: t is not defined
    at animate (http://localhost:8123/mascot/mascot.js:601:23)
[   39377ms] ReferenceError: t is not defined
    at animate (http://localhost:8123/mascot/mascot.js:601:23)
[   39386ms] ReferenceError: t is not defined
    at animate (http://localhost:8123/mascot/mascot.js:601:23)
[   39394ms] ReferenceError: t is not defined
    at animate (http://localhost:8123/mascot/mascot.js:601:23)
[   39404ms] ReferenceError: t is not defined
    at animate (http://localhost:8123/mascot/mascot.js:601:23)
[   39411ms] ReferenceError: t is not defined
    at animate (http://localhost:8123/mascot/mascot.js:601:23)
[   39419ms] ReferenceError: t is not defined
    at animate (http://localhost:8123/mascot/mascot.js:601:23)
[   39427ms] ReferenceError: t is not defined
    at animate (http://localhost:8123/mascot/mascot.js:601:23)
[   39436ms] ReferenceError: t is not defined
    at animate (http://localhost:8123/mascot/mascot.js:601:23)
[   39445ms] ReferenceError: t is not defined
    at animate (http://localhost:8123/mascot/mascot.js:601:23)
[   39453ms] ReferenceError: t is not defined
    at animate (http://localhost:8123/mascot/mascot.js:601:23)
[   39461ms] ReferenceError: t is not defined
    at animate (http://localhost:8123/mascot/mascot.js:601:23)
[   39469ms] ReferenceError: t is not defined
    at animate (http://localhost:8123/mascot/mascot.js:601:23)
[   39478ms] ReferenceError: t is not defined
    at animate (http://localhost:8123/mascot/mascot.js:601:23)
[   39486ms] ReferenceError: t is not defined
    at animate (http://localhost:8123/mascot/mascot.js:601:23)
[   39494ms] ReferenceError: t is not defined
    at animate (http://localhost:8123/mascot/mascot.js:601:23)
[   39502ms] ReferenceError: t is not defined
    at animate (http://localhost:8123/mascot/mascot.js:601:23)
[   39511ms] ReferenceError: t is not defined
    at animate (http://localhost:8123/mascot/mascot.js:601:23)
[   39519ms] ReferenceError: t is not defined
    at animate (http://localhost:8123/mascot/mascot.js:601:23)
[   39527ms] ReferenceError: t is not defined
    at animate (http://localhost:8123/mascot/mascot.js:601:23)
[   39537ms] ReferenceError: t is not defined
    at animate (http://localhost:8123/mascot/mascot.js:601:23)
[   39545ms] ReferenceError: t is not defined
    at animate (http://localhost:8123/mascot/mascot.js:601:23)
[   39553ms] ReferenceError: t is not defined
    at animate (http://localhost:8123/mascot/mascot.js:601:23)
[   39561ms] ReferenceError: t is not defined
    at animate (http://localhost:8123/mascot/mascot.js:601:23)
[   39569ms] ReferenceError: t is not defined
    at animate (http://localhost:8123/mascot/mascot.js:601:23)
[   39577ms] ReferenceError: t is not defined
    at animate (http://localhost:8123/mascot/mascot.js:601:23)
[   39586ms] ReferenceError: t is not defined
    at animate (http://localhost:8123/mascot/mascot.js:601:23)
[   39594ms] ReferenceError: t is not defined
    at animate (http://localhost:8123/mascot/mascot.js:601:23)
[   39602ms] ReferenceError: t is not defined
    at animate (http://localhost:8123/mascot/mascot.js:601:23)
[   39611ms] ReferenceError: t is not defined
    at animate (http://localhost:8123/mascot/mascot.js:601:23)
[   39619ms] ReferenceError: t is not defined
    at animate (http://localhost:8123/mascot/mascot.js:601:23)
[   39628ms] ReferenceError: t is not defined
    at animate (http://localhost:8123/mascot/mascot.js:601:23)
[   39636ms] ReferenceError: t is not defined
    at animate (http://localhost:8123/mascot/mascot.js:601:23)
[   39644ms] ReferenceError: t is not defined
    at animate (http://localhost:8123/mascot/mascot.js:601:23)
[   39653ms] ReferenceError: t is not defined
    at animate (http://localhost:8123/mascot/mascot.js:601:23)
[   39661ms] ReferenceError: t is not defined
    at animate (http://localhost:8123/mascot/mascot.js:601:23)
[   39669ms] ReferenceError: t is not defined
    at animate (http://localhost:8123/mascot/mascot.js:601:23)
[   39678ms] ReferenceError: t is not defined
    at animate (http://localhost:8123/mascot/mascot.js:601:23)
[   39686ms] ReferenceError: t is not defined
    at animate (http://localhost:8123/mascot/mascot.js:601:23)
[   39695ms] ReferenceError: t is not defined
    at animate (http://localhost:8123/mascot/mascot.js:601:23)
[   39702ms] ReferenceError: t is not defined
    at animate (http://localhost:8123/mascot/mascot.js:601:23)
[   39714ms] ReferenceError: t is not defined
    at animate (http://localhost:8123/mascot/mascot.js:601:23)
[   39720ms] ReferenceError: t is not defined
    at animate (http://localhost:8123/mascot/mascot.js:601:23)
[   39727ms] ReferenceError: t is not defined
    at animate (http://localhost:8123/mascot/mascot.js:601:23)
[   39736ms] ReferenceError: t is not defined
    at animate (http://localhost:8123/mascot/mascot.js:601:23)
[   39744ms] ReferenceError: t is not defined
    at animate (http://localhost:8123/mascot/mascot.js:601:23)
[   39753ms] ReferenceError: t is not defined
    at animate (http://localhost:8123/mascot/mascot.js:601:23)
[   39761ms] ReferenceError: t is not defined
    at animate (http://localhost:8123/mascot/mascot.js:601:23)
[   39769ms] ReferenceError: t is not defined
    at animate (http://localhost:8123/mascot/mascot.js:601:23)
[   39777ms] ReferenceError: t is not defined
    at animate (http://localhost:8123/mascot/mascot.js:601:23)
[   39786ms] ReferenceError: t is not defined
    at animate (http://localhost:8123/mascot/mascot.js:601:23)
[   39794ms] ReferenceError: t is not defined
    at animate (http://localhost:8123/mascot/mascot.js:601:23)
[   39801ms] ReferenceError: t is not defined
    at animate (http://localhost:8123/mascot/mascot.js:601:23)
[   39810ms] ReferenceError: t is not defined
    at animate (http://localhost:8123/mascot/mascot.js:601:23)
[   39818ms] ReferenceError: t is not defined
    at animate (http://localhost:8123/mascot/mascot.js:601:23)
[   39826ms] ReferenceError: t is not defined
    at animate (http://localhost:8123/mascot/mascot.js:601:23)
[   39836ms] ReferenceError: t is not defined
    at animate (http://localhost:8123/mascot/mascot.js:601:23)
[   39843ms] ReferenceError: t is not defined
    at animate (http://localhost:8123/mascot/mascot.js:601:23)
[   39852ms] ReferenceError: t is not defined
    at animate (http://localhost:8123/mascot/mascot.js:601:23)
[   39860ms] ReferenceError: t is not defined
    at animate (http://localhost:8123/mascot/mascot.js:601:23)
[   39868ms] ReferenceError: t is not defined
    at animate (http://localhost:8123/mascot/mascot.js:601:23)
[   39876ms] ReferenceError: t is not defined
    at animate (http://localhost:8123/mascot/mascot.js:601:23)
[   39885ms] ReferenceError: t is not defined
    at animate (http://localhost:8123/mascot/mascot.js:601:23)
[   39893ms] ReferenceError: t is not defined
    at animate (http://localhost:8123/mascot/mascot.js:601:23)
[   39901ms] ReferenceError: t is not defined
    at animate (http://localhost:8123/mascot/mascot.js:601:23)
[   39910ms] ReferenceError: t is not defined
    at animate (http://localhost:8123/mascot/mascot.js:601:23)
[   39918ms] ReferenceError: t is not defined
    at animate (http://localhost:8123/mascot/mascot.js:601:23)
[   39927ms] ReferenceError: t is not defined
    at animate (http://localhost:8123/mascot/mascot.js:601:23)
[   39935ms] ReferenceError: t is not defined
    at animate (http://localhost:8123/mascot/mascot.js:601:23)
[   39943ms] ReferenceError: t is not defined
    at animate (http://localhost:8123/mascot/mascot.js:601:23)
[   39951ms] ReferenceError: t is not defined
    at animate (http://localhost:8123/mascot/mascot.js:601:23)
[   39960ms] ReferenceError: t is not defined
    at animate (http://localhost:8123/mascot/mascot.js:601:23)
[   39968ms] ReferenceError: t is not defined
    at animate (http://localhost:8123/mascot/mascot.js:601:23)
[   39977ms] ReferenceError: t is not defined
    at animate (http://localhost:8123/mascot/mascot.js:601:23)
[   39985ms] ReferenceError: t is not defined
    at animate (http://localhost:8123/mascot/mascot.js:601:23)
[   39993ms] ReferenceError: t is not defined
    at animate (http://localhost:8123/mascot/mascot.js:601:23)
[   40002ms] ReferenceError: t is not defined
    at animate (http://localhost:8123/mascot/mascot.js:601:23)
[   40010ms] ReferenceError: t is not defined
    at animate (http://localhost:8123/mascot/mascot.js:601:23)
[   40019ms] ReferenceError: t is not defined
    at animate (http://localhost:8123/mascot/mascot.js:601:23)
[   40027ms] ReferenceError: t is not defined
    at animate (http://localhost:8123/mascot/mascot.js:601:23)
[   40035ms] ReferenceError: t is not defined
    at animate (http://localhost:8123/mascot/mascot.js:601:23)
[   40044ms] ReferenceError: t is not defined
    at animate (http://localhost:8123/mascot/mascot.js:601:23)
[   40052ms] ReferenceError: t is not defined
    at animate (http://localhost:8123/mascot/mascot.js:601:23)
[   40060ms] ReferenceError: t is not defined
    at animate (http://localhost:8123/mascot/mascot.js:601:23)
[   40069ms] ReferenceError: t is not defined
    at animate (http://localhost:8123/mascot/mascot.js:601:23)
[   40077ms] ReferenceError: t is not defined
    at animate (http://localhost:8123/mascot/mascot.js:601:23)
[   40086ms] ReferenceError: t is not defined
    at animate (http://localhost:8123/mascot/mascot.js:601:23)
[   40093ms] ReferenceError: t is not defined
    at animate (http://localhost:8123/mascot/mascot.js:601:23)
[   40102ms] ReferenceError: t is not defined
    at animate (http://localhost:8123/mascot/mascot.js:601:23)
[   40111ms] ReferenceError: t is not defined
    at animate (http://localhost:8123/mascot/mascot.js:601:23)
[   40118ms] ReferenceError: t is not defined
    at animate (http://localhost:8123/mascot/mascot.js:601:23)
[   40126ms] ReferenceError: t is not defined
    at animate (http://localhost:8123/mascot/mascot.js:601:23)
[   40135ms] ReferenceError: t is not defined
    at animate (http://localhost:8123/mascot/mascot.js:601:23)
[   40143ms] ReferenceError: t is not defined
    at animate (http://localhost:8123/mascot/mascot.js:601:23)
[   40152ms] ReferenceError: t is not defined
    at animate (http://localhost:8123/mascot/mascot.js:601:23)
[   40160ms] ReferenceError: t is not defined
    at animate (http://localhost:8123/mascot/mascot.js:601:23)
[   40168ms] ReferenceError: t is not defined
    at animate (http://localhost:8123/mascot/mascot.js:601:23)
[   40177ms] ReferenceError: t is not defined
    at animate (http://localhost:8123/mascot/mascot.js:601:23)
[   40185ms] ReferenceError: t is not defined
    at animate (http://localhost:8123/mascot/mascot.js:601:23)
[   40193ms] ReferenceError: t is not defined
    at animate (http://localhost:8123/mascot/mascot.js:601:23)
[   40202ms] ReferenceError: t is not defined
    at animate (http://localhost:8123/mascot/mascot.js:601:23)
[   40211ms] ReferenceError: t is not defined
    at animate (http://localhost:8123/mascot/mascot.js:601:23)
[   40219ms] ReferenceError: t is not defined
    at animate (http://localhost:8123/mascot/mascot.js:601:23)
[   40227ms] ReferenceError: t is not defined
    at animate (http://localhost:8123/mascot/mascot.js:601:23)
[   40235ms] ReferenceError: t is not defined
    at animate (http://localhost:8123/mascot/mascot.js:601:23)
[   40244ms] ReferenceError: t is not defined
    at animate (http://localhost:8123/mascot/mascot.js:601:23)
[   40252ms] ReferenceError: t is not defined
    at animate (http://localhost:8123/mascot/mascot.js:601:23)
[   40261ms] ReferenceError: t is not defined
    at animate (http://localhost:8123/mascot/mascot.js:601:23)
[   40274ms] ReferenceError: t is not defined
    at animate (http://localhost:8123/mascot/mascot.js:601:23)
[   40277ms] ReferenceError: t is not defined
    at animate (http://localhost:8123/mascot/mascot.js:601:23)
[   40286ms] ReferenceError: t is not defined
    at animate (http://localhost:8123/mascot/mascot.js:601:23)
[   40295ms] ReferenceError: t is not defined
    at animate (http://localhost:8123/mascot/mascot.js:601:23)
[   40302ms] ReferenceError: t is not defined
    at animate (http://localhost:8123/mascot/mascot.js:601:23)
[   40310ms] ReferenceError: t is not defined
    at animate (http://localhost:8123/mascot/mascot.js:601:23)
[   40319ms] ReferenceError: t is not defined
    at animate (http://localhost:8123/mascot/mascot.js:601:23)
[   40327ms] ReferenceError: t is not defined
    at animate (http://localhost:8123/mascot/mascot.js:601:23)
[   40335ms] ReferenceError: t is not defined
    at animate (http://localhost:8123/mascot/mascot.js:601:23)
[   40344ms] ReferenceError: t is not defined
    at animate (http://localhost:8123/mascot/mascot.js:601:23)
[   40351ms] ReferenceError: t is not defined
    at animate (http://localhost:8123/mascot/mascot.js:601:23)
[   40360ms] ReferenceError: t is not defined
    at animate (http://localhost:8123/mascot/mascot.js:601:23)
[   40368ms] ReferenceError: t is not defined
    at animate (http://localhost:8123/mascot/mascot.js:601:23)
[   40376ms] ReferenceError: t is not defined
    at animate (http://localhost:8123/mascot/mascot.js:601:23)
[   40385ms] ReferenceError: t is not defined
    at animate (http://localhost:8123/mascot/mascot.js:601:23)
[   40393ms] ReferenceError: t is not defined
    at animate (http://localhost:8123/mascot/mascot.js:601:23)
[   40402ms] ReferenceError: t is not defined
    at animate (http://localhost:8123/mascot/mascot.js:601:23)
[   40410ms] ReferenceError: t is not defined
    at animate (http://localhost:8123/mascot/mascot.js:601:23)
[   40419ms] ReferenceError: t is not defined
    at animate (http://localhost:8123/mascot/mascot.js:601:23)
[   40426ms] ReferenceError: t is not defined
    at animate (http://localhost:8123/mascot/mascot.js:601:23)
[   40435ms] ReferenceError: t is not defined
    at animate (http://localhost:8123/mascot/mascot.js:601:23)
[   40443ms] ReferenceError: t is not defined
    at animate (http://localhost:8123/mascot/mascot.js:601:23)
[   40452ms] ReferenceError: t is not defined
    at animate (http://localhost:8123/mascot/mascot.js:601:23)
[   40460ms] ReferenceError: t is not defined
    at animate (http://localhost:8123/mascot/mascot.js:601:23)
[   40468ms] ReferenceError: t is not defined
    at animate (http://localhost:8123/mascot/mascot.js:601:23)
[   40476ms] ReferenceError: t is not defined
    at animate (http://localhost:8123/mascot/mascot.js:601:23)
[   40485ms] ReferenceError: t is not defined
    at animate (http://localhost:8123/mascot/mascot.js:601:23)
[   40493ms] ReferenceError: t is not defined
    at animate (http://localhost:8123/mascot/mascot.js:601:23)
[   40501ms] ReferenceError: t is not defined
    at animate (http://localhost:8123/mascot/mascot.js:601:23)
[   40510ms] ReferenceError: t is not defined
    at animate (http://localhost:8123/mascot/mascot.js:601:23)
[   40518ms] ReferenceError: t is not defined
    at animate (http://localhost:8123/mascot/mascot.js:601:23)
[   40528ms] ReferenceError: t is not defined
    at animate (http://localhost:8123/mascot/mascot.js:601:23)
[   40536ms] ReferenceError: t is not defined
    at animate (http://localhost:8123/mascot/mascot.js:601:23)
[   40544ms] ReferenceError: t is not defined
    at animate (http://localhost:8123/mascot/mascot.js:601:23)
[   40552ms] ReferenceError: t is not defined
    at animate (http://localhost:8123/mascot/mascot.js:601:23)
[   40560ms] ReferenceError: t is not defined
    at animate (http://localhost:8123/mascot/mascot.js:601:23)
[   40569ms] ReferenceError: t is not defined
    at animate (http://localhost:8123/mascot/mascot.js:601:23)
[   40577ms] ReferenceError: t is not defined
    at animate (http://localhost:8123/mascot/mascot.js:601:23)
[   40586ms] ReferenceError: t is not defined
    at animate (http://localhost:8123/mascot/mascot.js:601:23)
[   40594ms] ReferenceError: t is not defined
    at animate (http://localhost:8123/mascot/mascot.js:601:23)
[   40603ms] ReferenceError: t is not defined
    at animate (http://localhost:8123/mascot/mascot.js:601:23)
[   40611ms] ReferenceError: t is not defined
    at animate (http://localhost:8123/mascot/mascot.js:601:23)
[   40619ms] ReferenceError: t is not defined
    at animate (http://localhost:8123/mascot/mascot.js:601:23)
[   40627ms] ReferenceError: t is not defined
    at animate (http://localhost:8123/mascot/mascot.js:601:23)
[   40636ms] ReferenceError: t is not defined
    at animate (http://localhost:8123/mascot/mascot.js:601:23)
[   40644ms] ReferenceError: t is not defined
    at animate (http://localhost:8123/mascot/mascot.js:601:23)
[   40652ms] ReferenceError: t is not defined
    at animate (http://localhost:8123/mascot/mascot.js:601:23)
[   40660ms] ReferenceError: t is not defined
    at animate (http://localhost:8123/mascot/mascot.js:601:23)
[   40669ms] ReferenceError: t is not defined
    at animate (http://localhost:8123/mascot/mascot.js:601:23)
[   40677ms] ReferenceError: t is not defined
    at animate (http://localhost:8123/mascot/mascot.js:601:23)
[   40685ms] ReferenceError: t is not defined
    at animate (http://localhost:8123/mascot/mascot.js:601:23)
[   40694ms] ReferenceError: t is not defined
    at animate (http://localhost:8123/mascot/mascot.js:601:23)
[   40702ms] ReferenceError: t is not defined
    at animate (http://localhost:8123/mascot/mascot.js:601:23)
[   40712ms] ReferenceError: t is not defined
    at animate (http://localhost:8123/mascot/mascot.js:601:23)
[   40719ms] ReferenceError: t is not defined
    at animate (http://localhost:8123/mascot/mascot.js:601:23)
[   40728ms] ReferenceError: t is not defined
    at animate (http://localhost:8123/mascot/mascot.js:601:23)
[   40735ms] ReferenceError: t is not defined
    at animate (http://localhost:8123/mascot/mascot.js:601:23)
[   40744ms] ReferenceError: t is not defined
    at animate (http://localhost:8123/mascot/mascot.js:601:23)
[   40752ms] ReferenceError: t is not defined
    at animate (http://localhost:8123/mascot/mascot.js:601:23)
[   40761ms] ReferenceError: t is not defined
    at animate (http://localhost:8123/mascot/mascot.js:601:23)
[   40769ms] ReferenceError: t is not defined
    at animate (http://localhost:8123/mascot/mascot.js:601:23)
[   40778ms] ReferenceError: t is not defined
    at animate (http://localhost:8123/mascot/mascot.js:601:23)
[   40785ms] ReferenceError: t is not defined
    at animate (http://localhost:8123/mascot/mascot.js:601:23)
[   40794ms] ReferenceError: t is not defined
    at animate (http://localhost:8123/mascot/mascot.js:601:23)
[   40802ms] ReferenceError: t is not defined
    at animate (http://localhost:8123/mascot/mascot.js:601:23)
[   40810ms] ReferenceError: t is not defined
    at animate (http://localhost:8123/mascot/mascot.js:601:23)
[   40818ms] ReferenceError: t is not defined
    at animate (http://localhost:8123/mascot/mascot.js:601:23)
[   40827ms] ReferenceError: t is not defined
    at animate (http://localhost:8123/mascot/mascot.js:601:23)
[   40835ms] ReferenceError: t is not defined
    at animate (http://localhost:8123/mascot/mascot.js:601:23)
[   40843ms] ReferenceError: t is not defined
    at animate (http://localhost:8123/mascot/mascot.js:601:23)
[   40852ms] ReferenceError: t is not defined
    at animate (http://localhost:8123/mascot/mascot.js:601:23)
[   40860ms] ReferenceError: t is not defined
    at animate (http://localhost:8123/mascot/mascot.js:601:23)
[   40869ms] ReferenceError: t is not defined
    at animate (http://localhost:8123/mascot/mascot.js:601:23)
[   40877ms] ReferenceError: t is not defined
    at animate (http://localhost:8123/mascot/mascot.js:601:23)
[   40886ms] ReferenceError: t is not defined
    at animate (http://localhost:8123/mascot/mascot.js:601:23)
[   40893ms] ReferenceError: t is not defined
    at animate (http://localhost:8123/mascot/mascot.js:601:23)
[   40903ms] ReferenceError: t is not defined
    at animate (http://localhost:8123/mascot/mascot.js:601:23)
[   40910ms] ReferenceError: t is not defined
    at animate (http://localhost:8123/mascot/mascot.js:601:23)
[   40918ms] ReferenceError: t is not defined
    at animate (http://localhost:8123/mascot/mascot.js:601:23)
[   40927ms] ReferenceError: t is not defined
    at animate (http://localhost:8123/mascot/mascot.js:601:23)
[   40935ms] ReferenceError: t is not defined
    at animate (http://localhost:8123/mascot/mascot.js:601:23)
[   40944ms] ReferenceError: t is not defined
    at animate (http://localhost:8123/mascot/mascot.js:601:23)
[   40952ms] ReferenceError: t is not defined
    at animate (http://localhost:8123/mascot/mascot.js:601:23)
[   40960ms] ReferenceError: t is not defined
    at animate (http://localhost:8123/mascot/mascot.js:601:23)
[   40969ms] ReferenceError: t is not defined
    at animate (http://localhost:8123/mascot/mascot.js:601:23)
[   40977ms] ReferenceError: t is not defined
    at animate (http://localhost:8123/mascot/mascot.js:601:23)
[   40985ms] ReferenceError: t is not defined
    at animate (http://localhost:8123/mascot/mascot.js:601:23)
[   40994ms] ReferenceError: t is not defined
    at animate (http://localhost:8123/mascot/mascot.js:601:23)
[   41002ms] ReferenceError: t is not defined
    at animate (http://localhost:8123/mascot/mascot.js:601:23)
[   41011ms] ReferenceError: t is not defined
    at animate (http://localhost:8123/mascot/mascot.js:601:23)
[   41019ms] ReferenceError: t is not defined
    at animate (http://localhost:8123/mascot/mascot.js:601:23)
[   41027ms] ReferenceError: t is not defined
    at animate (http://localhost:8123/mascot/mascot.js:601:23)
[   41036ms] ReferenceError: t is not defined
    at animate (http://localhost:8123/mascot/mascot.js:601:23)
[   41044ms] ReferenceError: t is not defined
    at animate (http://localhost:8123/mascot/mascot.js:601:23)
[   41052ms] ReferenceError: t is not defined
    at animate (http://localhost:8123/mascot/mascot.js:601:23)
[   41060ms] ReferenceError: t is not defined
    at animate (http://localhost:8123/mascot/mascot.js:601:23)
[   41069ms] ReferenceError: t is not defined
    at animate (http://localhost:8123/mascot/mascot.js:601:23)
[   41077ms] ReferenceError: t is not defined
    at animate (http://localhost:8123/mascot/mascot.js:601:23)
[   41086ms] ReferenceError: t is not defined
    at animate (http://localhost:8123/mascot/mascot.js:601:23)
[   41094ms] ReferenceError: t is not defined
    at animate (http://localhost:8123/mascot/mascot.js:601:23)
[   41102ms] ReferenceError: t is not defined
    at animate (http://localhost:8123/mascot/mascot.js:601:23)
[   41111ms] ReferenceError: t is not defined
    at animate (http://localhost:8123/mascot/mascot.js:601:23)
[   41120ms] ReferenceError: t is not defined
    at animate (http://localhost:8123/mascot/mascot.js:601:23)
[   41127ms] ReferenceError: t is not defined
    at animate (http://localhost:8123/mascot/mascot.js:601:23)
[   41136ms] ReferenceError: t is not defined
    at animate (http://localhost:8123/mascot/mascot.js:601:23)
[   41145ms] ReferenceError: t is not defined
    at animate (http://localhost:8123/mascot/mascot.js:601:23)
[   41153ms] ReferenceError: t is not defined
    at animate (http://localhost:8123/mascot/mascot.js:601:23)
[   41161ms] ReferenceError: t is not defined
    at animate (http://localhost:8123/mascot/mascot.js:601:23)
[   41169ms] ReferenceError: t is not defined
    at animate (http://localhost:8123/mascot/mascot.js:601:23)
[   41178ms] ReferenceError: t is not defined
    at animate (http://localhost:8123/mascot/mascot.js:601:23)
[   41187ms] ReferenceError: t is not defined
    at animate (http://localhost:8123/mascot/mascot.js:601:23)
[   41194ms] ReferenceError: t is not defined
    at animate (http://localhost:8123/mascot/mascot.js:601:23)
[   41203ms] ReferenceError: t is not defined
    at animate (http://localhost:8123/mascot/mascot.js:601:23)
[   41212ms] ReferenceError: t is not defined
    at animate (http://localhost:8123/mascot/mascot.js:601:23)
[   41219ms] ReferenceError: t is not defined
    at animate (http://localhost:8123/mascot/mascot.js:601:23)
[   41228ms] ReferenceError: t is not defined
    at animate (http://localhost:8123/mascot/mascot.js:601:23)
[   41236ms] ReferenceError: t is not defined
    at animate (http://localhost:8123/mascot/mascot.js:601:23)
[   41244ms] ReferenceError: t is not defined
    at animate (http://localhost:8123/mascot/mascot.js:601:23)
[   41253ms] ReferenceError: t is not defined
    at animate (http://localhost:8123/mascot/mascot.js:601:23)
[   41261ms] ReferenceError: t is not defined
    at animate (http://localhost:8123/mascot/mascot.js:601:23)
[   41269ms] ReferenceError: t is not defined
    at animate (http://localhost:8123/mascot/mascot.js:601:23)
[   41277ms] ReferenceError: t is not defined
    at animate (http://localhost:8123/mascot/mascot.js:601:23)
[   41286ms] ReferenceError: t is not defined
    at animate (http://localhost:8123/mascot/mascot.js:601:23)
[   41295ms] ReferenceError: t is not defined
    at animate (http://localhost:8123/mascot/mascot.js:601:23)
[   41306ms] ReferenceError: t is not defined
    at animate (http://localhost:8123/mascot/mascot.js:601:23)
[   41312ms] ReferenceError: t is not defined
    at animate (http://localhost:8123/mascot/mascot.js:601:23)
[   41320ms] ReferenceError: t is not defined
    at animate (http://localhost:8123/mascot/mascot.js:601:23)
[   41327ms] ReferenceError: t is not defined
    at animate (http://localhost:8123/mascot/mascot.js:601:23)
[   41336ms] ReferenceError: t is not defined
    at animate (http://localhost:8123/mascot/mascot.js:601:23)
[   41345ms] ReferenceError: t is not defined
    at animate (http://localhost:8123/mascot/mascot.js:601:23)
[   41353ms] ReferenceError: t is not defined
    at animate (http://localhost:8123/mascot/mascot.js:601:23)
[   41361ms] ReferenceError: t is not defined
    at animate (http://localhost:8123/mascot/mascot.js:601:23)
[   41370ms] ReferenceError: t is not defined
    at animate (http://localhost:8123/mascot/mascot.js:601:23)
[   41377ms] ReferenceError: t is not defined
    at animate (http://localhost:8123/mascot/mascot.js:601:23)
[   41385ms] ReferenceError: t is not defined
    at animate (http://localhost:8123/mascot/mascot.js:601:23)
[   41394ms] ReferenceError: t is not defined
    at animate (http://localhost:8123/mascot/mascot.js:601:23)
[   41402ms] ReferenceError: t is not defined
    at animate (http://localhost:8123/mascot/mascot.js:601:23)
[   41411ms] ReferenceError: t is not defined
    at animate (http://localhost:8123/mascot/mascot.js:601:23)
[   41418ms] ReferenceError: t is not defined
    at animate (http://localhost:8123/mascot/mascot.js:601:23)
[   41428ms] ReferenceError: t is not defined
    at animate (http://localhost:8123/mascot/mascot.js:601:23)
[   41435ms] ReferenceError: t is not defined
    at animate (http://localhost:8123/mascot/mascot.js:601:23)
[   41443ms] ReferenceError: t is not defined
    at animate (http://localhost:8123/mascot/mascot.js:601:23)
[   41452ms] ReferenceError: t is not defined
    at animate (http://localhost:8123/mascot/mascot.js:601:23)
[   41460ms] ReferenceError: t is not defined
    at animate (http://localhost:8123/mascot/mascot.js:601:23)
[   41469ms] ReferenceError: t is not defined
    at animate (http://localhost:8123/mascot/mascot.js:601:23)
[   41477ms] ReferenceError: t is not defined
    at animate (http://localhost:8123/mascot/mascot.js:601:23)
[   41485ms] ReferenceError: t is not defined
    at animate (http://localhost:8123/mascot/mascot.js:601:23)
[   41493ms] ReferenceError: t is not defined
    at animate (http://localhost:8123/mascot/mascot.js:601:23)
[   41503ms] ReferenceError: t is not defined
    at animate (http://localhost:8123/mascot/mascot.js:601:23)
[   41511ms] ReferenceError: t is not defined
    at animate (http://localhost:8123/mascot/mascot.js:601:23)
[   41518ms] ReferenceError: t is not defined
    at animate (http://localhost:8123/mascot/mascot.js:601:23)
[   41527ms] ReferenceError: t is not defined
    at animate (http://localhost:8123/mascot/mascot.js:601:23)
[   41535ms] ReferenceError: t is not defined
    at animate (http://localhost:8123/mascot/mascot.js:601:23)
[   41543ms] ReferenceError: t is not defined
    at animate (http://localhost:8123/mascot/mascot.js:601:23)
[   41553ms] ReferenceError: t is not defined
    at animate (http://localhost:8123/mascot/mascot.js:601:23)
[   41560ms] ReferenceError: t is not defined
    at animate (http://localhost:8123/mascot/mascot.js:601:23)
[   41567ms] ReferenceError: t is not defined
    at animate (http://localhost:8123/mascot/mascot.js:601:23)
[   41576ms] ReferenceError: t is not defined
    at animate (http://localhost:8123/mascot/mascot.js:601:23)
[   41586ms] ReferenceError: t is not defined
    at animate (http://localhost:8123/mascot/mascot.js:601:23)
[   41594ms] ReferenceError: t is not defined
    at animate (http://localhost:8123/mascot/mascot.js:601:23)
[   41602ms] ReferenceError: t is not defined
    at animate (http://localhost:8123/mascot/mascot.js:601:23)
[   41611ms] ReferenceError: t is not defined
    at animate (http://localhost:8123/mascot/mascot.js:601:23)
[   41619ms] ReferenceError: t is not defined
    at animate (http://localhost:8123/mascot/mascot.js:601:23)
[   41628ms] ReferenceError: t is not defined
    at animate (http://localhost:8123/mascot/mascot.js:601:23)
[   41636ms] ReferenceError: t is not defined
    at animate (http://localhost:8123/mascot/mascot.js:601:23)
[   41644ms] ReferenceError: t is not defined
    at animate (http://localhost:8123/mascot/mascot.js:601:23)
[   41653ms] ReferenceError: t is not defined
    at animate (http://localhost:8123/mascot/mascot.js:601:23)
[   41662ms] ReferenceError: t is not defined
    at animate (http://localhost:8123/mascot/mascot.js:601:23)
[   41670ms] ReferenceError: t is not defined
    at animate (http://localhost:8123/mascot/mascot.js:601:23)
[   41678ms] ReferenceError: t is not defined
    at animate (http://localhost:8123/mascot/mascot.js:601:23)
[   41686ms] ReferenceError: t is not defined
    at animate (http://localhost:8123/mascot/mascot.js:601:23)
[   41695ms] ReferenceError: t is not defined
    at animate (http://localhost:8123/mascot/mascot.js:601:23)
[   41703ms] ReferenceError: t is not defined
    at animate (http://localhost:8123/mascot/mascot.js:601:23)
[   41711ms] ReferenceError: t is not defined
    at animate (http://localhost:8123/mascot/mascot.js:601:23)
[   41720ms] ReferenceError: t is not defined
    at animate (http://localhost:8123/mascot/mascot.js:601:23)
[   41728ms] ReferenceError: t is not defined
    at animate (http://localhost:8123/mascot/mascot.js:601:23)
[   41737ms] ReferenceError: t is not defined
    at animate (http://localhost:8123/mascot/mascot.js:601:23)
[   41744ms] ReferenceError: t is not defined
    at animate (http://localhost:8123/mascot/mascot.js:601:23)
[   41752ms] ReferenceError: t is not defined
    at animate (http://localhost:8123/mascot/mascot.js:601:23)
[   41761ms] ReferenceError: t is not defined
    at animate (http://localhost:8123/mascot/mascot.js:601:23)
[   41770ms] ReferenceError: t is not defined
    at animate (http://localhost:8123/mascot/mascot.js:601:23)
[   41778ms] ReferenceError: t is not defined
    at animate (http://localhost:8123/mascot/mascot.js:601:23)
[   41786ms] ReferenceError: t is not defined
    at animate (http://localhost:8123/mascot/mascot.js:601:23)
[   41795ms] ReferenceError: t is not defined
    at animate (http://localhost:8123/mascot/mascot.js:601:23)
[   41802ms] ReferenceError: t is not defined
    at animate (http://localhost:8123/mascot/mascot.js:601:23)
[   41811ms] ReferenceError: t is not defined
    at animate (http://localhost:8123/mascot/mascot.js:601:23)
[   41818ms] ReferenceError: t is not defined
    at animate (http://localhost:8123/mascot/mascot.js:601:23)
[   41827ms] ReferenceError: t is not defined
    at animate (http://localhost:8123/mascot/mascot.js:601:23)
[   41836ms] ReferenceError: t is not defined
    at animate (http://localhost:8123/mascot/mascot.js:601:23)
[   41844ms] ReferenceError: t is not defined
    at animate (http://localhost:8123/mascot/mascot.js:601:23)
[   41853ms] ReferenceError: t is not defined
    at animate (http://localhost:8123/mascot/mascot.js:601:23)
[   41860ms] ReferenceError: t is not defined
    at animate (http://localhost:8123/mascot/mascot.js:601:23)
[   41869ms] ReferenceError: t is not defined
    at animate (http://localhost:8123/mascot/mascot.js:601:23)
[   41877ms] ReferenceError: t is not defined
    at animate (http://localhost:8123/mascot/mascot.js:601:23)
[   41885ms] ReferenceError: t is not defined
    at animate (http://localhost:8123/mascot/mascot.js:601:23)
[   41893ms] ReferenceError: t is not defined
    at animate (http://localhost:8123/mascot/mascot.js:601:23)
[   41902ms] ReferenceError: t is not defined
    at animate (http://localhost:8123/mascot/mascot.js:601:23)
[   41910ms] ReferenceError: t is not defined
    at animate (http://localhost:8123/mascot/mascot.js:601:23)
[   41919ms] ReferenceError: t is not defined
    at animate (http://localhost:8123/mascot/mascot.js:601:23)
[   41927ms] ReferenceError: t is not defined
    at animate (http://localhost:8123/mascot/mascot.js:601:23)
[   41935ms] ReferenceError: t is not defined
    at animate (http://localhost:8123/mascot/mascot.js:601:23)
[   41943ms] ReferenceError: t is not defined
    at animate (http://localhost:8123/mascot/mascot.js:601:23)
[   41953ms] ReferenceError: t is not defined
    at animate (http://localhost:8123/mascot/mascot.js:601:23)
[   41960ms] ReferenceError: t is not defined
    at animate (http://localhost:8123/mascot/mascot.js:601:23)
[   41969ms] ReferenceError: t is not defined
    at animate (http://localhost:8123/mascot/mascot.js:601:23)
[   41977ms] ReferenceError: t is not defined
    at animate (http://localhost:8123/mascot/mascot.js:601:23)
[   41985ms] ReferenceError: t is not defined
    at animate (http://localhost:8123/mascot/mascot.js:601:23)
[   41993ms] ReferenceError: t is not defined
    at animate (http://localhost:8123/mascot/mascot.js:601:23)
[   42002ms] ReferenceError: t is not defined
    at animate (http://localhost:8123/mascot/mascot.js:601:23)
[   42011ms] ReferenceError: t is not defined
    at animate (http://localhost:8123/mascot/mascot.js:601:23)
[   42019ms] ReferenceError: t is not defined
    at animate (http://localhost:8123/mascot/mascot.js:601:23)
[   42027ms] ReferenceError: t is not defined
    at animate (http://localhost:8123/mascot/mascot.js:601:23)
[   42036ms] ReferenceError: t is not defined
    at animate (http://localhost:8123/mascot/mascot.js:601:23)
[   42044ms] ReferenceError: t is not defined
    at animate (http://localhost:8123/mascot/mascot.js:601:23)
[   42052ms] ReferenceError: t is not defined
    at animate (http://localhost:8123/mascot/mascot.js:601:23)
[   42061ms] ReferenceError: t is not defined
    at animate (http://localhost:8123/mascot/mascot.js:601:23)
[   42069ms] ReferenceError: t is not defined
    at animate (http://localhost:8123/mascot/mascot.js:601:23)
[   42077ms] ReferenceError: t is not defined
    at animate (http://localhost:8123/mascot/mascot.js:601:23)
[   42086ms] ReferenceError: t is not defined
    at animate (http://localhost:8123/mascot/mascot.js:601:23)
[   42095ms] ReferenceError: t is not defined
    at animate (http://localhost:8123/mascot/mascot.js:601:23)
[   42103ms] ReferenceError: t is not defined
    at animate (http://localhost:8123/mascot/mascot.js:601:23)
[   42111ms] ReferenceError: t is not defined
    at animate (http://localhost:8123/mascot/mascot.js:601:23)
[   42120ms] ReferenceError: t is not defined
    at animate (http://localhost:8123/mascot/mascot.js:601:23)
[   42128ms] ReferenceError: t is not defined
    at animate (http://localhost:8123/mascot/mascot.js:601:23)
[   42136ms] ReferenceError: t is not defined
    at animate (http://localhost:8123/mascot/mascot.js:601:23)
[   42145ms] ReferenceError: t is not defined
    at animate (http://localhost:8123/mascot/mascot.js:601:23)
[   42155ms] ReferenceError: t is not defined
    at animate (http://localhost:8123/mascot/mascot.js:601:23)
[   42162ms] ReferenceError: t is not defined
    at animate (http://localhost:8123/mascot/mascot.js:601:23)
[   42170ms] ReferenceError: t is not defined
    at animate (http://localhost:8123/mascot/mascot.js:601:23)
[   42180ms] ReferenceError: t is not defined
    at animate (http://localhost:8123/mascot/mascot.js:601:23)
[   42186ms] ReferenceError: t is not defined
    at animate (http://localhost:8123/mascot/mascot.js:601:23)
[   42195ms] ReferenceError: t is not defined
    at animate (http://localhost:8123/mascot/mascot.js:601:23)
[   42203ms] ReferenceError: t is not defined
    at animate (http://localhost:8123/mascot/mascot.js:601:23)
[   42211ms] ReferenceError: t is not defined
    at animate (http://localhost:8123/mascot/mascot.js:601:23)
[   42219ms] ReferenceError: t is not defined
    at animate (http://localhost:8123/mascot/mascot.js:601:23)
[   42227ms] ReferenceError: t is not defined
    at animate (http://localhost:8123/mascot/mascot.js:601:23)
[   42236ms] ReferenceError: t is not defined
    at animate (http://localhost:8123/mascot/mascot.js:601:23)
[   42244ms] ReferenceError: t is not defined
    at animate (http://localhost:8123/mascot/mascot.js:601:23)
[   42253ms] ReferenceError: t is not defined
    at animate (http://localhost:8123/mascot/mascot.js:601:23)
[   42261ms] ReferenceError: t is not defined
    at animate (http://localhost:8123/mascot/mascot.js:601:23)
[   42269ms] ReferenceError: t is not defined
    at animate (http://localhost:8123/mascot/mascot.js:601:23)
[   42277ms] ReferenceError: t is not defined
    at animate (http://localhost:8123/mascot/mascot.js:601:23)
[   42286ms] ReferenceError: t is not defined
    at animate (http://localhost:8123/mascot/mascot.js:601:23)
[   42292ms] ReferenceError: t is not defined
    at animate (http://localhost:8123/mascot/mascot.js:601:23)
[   42302ms] ReferenceError: t is not defined
    at animate (http://localhost:8123/mascot/mascot.js:601:23)
[   42311ms] ReferenceError: t is not defined
    at animate (http://localhost:8123/mascot/mascot.js:601:23)
[   42319ms] ReferenceError: t is not defined
    at animate (http://localhost:8123/mascot/mascot.js:601:23)
[   42329ms] ReferenceError: t is not defined
    at animate (http://localhost:8123/mascot/mascot.js:601:23)
[   42336ms] ReferenceError: t is not defined
    at animate (http://localhost:8123/mascot/mascot.js:601:23)
[   42344ms] ReferenceError: t is not defined
    at animate (http://localhost:8123/mascot/mascot.js:601:23)
[   42352ms] ReferenceError: t is not defined
    at animate (http://localhost:8123/mascot/mascot.js:601:23)
[   42360ms] ReferenceError: t is not defined
    at animate (http://localhost:8123/mascot/mascot.js:601:23)
[   42368ms] ReferenceError: t is not defined
    at animate (http://localhost:8123/mascot/mascot.js:601:23)
[   42377ms] ReferenceError: t is not defined
    at animate (http://localhost:8123/mascot/mascot.js:601:23)
[   42385ms] ReferenceError: t is not defined
    at animate (http://localhost:8123/mascot/mascot.js:601:23)
[   42393ms] ReferenceError: t is not defined
    at animate (http://localhost:8123/mascot/mascot.js:601:23)
[   42402ms] ReferenceError: t is not defined
    at animate (http://localhost:8123/mascot/mascot.js:601:23)
[   42410ms] ReferenceError: t is not defined
    at animate (http://localhost:8123/mascot/mascot.js:601:23)
[   42419ms] ReferenceError: t is not defined
    at animate (http://localhost:8123/mascot/mascot.js:601:23)
[   42427ms] ReferenceError: t is not defined
    at animate (http://localhost:8123/mascot/mascot.js:601:23)
[   42435ms] ReferenceError: t is not defined
    at animate (http://localhost:8123/mascot/mascot.js:601:23)
[   42443ms] ReferenceError: t is not defined
    at animate (http://localhost:8123/mascot/mascot.js:601:23)
[   42452ms] ReferenceError: t is not defined
    at animate (http://localhost:8123/mascot/mascot.js:601:23)
[   42460ms] ReferenceError: t is not defined
    at animate (http://localhost:8123/mascot/mascot.js:601:23)
[   42468ms] ReferenceError: t is not defined
    at animate (http://localhost:8123/mascot/mascot.js:601:23)
[   42477ms] ReferenceError: t is not defined
    at animate (http://localhost:8123/mascot/mascot.js:601:23)
[   42485ms] ReferenceError: t is not defined
    at animate (http://localhost:8123/mascot/mascot.js:601:23)
[   42494ms] ReferenceError: t is not defined
    at animate (http://localhost:8123/mascot/mascot.js:601:23)
[   42503ms] ReferenceError: t is not defined
    at animate (http://localhost:8123/mascot/mascot.js:601:23)
[   42510ms] ReferenceError: t is not defined
    at animate (http://localhost:8123/mascot/mascot.js:601:23)
[   42519ms] ReferenceError: t is not defined
    at animate (http://localhost:8123/mascot/mascot.js:601:23)
[   42527ms] ReferenceError: t is not defined
    at animate (http://localhost:8123/mascot/mascot.js:601:23)
[   42535ms] ReferenceError: t is not defined
    at animate (http://localhost:8123/mascot/mascot.js:601:23)
[   42543ms] ReferenceError: t is not defined
    at animate (http://localhost:8123/mascot/mascot.js:601:23)
[   42552ms] ReferenceError: t is not defined
    at animate (http://localhost:8123/mascot/mascot.js:601:23)
[   42560ms] ReferenceError: t is not defined
    at animate (http://localhost:8123/mascot/mascot.js:601:23)
[   42569ms] ReferenceError: t is not defined
    at animate (http://localhost:8123/mascot/mascot.js:601:23)
[   42578ms] ReferenceError: t is not defined
    at animate (http://localhost:8123/mascot/mascot.js:601:23)
[   42586ms] ReferenceError: t is not defined
    at animate (http://localhost:8123/mascot/mascot.js:601:23)
[   42594ms] ReferenceError: t is not defined
    at animate (http://localhost:8123/mascot/mascot.js:601:23)
[   42602ms] ReferenceError: t is not defined
    at animate (http://localhost:8123/mascot/mascot.js:601:23)
[   42611ms] ReferenceError: t is not defined
    at animate (http://localhost:8123/mascot/mascot.js:601:23)
[   42619ms] ReferenceError: t is not defined
    at animate (http://localhost:8123/mascot/mascot.js:601:23)
[   42627ms] ReferenceError: t is not defined
    at animate (http://localhost:8123/mascot/mascot.js:601:23)
[   42635ms] ReferenceError: t is not defined
    at animate (http://localhost:8123/mascot/mascot.js:601:23)
[   42644ms] ReferenceError: t is not defined
    at animate (http://localhost:8123/mascot/mascot.js:601:23)
[   42652ms] ReferenceError: t is not defined
    at animate (http://localhost:8123/mascot/mascot.js:601:23)
[   42661ms] ReferenceError: t is not defined
    at animate (http://localhost:8123/mascot/mascot.js:601:23)
[   42681ms] ReferenceError: t is not defined
    at animate (http://localhost:8123/mascot/mascot.js:601:23)
[   42681ms] ReferenceError: t is not defined
    at animate (http://localhost:8123/mascot/mascot.js:601:23)
[   42686ms] ReferenceError: t is not defined
    at animate (http://localhost:8123/mascot/mascot.js:601:23)
[   42695ms] ReferenceError: t is not defined
    at animate (http://localhost:8123/mascot/mascot.js:601:23)
[   42702ms] ReferenceError: t is not defined
    at animate (http://localhost:8123/mascot/mascot.js:601:23)
[   42711ms] ReferenceError: t is not defined
    at animate (http://localhost:8123/mascot/mascot.js:601:23)
[   42720ms] ReferenceError: t is not defined
    at animate (http://localhost:8123/mascot/mascot.js:601:23)
[   42728ms] ReferenceError: t is not defined
    at animate (http://localhost:8123/mascot/mascot.js:601:23)
[   42737ms] ReferenceError: t is not defined
    at animate (http://localhost:8123/mascot/mascot.js:601:23)
[   42744ms] ReferenceError: t is not defined
    at animate (http://localhost:8123/mascot/mascot.js:601:23)
[   42752ms] ReferenceError: t is not defined
    at animate (http://localhost:8123/mascot/mascot.js:601:23)
[   42761ms] ReferenceError: t is not defined
    at animate (http://localhost:8123/mascot/mascot.js:601:23)
[   42770ms] ReferenceError: t is not defined
    at animate (http://localhost:8123/mascot/mascot.js:601:23)
[   42778ms] ReferenceError: t is not defined
    at animate (http://localhost:8123/mascot/mascot.js:601:23)
[   42786ms] ReferenceError: t is not defined
    at animate (http://localhost:8123/mascot/mascot.js:601:23)
[   42794ms] ReferenceError: t is not defined
    at animate (http://localhost:8123/mascot/mascot.js:601:23)
[   42802ms] ReferenceError: t is not defined
    at animate (http://localhost:8123/mascot/mascot.js:601:23)
[   42811ms] ReferenceError: t is not defined
    at animate (http://localhost:8123/mascot/mascot.js:601:23)
[   42819ms] ReferenceError: t is not defined
    at animate (http://localhost:8123/mascot/mascot.js:601:23)
[   42828ms] ReferenceError: t is not defined
    at animate (http://localhost:8123/mascot/mascot.js:601:23)
[   42836ms] ReferenceError: t is not defined
    at animate (http://localhost:8123/mascot/mascot.js:601:23)
[   42844ms] ReferenceError: t is not defined
    at animate (http://localhost:8123/mascot/mascot.js:601:23)
[   42852ms] ReferenceError: t is not defined
    at animate (http://localhost:8123/mascot/mascot.js:601:23)
[   42861ms] ReferenceError: t is not defined
    at animate (http://localhost:8123/mascot/mascot.js:601:23)
[   42868ms] ReferenceError: t is not defined
    at animate (http://localhost:8123/mascot/mascot.js:601:23)
[   42877ms] ReferenceError: t is not defined
    at animate (http://localhost:8123/mascot/mascot.js:601:23)
[   42885ms] ReferenceError: t is not defined
    at animate (http://localhost:8123/mascot/mascot.js:601:23)
[   42894ms] ReferenceError: t is not defined
    at animate (http://localhost:8123/mascot/mascot.js:601:23)
[   42902ms] ReferenceError: t is not defined
    at animate (http://localhost:8123/mascot/mascot.js:601:23)
[   42910ms] ReferenceError: t is not defined
    at animate (http://localhost:8123/mascot/mascot.js:601:23)
[   42919ms] ReferenceError: t is not defined
    at animate (http://localhost:8123/mascot/mascot.js:601:23)
[   42927ms] ReferenceError: t is not defined
    at animate (http://localhost:8123/mascot/mascot.js:601:23)
[   42935ms] ReferenceError: t is not defined
    at animate (http://localhost:8123/mascot/mascot.js:601:23)
[   42943ms] ReferenceError: t is not defined
    at animate (http://localhost:8123/mascot/mascot.js:601:23)
[   42951ms] ReferenceError: t is not defined
    at animate (http://localhost:8123/mascot/mascot.js:601:23)
[   42961ms] ReferenceError: t is not defined
    at animate (http://localhost:8123/mascot/mascot.js:601:23)
[   42969ms] ReferenceError: t is not defined
    at animate (http://localhost:8123/mascot/mascot.js:601:23)
[   42977ms] ReferenceError: t is not defined
    at animate (http://localhost:8123/mascot/mascot.js:601:23)
[   42985ms] ReferenceError: t is not defined
    at animate (http://localhost:8123/mascot/mascot.js:601:23)
[   42993ms] ReferenceError: t is not defined
    at animate (http://localhost:8123/mascot/mascot.js:601:23)
[   43002ms] ReferenceError: t is not defined
    at animate (http://localhost:8123/mascot/mascot.js:601:23)
[   43010ms] ReferenceError: t is not defined
    at animate (http://localhost:8123/mascot/mascot.js:601:23)
[   43019ms] ReferenceError: t is not defined
    at animate (http://localhost:8123/mascot/mascot.js:601:23)
[   43028ms] ReferenceError: t is not defined
    at animate (http://localhost:8123/mascot/mascot.js:601:23)
[   43036ms] ReferenceError: t is not defined
    at animate (http://localhost:8123/mascot/mascot.js:601:23)
[   43044ms] ReferenceError: t is not defined
    at animate (http://localhost:8123/mascot/mascot.js:601:23)
[   43053ms] ReferenceError: t is not defined
    at animate (http://localhost:8123/mascot/mascot.js:601:23)
[   43061ms] ReferenceError: t is not defined
    at animate (http://localhost:8123/mascot/mascot.js:601:23)
[   43070ms] ReferenceError: t is not defined
    at animate (http://localhost:8123/mascot/mascot.js:601:23)
[   43077ms] ReferenceError: t is not defined
    at animate (http://localhost:8123/mascot/mascot.js:601:23)
[   43087ms] ReferenceError: t is not defined
    at animate (http://localhost:8123/mascot/mascot.js:601:23)
[   43094ms] ReferenceError: t is not defined
    at animate (http://localhost:8123/mascot/mascot.js:601:23)
[   43102ms] ReferenceError: t is not defined
    at animate (http://localhost:8123/mascot/mascot.js:601:23)
[   43110ms] ReferenceError: t is not defined
    at animate (http://localhost:8123/mascot/mascot.js:601:23)
[   43119ms] ReferenceError: t is not defined
    at animate (http://localhost:8123/mascot/mascot.js:601:23)
[   43128ms] ReferenceError: t is not defined
    at animate (http://localhost:8123/mascot/mascot.js:601:23)
[   43136ms] ReferenceError: t is not defined
    at animate (http://localhost:8123/mascot/mascot.js:601:23)
[   43144ms] ReferenceError: t is not defined
    at animate (http://localhost:8123/mascot/mascot.js:601:23)
[   43152ms] ReferenceError: t is not defined
    at animate (http://localhost:8123/mascot/mascot.js:601:23)
[   43161ms] ReferenceError: t is not defined
    at animate (http://localhost:8123/mascot/mascot.js:601:23)
[   43170ms] ReferenceError: t is not defined
    at animate (http://localhost:8123/mascot/mascot.js:601:23)
[   43179ms] ReferenceError: t is not defined
    at animate (http://localhost:8123/mascot/mascot.js:601:23)
[   43186ms] ReferenceError: t is not defined
    at animate (http://localhost:8123/mascot/mascot.js:601:23)
[   43194ms] ReferenceError: t is not defined
    at animate (http://localhost:8123/mascot/mascot.js:601:23)
[   43202ms] ReferenceError: t is not defined
    at animate (http://localhost:8123/mascot/mascot.js:601:23)
[   43211ms] ReferenceError: t is not defined
    at animate (http://localhost:8123/mascot/mascot.js:601:23)
[   43219ms] ReferenceError: t is not defined
    at animate (http://localhost:8123/mascot/mascot.js:601:23)
[   43228ms] ReferenceError: t is not defined
    at animate (http://localhost:8123/mascot/mascot.js:601:23)
[   43236ms] ReferenceError: t is not defined
    at animate (http://localhost:8123/mascot/mascot.js:601:23)
[   43244ms] ReferenceError: t is not defined
    at animate (http://localhost:8123/mascot/mascot.js:601:23)
[   43252ms] ReferenceError: t is not defined
    at animate (http://localhost:8123/mascot/mascot.js:601:23)
[   43261ms] ReferenceError: t is not defined
    at animate (http://localhost:8123/mascot/mascot.js:601:23)
[   43270ms] ReferenceError: t is not defined
    at animate (http://localhost:8123/mascot/mascot.js:601:23)
[   43277ms] ReferenceError: t is not defined
    at animate (http://localhost:8123/mascot/mascot.js:601:23)
[   43285ms] ReferenceError: t is not defined
    at animate (http://localhost:8123/mascot/mascot.js:601:23)
[   43294ms] ReferenceError: t is not defined
    at animate (http://localhost:8123/mascot/mascot.js:601:23)
[   43303ms] ReferenceError: t is not defined
    at animate (http://localhost:8123/mascot/mascot.js:601:23)
[   43310ms] ReferenceError: t is not defined
    at animate (http://localhost:8123/mascot/mascot.js:601:23)
[   43319ms] ReferenceError: t is not defined
    at animate (http://localhost:8123/mascot/mascot.js:601:23)
[   43331ms] ReferenceError: t is not defined
    at animate (http://localhost:8123/mascot/mascot.js:601:23)
[   43336ms] ReferenceError: t is not defined
    at animate (http://localhost:8123/mascot/mascot.js:601:23)
[   43345ms] ReferenceError: t is not defined
    at animate (http://localhost:8123/mascot/mascot.js:601:23)
[   43353ms] ReferenceError: t is not defined
    at animate (http://localhost:8123/mascot/mascot.js:601:23)
[   43361ms] ReferenceError: t is not defined
    at animate (http://localhost:8123/mascot/mascot.js:601:23)
[   43370ms] ReferenceError: t is not defined
    at animate (http://localhost:8123/mascot/mascot.js:601:23)
[   43377ms] ReferenceError: t is not defined
    at animate (http://localhost:8123/mascot/mascot.js:601:23)
[   43386ms] ReferenceError: t is not defined
    at animate (http://localhost:8123/mascot/mascot.js:601:23)
[   43394ms] ReferenceError: t is not defined
    at animate (http://localhost:8123/mascot/mascot.js:601:23)
[   43402ms] ReferenceError: t is not defined
    at animate (http://localhost:8123/mascot/mascot.js:601:23)
[   43410ms] ReferenceError: t is not defined
    at animate (http://localhost:8123/mascot/mascot.js:601:23)
[   43418ms] ReferenceError: t is not defined
    at animate (http://localhost:8123/mascot/mascot.js:601:23)
[   43427ms] ReferenceError: t is not defined
    at animate (http://localhost:8123/mascot/mascot.js:601:23)
[   43435ms] ReferenceError: t is not defined
    at animate (http://localhost:8123/mascot/mascot.js:601:23)
[   43443ms] ReferenceError: t is not defined
    at animate (http://localhost:8123/mascot/mascot.js:601:23)
[   43452ms] ReferenceError: t is not defined
    at animate (http://localhost:8123/mascot/mascot.js:601:23)
[   43460ms] ReferenceError: t is not defined
    at animate (http://localhost:8123/mascot/mascot.js:601:23)
[   43468ms] ReferenceError: t is not defined
    at animate (http://localhost:8123/mascot/mascot.js:601:23)
[   43477ms] ReferenceError: t is not defined
    at animate (http://localhost:8123/mascot/mascot.js:601:23)
[   43485ms] ReferenceError: t is not defined
    at animate (http://localhost:8123/mascot/mascot.js:601:23)
[   43493ms] ReferenceError: t is not defined
    at animate (http://localhost:8123/mascot/mascot.js:601:23)
[   43501ms] ReferenceError: t is not defined
    at animate (http://localhost:8123/mascot/mascot.js:601:23)
[   43510ms] ReferenceError: t is not defined
    at animate (http://localhost:8123/mascot/mascot.js:601:23)
[   43519ms] ReferenceError: t is not defined
    at animate (http://localhost:8123/mascot/mascot.js:601:23)
[   43526ms] ReferenceError: t is not defined
    at animate (http://localhost:8123/mascot/mascot.js:601:23)
[   43535ms] ReferenceError: t is not defined
    at animate (http://localhost:8123/mascot/mascot.js:601:23)
[   43544ms] ReferenceError: t is not defined
    at animate (http://localhost:8123/mascot/mascot.js:601:23)
[   43551ms] ReferenceError: t is not defined
    at animate (http://localhost:8123/mascot/mascot.js:601:23)
[   43560ms] ReferenceError: t is not defined
    at animate (http://localhost:8123/mascot/mascot.js:601:23)
[   43568ms] ReferenceError: t is not defined
    at animate (http://localhost:8123/mascot/mascot.js:601:23)
[   43576ms] ReferenceError: t is not defined
    at animate (http://localhost:8123/mascot/mascot.js:601:23)
[   43585ms] ReferenceError: t is not defined
    at animate (http://localhost:8123/mascot/mascot.js:601:23)
[   43593ms] ReferenceError: t is not defined
    at animate (http://localhost:8123/mascot/mascot.js:601:23)
[   43601ms] ReferenceError: t is not defined
    at animate (http://localhost:8123/mascot/mascot.js:601:23)
[   43610ms] ReferenceError: t is not defined
    at animate (http://localhost:8123/mascot/mascot.js:601:23)
[   43618ms] ReferenceError: t is not defined
    at animate (http://localhost:8123/mascot/mascot.js:601:23)
[   43627ms] ReferenceError: t is not defined
    at animate (http://localhost:8123/mascot/mascot.js:601:23)
[   43635ms] ReferenceError: t is not defined
    at animate (http://localhost:8123/mascot/mascot.js:601:23)
[   43643ms] ReferenceError: t is not defined
    at animate (http://localhost:8123/mascot/mascot.js:601:23)
[   43652ms] ReferenceError: t is not defined
    at animate (http://localhost:8123/mascot/mascot.js:601:23)
[   43660ms] ReferenceError: t is not defined
    at animate (http://localhost:8123/mascot/mascot.js:601:23)
[   43668ms] ReferenceError: t is not defined
    at animate (http://localhost:8123/mascot/mascot.js:601:23)
[   43676ms] ReferenceError: t is not defined
    at animate (http://localhost:8123/mascot/mascot.js:601:23)
[   43686ms] ReferenceError: t is not defined
    at animate (http://localhost:8123/mascot/mascot.js:601:23)
[   43694ms] ReferenceError: t is not defined
    at animate (http://localhost:8123/mascot/mascot.js:601:23)
[   43702ms] ReferenceError: t is not defined
    at animate (http://localhost:8123/mascot/mascot.js:601:23)
[   43710ms] ReferenceError: t is not defined
    at animate (http://localhost:8123/mascot/mascot.js:601:23)
[   43719ms] ReferenceError: t is not defined
    at animate (http://localhost:8123/mascot/mascot.js:601:23)
[   43727ms] ReferenceError: t is not defined
    at animate (http://localhost:8123/mascot/mascot.js:601:23)
[   43736ms] ReferenceError: t is not defined
    at animate (http://localhost:8123/mascot/mascot.js:601:23)
[   43744ms] ReferenceError: t is not defined
    at animate (http://localhost:8123/mascot/mascot.js:601:23)
[   43753ms] ReferenceError: t is not defined
    at animate (http://localhost:8123/mascot/mascot.js:601:23)
[   43761ms] ReferenceError: t is not defined
    at animate (http://localhost:8123/mascot/mascot.js:601:23)
[   43769ms] ReferenceError: t is not defined
    at animate (http://localhost:8123/mascot/mascot.js:601:23)
[   43777ms] ReferenceError: t is not defined
    at animate (http://localhost:8123/mascot/mascot.js:601:23)
[   43786ms] ReferenceError: t is not defined
    at animate (http://localhost:8123/mascot/mascot.js:601:23)
[   43794ms] ReferenceError: t is not defined
    at animate (http://localhost:8123/mascot/mascot.js:601:23)
[   43802ms] ReferenceError: t is not defined
    at animate (http://localhost:8123/mascot/mascot.js:601:23)
[   43812ms] ReferenceError: t is not defined
    at animate (http://localhost:8123/mascot/mascot.js:601:23)
[   43819ms] ReferenceError: t is not defined
    at animate (http://localhost:8123/mascot/mascot.js:601:23)
[   43828ms] ReferenceError: t is not defined
    at animate (http://localhost:8123/mascot/mascot.js:601:23)
[   43836ms] ReferenceError: t is not defined
    at animate (http://localhost:8123/mascot/mascot.js:601:23)
[   43844ms] ReferenceError: t is not defined
    at animate (http://localhost:8123/mascot/mascot.js:601:23)
[   43852ms] ReferenceError: t is not defined
    at animate (http://localhost:8123/mascot/mascot.js:601:23)
[   43861ms] ReferenceError: t is not defined
    at animate (http://localhost:8123/mascot/mascot.js:601:23)
[   43869ms] ReferenceError: t is not defined
    at animate (http://localhost:8123/mascot/mascot.js:601:23)
[   43877ms] ReferenceError: t is not defined
    at animate (http://localhost:8123/mascot/mascot.js:601:23)
[   43886ms] ReferenceError: t is not defined
    at animate (http://localhost:8123/mascot/mascot.js:601:23)
[   43894ms] ReferenceError: t is not defined
    at animate (http://localhost:8123/mascot/mascot.js:601:23)
[   43902ms] ReferenceError: t is not defined
    at animate (http://localhost:8123/mascot/mascot.js:601:23)
[   43910ms] ReferenceError: t is not defined
    at animate (http://localhost:8123/mascot/mascot.js:601:23)
[   43919ms] ReferenceError: t is not defined
    at animate (http://localhost:8123/mascot/mascot.js:601:23)
[   43927ms] ReferenceError: t is not defined
    at animate (http://localhost:8123/mascot/mascot.js:601:23)
[   43936ms] ReferenceError: t is not defined
    at animate (http://localhost:8123/mascot/mascot.js:601:23)
[   43944ms] ReferenceError: t is not defined
    at animate (http://localhost:8123/mascot/mascot.js:601:23)
[   43953ms] ReferenceError: t is not defined
    at animate (http://localhost:8123/mascot/mascot.js:601:23)
[   43960ms] ReferenceError: t is not defined
    at animate (http://localhost:8123/mascot/mascot.js:601:23)
[   43968ms] ReferenceError: t is not defined
    at animate (http://localhost:8123/mascot/mascot.js:601:23)
[   43977ms] ReferenceError: t is not defined
    at animate (http://localhost:8123/mascot/mascot.js:601:23)
[   43985ms] ReferenceError: t is not defined
    at animate (http://localhost:8123/mascot/mascot.js:601:23)
[   43994ms] ReferenceError: t is not defined
    at animate (http://localhost:8123/mascot/mascot.js:601:23)
[   44002ms] ReferenceError: t is not defined
    at animate (http://localhost:8123/mascot/mascot.js:601:23)
[   44010ms] ReferenceError: t is not defined
    at animate (http://localhost:8123/mascot/mascot.js:601:23)
[   44019ms] ReferenceError: t is not defined
    at animate (http://localhost:8123/mascot/mascot.js:601:23)
[   44027ms] ReferenceError: t is not defined
    at animate (http://localhost:8123/mascot/mascot.js:601:23)
[   44036ms] ReferenceError: t is not defined
    at animate (http://localhost:8123/mascot/mascot.js:601:23)
[   44044ms] ReferenceError: t is not defined
    at animate (http://localhost:8123/mascot/mascot.js:601:23)
[   44052ms] ReferenceError: t is not defined
    at animate (http://localhost:8123/mascot/mascot.js:601:23)
[   44060ms] ReferenceError: t is not defined
    at animate (http://localhost:8123/mascot/mascot.js:601:23)
[   44069ms] ReferenceError: t is not defined
    at animate (http://localhost:8123/mascot/mascot.js:601:23)
[   44077ms] ReferenceError: t is not defined
    at animate (http://localhost:8123/mascot/mascot.js:601:23)
[   44085ms] ReferenceError: t is not defined
    at animate (http://localhost:8123/mascot/mascot.js:601:23)
[   44094ms] ReferenceError: t is not defined
    at animate (http://localhost:8123/mascot/mascot.js:601:23)
[   44102ms] ReferenceError: t is not defined
    at animate (http://localhost:8123/mascot/mascot.js:601:23)
[   44111ms] ReferenceError: t is not defined
    at animate (http://localhost:8123/mascot/mascot.js:601:23)
[   44119ms] ReferenceError: t is not defined
    at animate (http://localhost:8123/mascot/mascot.js:601:23)
[   44127ms] ReferenceError: t is not defined
    at animate (http://localhost:8123/mascot/mascot.js:601:23)
[   44136ms] ReferenceError: t is not defined
    at animate (http://localhost:8123/mascot/mascot.js:601:23)
[   44144ms] ReferenceError: t is not defined
    at animate (http://localhost:8123/mascot/mascot.js:601:23)
[   44152ms] ReferenceError: t is not defined
    at animate (http://localhost:8123/mascot/mascot.js:601:23)
[   44160ms] ReferenceError: t is not defined
    at animate (http://localhost:8123/mascot/mascot.js:601:23)
[   44170ms] ReferenceError: t is not defined
    at animate (http://localhost:8123/mascot/mascot.js:601:23)
[   44177ms] ReferenceError: t is not defined
    at animate (http://localhost:8123/mascot/mascot.js:601:23)
[   44186ms] ReferenceError: t is not defined
    at animate (http://localhost:8123/mascot/mascot.js:601:23)
[   44195ms] ReferenceError: t is not defined
    at animate (http://localhost:8123/mascot/mascot.js:601:23)
[   44203ms] ReferenceError: t is not defined
    at animate (http://localhost:8123/mascot/mascot.js:601:23)
[   44211ms] ReferenceError: t is not defined
    at animate (http://localhost:8123/mascot/mascot.js:601:23)
[   44219ms] ReferenceError: t is not defined
    at animate (http://localhost:8123/mascot/mascot.js:601:23)
[   44227ms] ReferenceError: t is not defined
    at animate (http://localhost:8123/mascot/mascot.js:601:23)
[   44236ms] ReferenceError: t is not defined
    at animate (http://localhost:8123/mascot/mascot.js:601:23)
[   44244ms] ReferenceError: t is not defined
    at animate (http://localhost:8123/mascot/mascot.js:601:23)
[   44253ms] ReferenceError: t is not defined
    at animate (http://localhost:8123/mascot/mascot.js:601:23)
[   44261ms] ReferenceError: t is not defined
    at animate (http://localhost:8123/mascot/mascot.js:601:23)
[   44269ms] ReferenceError: t is not defined
    at animate (http://localhost:8123/mascot/mascot.js:601:23)
[   44278ms] ReferenceError: t is not defined
    at animate (http://localhost:8123/mascot/mascot.js:601:23)
[   44286ms] ReferenceError: t is not defined
    at animate (http://localhost:8123/mascot/mascot.js:601:23)
[   44294ms] ReferenceError: t is not defined
    at animate (http://localhost:8123/mascot/mascot.js:601:23)
[   44304ms] ReferenceError: t is not defined
    at animate (http://localhost:8123/mascot/mascot.js:601:23)
[   44325ms] ReferenceError: t is not defined
    at animate (http://localhost:8123/mascot/mascot.js:601:23)
[   44325ms] ReferenceError: t is not defined
    at animate (http://localhost:8123/mascot/mascot.js:601:23)
[   44328ms] ReferenceError: t is not defined
    at animate (http://localhost:8123/mascot/mascot.js:601:23)
[   44336ms] ReferenceError: t is not defined
    at animate (http://localhost:8123/mascot/mascot.js:601:23)
[   44344ms] ReferenceError: t is not defined
    at animate (http://localhost:8123/mascot/mascot.js:601:23)
[   44352ms] ReferenceError: t is not defined
    at animate (http://localhost:8123/mascot/mascot.js:601:23)
[   44361ms] ReferenceError: t is not defined
    at animate (http://localhost:8123/mascot/mascot.js:601:23)
[   44369ms] ReferenceError: t is not defined
    at animate (http://localhost:8123/mascot/mascot.js:601:23)
[   44377ms] ReferenceError: t is not defined
    at animate (http://localhost:8123/mascot/mascot.js:601:23)
[   44386ms] ReferenceError: t is not defined
    at animate (http://localhost:8123/mascot/mascot.js:601:23)
[   44394ms] ReferenceError: t is not defined
    at animate (http://localhost:8123/mascot/mascot.js:601:23)
[   44402ms] ReferenceError: t is not defined
    at animate (http://localhost:8123/mascot/mascot.js:601:23)
[   44410ms] ReferenceError: t is not defined
    at animate (http://localhost:8123/mascot/mascot.js:601:23)
[   44419ms] ReferenceError: t is not defined
    at animate (http://localhost:8123/mascot/mascot.js:601:23)
[   44426ms] ReferenceError: t is not defined
    at animate (http://localhost:8123/mascot/mascot.js:601:23)
[   44436ms] ReferenceError: t is not defined
    at animate (http://localhost:8123/mascot/mascot.js:601:23)
[   44443ms] ReferenceError: t is not defined
    at animate (http://localhost:8123/mascot/mascot.js:601:23)
[   44453ms] ReferenceError: t is not defined
    at animate (http://localhost:8123/mascot/mascot.js:601:23)
[   44460ms] ReferenceError: t is not defined
    at animate (http://localhost:8123/mascot/mascot.js:601:23)
[   44469ms] ReferenceError: t is not defined
    at animate (http://localhost:8123/mascot/mascot.js:601:23)
[   44476ms] ReferenceError: t is not defined
    at animate (http://localhost:8123/mascot/mascot.js:601:23)
[   44484ms] ReferenceError: t is not defined
    at animate (http://localhost:8123/mascot/mascot.js:601:23)
[   44492ms] ReferenceError: t is not defined
    at animate (http://localhost:8123/mascot/mascot.js:601:23)
[   44501ms] ReferenceError: t is not defined
    at animate (http://localhost:8123/mascot/mascot.js:601:23)
[   44510ms] ReferenceError: t is not defined
    at animate (http://localhost:8123/mascot/mascot.js:601:23)
[   44519ms] ReferenceError: t is not defined
    at animate (http://localhost:8123/mascot/mascot.js:601:23)
[   44527ms] ReferenceError: t is not defined
    at animate (http://localhost:8123/mascot/mascot.js:601:23)
[   44535ms] ReferenceError: t is not defined
    at animate (http://localhost:8123/mascot/mascot.js:601:23)
[   44543ms] ReferenceError: t is not defined
    at animate (http://localhost:8123/mascot/mascot.js:601:23)
[   44551ms] ReferenceError: t is not defined
    at animate (http://localhost:8123/mascot/mascot.js:601:23)
[   44560ms] ReferenceError: t is not defined
    at animate (http://localhost:8123/mascot/mascot.js:601:23)
[   44568ms] ReferenceError: t is not defined
    at animate (http://localhost:8123/mascot/mascot.js:601:23)
[   44577ms] ReferenceError: t is not defined
    at animate (http://localhost:8123/mascot/mascot.js:601:23)
[   44585ms] ReferenceError: t is not defined
    at animate (http://localhost:8123/mascot/mascot.js:601:23)
[   44594ms] ReferenceError: t is not defined
    at animate (http://localhost:8123/mascot/mascot.js:601:23)
[   44602ms] ReferenceError: t is not defined
    at animate (http://localhost:8123/mascot/mascot.js:601:23)
[   44610ms] ReferenceError: t is not defined
    at animate (http://localhost:8123/mascot/mascot.js:601:23)
[   44618ms] ReferenceError: t is not defined
    at animate (http://localhost:8123/mascot/mascot.js:601:23)
[   44627ms] ReferenceError: t is not defined
    at animate (http://localhost:8123/mascot/mascot.js:601:23)
[   44635ms] ReferenceError: t is not defined
    at animate (http://localhost:8123/mascot/mascot.js:601:23)
[   44643ms] ReferenceError: t is not defined
    at animate (http://localhost:8123/mascot/mascot.js:601:23)
[   44652ms] ReferenceError: t is not defined
    at animate (http://localhost:8123/mascot/mascot.js:601:23)
[   44661ms] ReferenceError: t is not defined
    at animate (http://localhost:8123/mascot/mascot.js:601:23)
[   44669ms] ReferenceError: t is not defined
    at animate (http://localhost:8123/mascot/mascot.js:601:23)
[   44677ms] ReferenceError: t is not defined
    at animate (http://localhost:8123/mascot/mascot.js:601:23)
[   44685ms] ReferenceError: t is not defined
    at animate (http://localhost:8123/mascot/mascot.js:601:23)
[   44693ms] ReferenceError: t is not defined
    at animate (http://localhost:8123/mascot/mascot.js:601:23)
[   44702ms] ReferenceError: t is not defined
    at animate (http://localhost:8123/mascot/mascot.js:601:23)
[   44711ms] ReferenceError: t is not defined
    at animate (http://localhost:8123/mascot/mascot.js:601:23)
[   44719ms] ReferenceError: t is not defined
    at animate (http://localhost:8123/mascot/mascot.js:601:23)
[   44727ms] ReferenceError: t is not defined
    at animate (http://localhost:8123/mascot/mascot.js:601:23)
[   44735ms] ReferenceError: t is not defined
    at animate (http://localhost:8123/mascot/mascot.js:601:23)
[   44744ms] ReferenceError: t is not defined
    at animate (http://localhost:8123/mascot/mascot.js:601:23)
[   44752ms] ReferenceError: t is not defined
    at animate (http://localhost:8123/mascot/mascot.js:601:23)
[   44760ms] ReferenceError: t is not defined
    at animate (http://localhost:8123/mascot/mascot.js:601:23)
[   44769ms] ReferenceError: t is not defined
    at animate (http://localhost:8123/mascot/mascot.js:601:23)
[   44777ms] ReferenceError: t is not defined
    at animate (http://localhost:8123/mascot/mascot.js:601:23)
[   44785ms] ReferenceError: t is not defined
    at animate (http://localhost:8123/mascot/mascot.js:601:23)
[   44793ms] ReferenceError: t is not defined
    at animate (http://localhost:8123/mascot/mascot.js:601:23)
[   44803ms] ReferenceError: t is not defined
    at animate (http://localhost:8123/mascot/mascot.js:601:23)
[   44810ms] ReferenceError: t is not defined
    at animate (http://localhost:8123/mascot/mascot.js:601:23)
[   44819ms] ReferenceError: t is not defined
    at animate (http://localhost:8123/mascot/mascot.js:601:23)
[   44827ms] ReferenceError: t is not defined
    at animate (http://localhost:8123/mascot/mascot.js:601:23)
[   44835ms] ReferenceError: t is not defined
    at animate (http://localhost:8123/mascot/mascot.js:601:23)
[   44844ms] ReferenceError: t is not defined
    at animate (http://localhost:8123/mascot/mascot.js:601:23)
[   44852ms] ReferenceError: t is not defined
    at animate (http://localhost:8123/mascot/mascot.js:601:23)
[   44861ms] ReferenceError: t is not defined
    at animate (http://localhost:8123/mascot/mascot.js:601:23)
[   44869ms] ReferenceError: t is not defined
    at animate (http://localhost:8123/mascot/mascot.js:601:23)
[   44876ms] ReferenceError: t is not defined
    at animate (http://localhost:8123/mascot/mascot.js:601:23)
[   44885ms] ReferenceError: t is not defined
    at animate (http://localhost:8123/mascot/mascot.js:601:23)
[   44894ms] ReferenceError: t is not defined
    at animate (http://localhost:8123/mascot/mascot.js:601:23)
[   44902ms] ReferenceError: t is not defined
    at animate (http://localhost:8123/mascot/mascot.js:601:23)
[   44919ms] ReferenceError: t is not defined
    at animate (http://localhost:8123/mascot/mascot.js:601:23)
[   44920ms] ReferenceError: t is not defined
    at animate (http://localhost:8123/mascot/mascot.js:601:23)
[   44928ms] ReferenceError: t is not defined
    at animate (http://localhost:8123/mascot/mascot.js:601:23)
[   44936ms] ReferenceError: t is not defined
    at animate (http://localhost:8123/mascot/mascot.js:601:23)
[   44945ms] ReferenceError: t is not defined
    at animate (http://localhost:8123/mascot/mascot.js:601:23)
[   44953ms] ReferenceError: t is not defined
    at animate (http://localhost:8123/mascot/mascot.js:601:23)
[   44960ms] ReferenceError: t is not defined
    at animate (http://localhost:8123/mascot/mascot.js:601:23)
[   44969ms] ReferenceError: t is not defined
    at animate (http://localhost:8123/mascot/mascot.js:601:23)
[   44976ms] ReferenceError: t is not defined
    at animate (http://localhost:8123/mascot/mascot.js:601:23)
[   44985ms] ReferenceError: t is not defined
    at animate (http://localhost:8123/mascot/mascot.js:601:23)
[   44993ms] ReferenceError: t is not defined
    at animate (http://localhost:8123/mascot/mascot.js:601:23)
[   45002ms] ReferenceError: t is not defined
    at animate (http://localhost:8123/mascot/mascot.js:601:23)
[   45010ms] ReferenceError: t is not defined
    at animate (http://localhost:8123/mascot/mascot.js:601:23)
[   45018ms] ReferenceError: t is not defined
    at animate (http://localhost:8123/mascot/mascot.js:601:23)
[   45027ms] ReferenceError: t is not defined
    at animate (http://localhost:8123/mascot/mascot.js:601:23)
[   45035ms] ReferenceError: t is not defined
    at animate (http://localhost:8123/mascot/mascot.js:601:23)
[   45043ms] ReferenceError: t is not defined
    at animate (http://localhost:8123/mascot/mascot.js:601:23)
[   45051ms] ReferenceError: t is not defined
    at animate (http://localhost:8123/mascot/mascot.js:601:23)
[   45060ms] ReferenceError: t is not defined
    at animate (http://localhost:8123/mascot/mascot.js:601:23)
[   45068ms] ReferenceError: t is not defined
    at animate (http://localhost:8123/mascot/mascot.js:601:23)
[   45076ms] ReferenceError: t is not defined
    at animate (http://localhost:8123/mascot/mascot.js:601:23)
[   45085ms] ReferenceError: t is not defined
    at animate (http://localhost:8123/mascot/mascot.js:601:23)
[   45094ms] ReferenceError: t is not defined
    at animate (http://localhost:8123/mascot/mascot.js:601:23)
[   45101ms] ReferenceError: t is not defined
    at animate (http://localhost:8123/mascot/mascot.js:601:23)
[   45110ms] ReferenceError: t is not defined
    at animate (http://localhost:8123/mascot/mascot.js:601:23)
[   45118ms] ReferenceError: t is not defined
    at animate (http://localhost:8123/mascot/mascot.js:601:23)
[   45127ms] ReferenceError: t is not defined
    at animate (http://localhost:8123/mascot/mascot.js:601:23)
[   45135ms] ReferenceError: t is not defined
    at animate (http://localhost:8123/mascot/mascot.js:601:23)
[   45143ms] ReferenceError: t is not defined
    at animate (http://localhost:8123/mascot/mascot.js:601:23)
[   45151ms] ReferenceError: t is not defined
    at animate (http://localhost:8123/mascot/mascot.js:601:23)
[   45160ms] ReferenceError: t is not defined
    at animate (http://localhost:8123/mascot/mascot.js:601:23)
[   45168ms] ReferenceError: t is not defined
    at animate (http://localhost:8123/mascot/mascot.js:601:23)
[   45177ms] ReferenceError: t is not defined
    at animate (http://localhost:8123/mascot/mascot.js:601:23)
[   45187ms] ReferenceError: t is not defined
    at animate (http://localhost:8123/mascot/mascot.js:601:23)
[   45194ms] ReferenceError: t is not defined
    at animate (http://localhost:8123/mascot/mascot.js:601:23)
[   45202ms] ReferenceError: t is not defined
    at animate (http://localhost:8123/mascot/mascot.js:601:23)
[   45210ms] ReferenceError: t is not defined
    at animate (http://localhost:8123/mascot/mascot.js:601:23)
[   45219ms] ReferenceError: t is not defined
    at animate (http://localhost:8123/mascot/mascot.js:601:23)
[   45228ms] ReferenceError: t is not defined
    at animate (http://localhost:8123/mascot/mascot.js:601:23)
[   45236ms] ReferenceError: t is not defined
    at animate (http://localhost:8123/mascot/mascot.js:601:23)
[   45244ms] ReferenceError: t is not defined
    at animate (http://localhost:8123/mascot/mascot.js:601:23)
[   45253ms] ReferenceError: t is not defined
    at animate (http://localhost:8123/mascot/mascot.js:601:23)
[   45261ms] ReferenceError: t is not defined
    at animate (http://localhost:8123/mascot/mascot.js:601:23)
[   45269ms] ReferenceError: t is not defined
    at animate (http://localhost:8123/mascot/mascot.js:601:23)
[   45277ms] ReferenceError: t is not defined
    at animate (http://localhost:8123/mascot/mascot.js:601:23)
[   45285ms] ReferenceError: t is not defined
    at animate (http://localhost:8123/mascot/mascot.js:601:23)
[   45294ms] ReferenceError: t is not defined
    at animate (http://localhost:8123/mascot/mascot.js:601:23)
[   45302ms] ReferenceError: t is not defined
    at animate (http://localhost:8123/mascot/mascot.js:601:23)
[   45311ms] ReferenceError: t is not defined
    at animate (http://localhost:8123/mascot/mascot.js:601:23)
[   45319ms] ReferenceError: t is not defined
    at animate (http://localhost:8123/mascot/mascot.js:601:23)
[   45328ms] ReferenceError: t is not defined
    at animate (http://localhost:8123/mascot/mascot.js:601:23)
[   45336ms] ReferenceError: t is not defined
    at animate (http://localhost:8123/mascot/mascot.js:601:23)
[   45344ms] ReferenceError: t is not defined
    at animate (http://localhost:8123/mascot/mascot.js:601:23)
[   45353ms] ReferenceError: t is not defined
    at animate (http://localhost:8123/mascot/mascot.js:601:23)
[   45361ms] ReferenceError: t is not defined
    at animate (http://localhost:8123/mascot/mascot.js:601:23)
[   45369ms] ReferenceError: t is not defined
    at animate (http://localhost:8123/mascot/mascot.js:601:23)
[   45377ms] ReferenceError: t is not defined
    at animate (http://localhost:8123/mascot/mascot.js:601:23)
[   45386ms] ReferenceError: t is not defined
    at animate (http://localhost:8123/mascot/mascot.js:601:23)
[   45394ms] ReferenceError: t is not defined
    at animate (http://localhost:8123/mascot/mascot.js:601:23)
[   45402ms] ReferenceError: t is not defined
    at animate (http://localhost:8123/mascot/mascot.js:601:23)
[   45411ms] ReferenceError: t is not defined
    at animate (http://localhost:8123/mascot/mascot.js:601:23)
[   45418ms] ReferenceError: t is not defined
    at animate (http://localhost:8123/mascot/mascot.js:601:23)
[   45427ms] ReferenceError: t is not defined
    at animate (http://localhost:8123/mascot/mascot.js:601:23)
[   45435ms] ReferenceError: t is not defined
    at animate (http://localhost:8123/mascot/mascot.js:601:23)
[   45443ms] ReferenceError: t is not defined
    at animate (http://localhost:8123/mascot/mascot.js:601:23)
[   45452ms] ReferenceError: t is not defined
    at animate (http://localhost:8123/mascot/mascot.js:601:23)
[   45460ms] ReferenceError: t is not defined
    at animate (http://localhost:8123/mascot/mascot.js:601:23)
[   45469ms] ReferenceError: t is not defined
    at animate (http://localhost:8123/mascot/mascot.js:601:23)
[   45477ms] ReferenceError: t is not defined
    at animate (http://localhost:8123/mascot/mascot.js:601:23)
[   45485ms] ReferenceError: t is not defined
    at animate (http://localhost:8123/mascot/mascot.js:601:23)
[   45494ms] ReferenceError: t is not defined
    at animate (http://localhost:8123/mascot/mascot.js:601:23)
[   45503ms] ReferenceError: t is not defined
    at animate (http://localhost:8123/mascot/mascot.js:601:23)
[   45510ms] ReferenceError: t is not defined
    at animate (http://localhost:8123/mascot/mascot.js:601:23)
[   45518ms] ReferenceError: t is not defined
    at animate (http://localhost:8123/mascot/mascot.js:601:23)
[   45527ms] ReferenceError: t is not defined
    at animate (http://localhost:8123/mascot/mascot.js:601:23)
[   45536ms] ReferenceError: t is not defined
    at animate (http://localhost:8123/mascot/mascot.js:601:23)
[   45544ms] ReferenceError: t is not defined
    at animate (http://localhost:8123/mascot/mascot.js:601:23)
[   45553ms] ReferenceError: t is not defined
    at animate (http://localhost:8123/mascot/mascot.js:601:23)
[   45560ms] ReferenceError: t is not defined
    at animate (http://localhost:8123/mascot/mascot.js:601:23)
[   45569ms] ReferenceError: t is not defined
    at animate (http://localhost:8123/mascot/mascot.js:601:23)
[   45577ms] ReferenceError: t is not defined
    at animate (http://localhost:8123/mascot/mascot.js:601:23)
[   45586ms] ReferenceError: t is not defined
    at animate (http://localhost:8123/mascot/mascot.js:601:23)
[   45594ms] ReferenceError: t is not defined
    at animate (http://localhost:8123/mascot/mascot.js:601:23)
[   45602ms] ReferenceError: t is not defined
    at animate (http://localhost:8123/mascot/mascot.js:601:23)
[   45611ms] ReferenceError: t is not defined
    at animate (http://localhost:8123/mascot/mascot.js:601:23)
[   45618ms] ReferenceError: t is not defined
    at animate (http://localhost:8123/mascot/mascot.js:601:23)
[   45627ms] ReferenceError: t is not defined
    at animate (http://localhost:8123/mascot/mascot.js:601:23)
[   45635ms] ReferenceError: t is not defined
    at animate (http://localhost:8123/mascot/mascot.js:601:23)
[   45644ms] ReferenceError: t is not defined
    at animate (http://localhost:8123/mascot/mascot.js:601:23)
[   45652ms] ReferenceError: t is not defined
    at animate (http://localhost:8123/mascot/mascot.js:601:23)
[   45660ms] ReferenceError: t is not defined
    at animate (http://localhost:8123/mascot/mascot.js:601:23)
[   45669ms] ReferenceError: t is not defined
    at animate (http://localhost:8123/mascot/mascot.js:601:23)
[   45677ms] ReferenceError: t is not defined
    at animate (http://localhost:8123/mascot/mascot.js:601:23)
[   45685ms] ReferenceError: t is not defined
    at animate (http://localhost:8123/mascot/mascot.js:601:23)
[   45694ms] ReferenceError: t is not defined
    at animate (http://localhost:8123/mascot/mascot.js:601:23)
[   45702ms] ReferenceError: t is not defined
    at animate (http://localhost:8123/mascot/mascot.js:601:23)
[   45711ms] ReferenceError: t is not defined
    at animate (http://localhost:8123/mascot/mascot.js:601:23)
[   45719ms] ReferenceError: t is not defined
    at animate (http://localhost:8123/mascot/mascot.js:601:23)
[   45727ms] ReferenceError: t is not defined
    at animate (http://localhost:8123/mascot/mascot.js:601:23)
[   45736ms] ReferenceError: t is not defined
    at animate (http://localhost:8123/mascot/mascot.js:601:23)
[   45744ms] ReferenceError: t is not defined
    at animate (http://localhost:8123/mascot/mascot.js:601:23)
[   45754ms] ReferenceError: t is not defined
    at animate (http://localhost:8123/mascot/mascot.js:601:23)
[   45760ms] ReferenceError: t is not defined
    at animate (http://localhost:8123/mascot/mascot.js:601:23)
[   45769ms] ReferenceError: t is not defined
    at animate (http://localhost:8123/mascot/mascot.js:601:23)
[   45777ms] ReferenceError: t is not defined
    at animate (http://localhost:8123/mascot/mascot.js:601:23)
[   45786ms] ReferenceError: t is not defined
    at animate (http://localhost:8123/mascot/mascot.js:601:23)
[   45794ms] ReferenceError: t is not defined
    at animate (http://localhost:8123/mascot/mascot.js:601:23)
[   45802ms] ReferenceError: t is not defined
    at animate (http://localhost:8123/mascot/mascot.js:601:23)
[   45812ms] ReferenceError: t is not defined
    at animate (http://localhost:8123/mascot/mascot.js:601:23)
[   45819ms] ReferenceError: t is not defined
    at animate (http://localhost:8123/mascot/mascot.js:601:23)
[   45827ms] ReferenceError: t is not defined
    at animate (http://localhost:8123/mascot/mascot.js:601:23)
[   45837ms] ReferenceError: t is not defined
    at animate (http://localhost:8123/mascot/mascot.js:601:23)
[   45844ms] ReferenceError: t is not defined
    at animate (http://localhost:8123/mascot/mascot.js:601:23)
[   45852ms] ReferenceError: t is not defined
    at animate (http://localhost:8123/mascot/mascot.js:601:23)
[   45862ms] ReferenceError: t is not defined
    at animate (http://localhost:8123/mascot/mascot.js:601:23)
[   45869ms] ReferenceError: t is not defined
    at animate (http://localhost:8123/mascot/mascot.js:601:23)
[   45878ms] ReferenceError: t is not defined
    at animate (http://localhost:8123/mascot/mascot.js:601:23)
[   45886ms] ReferenceError: t is not defined
    at animate (http://localhost:8123/mascot/mascot.js:601:23)
[   45894ms] ReferenceError: t is not defined
    at animate (http://localhost:8123/mascot/mascot.js:601:23)
[   45902ms] ReferenceError: t is not defined
    at animate (http://localhost:8123/mascot/mascot.js:601:23)
[   45911ms] ReferenceError: t is not defined
    at animate (http://localhost:8123/mascot/mascot.js:601:23)
[   45919ms] ReferenceError: t is not defined
    at animate (http://localhost:8123/mascot/mascot.js:601:23)
[   45928ms] ReferenceError: t is not defined
    at animate (http://localhost:8123/mascot/mascot.js:601:23)
[   45936ms] ReferenceError: t is not defined
    at animate (http://localhost:8123/mascot/mascot.js:601:23)
[   45952ms] ReferenceError: t is not defined
    at animate (http://localhost:8123/mascot/mascot.js:601:23)
[   45953ms] ReferenceError: t is not defined
    at animate (http://localhost:8123/mascot/mascot.js:601:23)
[   45962ms] ReferenceError: t is not defined
    at animate (http://localhost:8123/mascot/mascot.js:601:23)
[   45970ms] ReferenceError: t is not defined
    at animate (http://localhost:8123/mascot/mascot.js:601:23)
[   45978ms] ReferenceError: t is not defined
    at animate (http://localhost:8123/mascot/mascot.js:601:23)
[   45986ms] ReferenceError: t is not defined
    at animate (http://localhost:8123/mascot/mascot.js:601:23)
[   45994ms] ReferenceError: t is not defined
    at animate (http://localhost:8123/mascot/mascot.js:601:23)
[   46002ms] ReferenceError: t is not defined
    at animate (http://localhost:8123/mascot/mascot.js:601:23)
[   46011ms] ReferenceError: t is not defined
    at animate (http://localhost:8123/mascot/mascot.js:601:23)
[   46019ms] ReferenceError: t is not defined
    at animate (http://localhost:8123/mascot/mascot.js:601:23)
[   46027ms] ReferenceError: t is not defined
    at animate (http://localhost:8123/mascot/mascot.js:601:23)
[   46036ms] ReferenceError: t is not defined
    at animate (http://localhost:8123/mascot/mascot.js:601:23)
[   46044ms] ReferenceError: t is not defined
    at animate (http://localhost:8123/mascot/mascot.js:601:23)
[   46052ms] ReferenceError: t is not defined
    at animate (http://localhost:8123/mascot/mascot.js:601:23)
[   46060ms] ReferenceError: t is not defined
    at animate (http://localhost:8123/mascot/mascot.js:601:23)
[   46068ms] ReferenceError: t is not defined
    at animate (http://localhost:8123/mascot/mascot.js:601:23)
[   46077ms] ReferenceError: t is not defined
    at animate (http://localhost:8123/mascot/mascot.js:601:23)
[   46086ms] ReferenceError: t is not defined
    at animate (http://localhost:8123/mascot/mascot.js:601:23)
[   46094ms] ReferenceError: t is not defined
    at animate (http://localhost:8123/mascot/mascot.js:601:23)
[   46102ms] ReferenceError: t is not defined
    at animate (http://localhost:8123/mascot/mascot.js:601:23)
[   46111ms] ReferenceError: t is not defined
    at animate (http://localhost:8123/mascot/mascot.js:601:23)
[   46118ms] ReferenceError: t is not defined
    at animate (http://localhost:8123/mascot/mascot.js:601:23)
[   46127ms] ReferenceError: t is not defined
    at animate (http://localhost:8123/mascot/mascot.js:601:23)
[   46135ms] ReferenceError: t is not defined
    at animate (http://localhost:8123/mascot/mascot.js:601:23)
[   46144ms] ReferenceError: t is not defined
    at animate (http://localhost:8123/mascot/mascot.js:601:23)
[   46152ms] ReferenceError: t is not defined
    at animate (http://localhost:8123/mascot/mascot.js:601:23)
[   46160ms] ReferenceError: t is not defined
    at animate (http://localhost:8123/mascot/mascot.js:601:23)
[   46168ms] ReferenceError: t is not defined
    at animate (http://localhost:8123/mascot/mascot.js:601:23)
[   46177ms] ReferenceError: t is not defined
    at animate (http://localhost:8123/mascot/mascot.js:601:23)
[   46185ms] ReferenceError: t is not defined
    at animate (http://localhost:8123/mascot/mascot.js:601:23)
[   46193ms] ReferenceError: t is not defined
    at animate (http://localhost:8123/mascot/mascot.js:601:23)
[   46201ms] ReferenceError: t is not defined
    at animate (http://localhost:8123/mascot/mascot.js:601:23)
[   46210ms] ReferenceError: t is not defined
    at animate (http://localhost:8123/mascot/mascot.js:601:23)
[   46218ms] ReferenceError: t is not defined
    at animate (http://localhost:8123/mascot/mascot.js:601:23)
[   46227ms] ReferenceError: t is not defined
    at animate (http://localhost:8123/mascot/mascot.js:601:23)
[   46235ms] ReferenceError: t is not defined
    at animate (http://localhost:8123/mascot/mascot.js:601:23)
[   46243ms] ReferenceError: t is not defined
    at animate (http://localhost:8123/mascot/mascot.js:601:23)
[   46252ms] ReferenceError: t is not defined
    at animate (http://localhost:8123/mascot/mascot.js:601:23)
[   46261ms] ReferenceError: t is not defined
    at animate (http://localhost:8123/mascot/mascot.js:601:23)
[   46269ms] ReferenceError: t is not defined
    at animate (http://localhost:8123/mascot/mascot.js:601:23)
[   46276ms] ReferenceError: t is not defined
    at animate (http://localhost:8123/mascot/mascot.js:601:23)
[   46286ms] ReferenceError: t is not defined
    at animate (http://localhost:8123/mascot/mascot.js:601:23)
[   46294ms] ReferenceError: t is not defined
    at animate (http://localhost:8123/mascot/mascot.js:601:23)
[   46302ms] ReferenceError: t is not defined
    at animate (http://localhost:8123/mascot/mascot.js:601:23)
[   46311ms] ReferenceError: t is not defined
    at animate (http://localhost:8123/mascot/mascot.js:601:23)
[   46319ms] ReferenceError: t is not defined
    at animate (http://localhost:8123/mascot/mascot.js:601:23)
[   46327ms] ReferenceError: t is not defined
    at animate (http://localhost:8123/mascot/mascot.js:601:23)
[   46336ms] ReferenceError: t is not defined
    at animate (http://localhost:8123/mascot/mascot.js:601:23)
[   46344ms] ReferenceError: t is not defined
    at animate (http://localhost:8123/mascot/mascot.js:601:23)
[   46352ms] ReferenceError: t is not defined
    at animate (http://localhost:8123/mascot/mascot.js:601:23)
[   46361ms] ReferenceError: t is not defined
    at animate (http://localhost:8123/mascot/mascot.js:601:23)
[   46370ms] ReferenceError: t is not defined
    at animate (http://localhost:8123/mascot/mascot.js:601:23)
[   46378ms] ReferenceError: t is not defined
    at animate (http://localhost:8123/mascot/mascot.js:601:23)
[   46386ms] ReferenceError: t is not defined
    at animate (http://localhost:8123/mascot/mascot.js:601:23)
[   46394ms] ReferenceError: t is not defined
    at animate (http://localhost:8123/mascot/mascot.js:601:23)
[   46402ms] ReferenceError: t is not defined
    at animate (http://localhost:8123/mascot/mascot.js:601:23)
[   46411ms] ReferenceError: t is not defined
    at animate (http://localhost:8123/mascot/mascot.js:601:23)
[   46419ms] ReferenceError: t is not defined
    at animate (http://localhost:8123/mascot/mascot.js:601:23)
[   46427ms] ReferenceError: t is not defined
    at animate (http://localhost:8123/mascot/mascot.js:601:23)
[   46435ms] ReferenceError: t is not defined
    at animate (http://localhost:8123/mascot/mascot.js:601:23)
[   46444ms] ReferenceError: t is not defined
    at animate (http://localhost:8123/mascot/mascot.js:601:23)
[   46450ms] ReferenceError: t is not defined
    at animate (http://localhost:8123/mascot/mascot.js:601:23)
[   46458ms] ReferenceError: t is not defined
    at animate (http://localhost:8123/mascot/mascot.js:601:23)
[   46467ms] ReferenceError: t is not defined
    at animate (http://localhost:8123/mascot/mascot.js:601:23)
[   46474ms] ReferenceError: t is not defined
    at animate (http://localhost:8123/mascot/mascot.js:601:23)
[   46483ms] ReferenceError: t is not defined
    at animate (http://localhost:8123/mascot/mascot.js:601:23)
[   46490ms] ReferenceError: t is not defined
    at animate (http://localhost:8123/mascot/mascot.js:601:23)
[   46498ms] ReferenceError: t is not defined
    at animate (http://localhost:8123/mascot/mascot.js:601:23)
[   46506ms] ReferenceError: t is not defined
    at animate (http://localhost:8123/mascot/mascot.js:601:23)
[   46515ms] ReferenceError: t is not defined
    at animate (http://localhost:8123/mascot/mascot.js:601:23)
[   46522ms] ReferenceError: t is not defined
    at animate (http://localhost:8123/mascot/mascot.js:601:23)
[   46531ms] ReferenceError: t is not defined
    at animate (http://localhost:8123/mascot/mascot.js:601:23)
[   46540ms] ReferenceError: t is not defined
    at animate (http://localhost:8123/mascot/mascot.js:601:23)
[   46548ms] ReferenceError: t is not defined
    at animate (http://localhost:8123/mascot/mascot.js:601:23)
[   46556ms] ReferenceError: t is not defined
    at animate (http://localhost:8123/mascot/mascot.js:601:23)
[   46564ms] ReferenceError: t is not defined
    at animate (http://localhost:8123/mascot/mascot.js:601:23)
[   46572ms] ReferenceError: t is not defined
    at animate (http://localhost:8123/mascot/mascot.js:601:23)
[   46582ms] ReferenceError: t is not defined
    at animate (http://localhost:8123/mascot/mascot.js:601:23)
[   46589ms] ReferenceError: t is not defined
    at animate (http://localhost:8123/mascot/mascot.js:601:23)
[   46599ms] ReferenceError: t is not defined
    at animate (http://localhost:8123/mascot/mascot.js:601:23)
[   46606ms] ReferenceError: t is not defined
    at animate (http://localhost:8123/mascot/mascot.js:601:23)
[   46615ms] ReferenceError: t is not defined
    at animate (http://localhost:8123/mascot/mascot.js:601:23)
[   46623ms] ReferenceError: t is not defined
    at animate (http://localhost:8123/mascot/mascot.js:601:23)
[   46632ms] ReferenceError: t is not defined
    at animate (http://localhost:8123/mascot/mascot.js:601:23)
[   46640ms] ReferenceError: t is not defined
    at animate (http://localhost:8123/mascot/mascot.js:601:23)
[   46648ms] ReferenceError: t is not defined
    at animate (http://localhost:8123/mascot/mascot.js:601:23)
[   46657ms] ReferenceError: t is not defined
    at animate (http://localhost:8123/mascot/mascot.js:601:23)
[   46665ms] ReferenceError: t is not defined
    at animate (http://localhost:8123/mascot/mascot.js:601:23)
[   46673ms] ReferenceError: t is not defined
    at animate (http://localhost:8123/mascot/mascot.js:601:23)
[   46681ms] ReferenceError: t is not defined
    at animate (http://localhost:8123/mascot/mascot.js:601:23)
[   46690ms] ReferenceError: t is not defined
    at animate (http://localhost:8123/mascot/mascot.js:601:23)
[   46699ms] ReferenceError: t is not defined
    at animate (http://localhost:8123/mascot/mascot.js:601:23)
[   46707ms] ReferenceError: t is not defined
    at animate (http://localhost:8123/mascot/mascot.js:601:23)
[   46715ms] ReferenceError: t is not defined
    at animate (http://localhost:8123/mascot/mascot.js:601:23)
[   46724ms] ReferenceError: t is not defined
    at animate (http://localhost:8123/mascot/mascot.js:601:23)
[   46732ms] ReferenceError: t is not defined
    at animate (http://localhost:8123/mascot/mascot.js:601:23)
[   46740ms] ReferenceError: t is not defined
    at animate (http://localhost:8123/mascot/mascot.js:601:23)
[   46749ms] ReferenceError: t is not defined
    at animate (http://localhost:8123/mascot/mascot.js:601:23)
[   46756ms] ReferenceError: t is not defined
    at animate (http://localhost:8123/mascot/mascot.js:601:23)
[   46765ms] ReferenceError: t is not defined
    at animate (http://localhost:8123/mascot/mascot.js:601:23)
[   46774ms] ReferenceError: t is not defined
    at animate (http://localhost:8123/mascot/mascot.js:601:23)
[   46782ms] ReferenceError: t is not defined
    at animate (http://localhost:8123/mascot/mascot.js:601:23)
[   46790ms] ReferenceError: t is not defined
    at animate (http://localhost:8123/mascot/mascot.js:601:23)
[   46798ms] ReferenceError: t is not defined
    at animate (http://localhost:8123/mascot/mascot.js:601:23)
[   46807ms] ReferenceError: t is not defined
    at animate (http://localhost:8123/mascot/mascot.js:601:23)
[   46815ms] ReferenceError: t is not defined
    at animate (http://localhost:8123/mascot/mascot.js:601:23)
[   46824ms] ReferenceError: t is not defined
    at animate (http://localhost:8123/mascot/mascot.js:601:23)
[   46832ms] ReferenceError: t is not defined
    at animate (http://localhost:8123/mascot/mascot.js:601:23)
[   46840ms] ReferenceError: t is not defined
    at animate (http://localhost:8123/mascot/mascot.js:601:23)
[   46848ms] ReferenceError: t is not defined
    at animate (http://localhost:8123/mascot/mascot.js:601:23)
[   46858ms] ReferenceError: t is not defined
    at animate (http://localhost:8123/mascot/mascot.js:601:23)
[   46865ms] ReferenceError: t is not defined
    at animate (http://localhost:8123/mascot/mascot.js:601:23)
[   46873ms] ReferenceError: t is not defined
    at animate (http://localhost:8123/mascot/mascot.js:601:23)
[   46882ms] ReferenceError: t is not defined
    at animate (http://localhost:8123/mascot/mascot.js:601:23)
[   46890ms] ReferenceError: t is not defined
    at animate (http://localhost:8123/mascot/mascot.js:601:23)
[   46899ms] ReferenceError: t is not defined
    at animate (http://localhost:8123/mascot/mascot.js:601:23)
[   46907ms] ReferenceError: t is not defined
    at animate (http://localhost:8123/mascot/mascot.js:601:23)
[   46915ms] ReferenceError: t is not defined
    at animate (http://localhost:8123/mascot/mascot.js:601:23)
[   46923ms] ReferenceError: t is not defined
    at animate (http://localhost:8123/mascot/mascot.js:601:23)
[   46931ms] ReferenceError: t is not defined
    at animate (http://localhost:8123/mascot/mascot.js:601:23)
[   46940ms] ReferenceError: t is not defined
    at animate (http://localhost:8123/mascot/mascot.js:601:23)
[   46948ms] ReferenceError: t is not defined
    at animate (http://localhost:8123/mascot/mascot.js:601:23)
[   46956ms] ReferenceError: t is not defined
    at animate (http://localhost:8123/mascot/mascot.js:601:23)
[   46965ms] ReferenceError: t is not defined
    at animate (http://localhost:8123/mascot/mascot.js:601:23)
[   46977ms] ReferenceError: t is not defined
    at animate (http://localhost:8123/mascot/mascot.js:601:23)
[   46982ms] ReferenceError: t is not defined
    at animate (http://localhost:8123/mascot/mascot.js:601:23)
[   46990ms] ReferenceError: t is not defined
    at animate (http://localhost:8123/mascot/mascot.js:601:23)
[   46999ms] ReferenceError: t is not defined
    at animate (http://localhost:8123/mascot/mascot.js:601:23)
[   47006ms] ReferenceError: t is not defined
    at animate (http://localhost:8123/mascot/mascot.js:601:23)
[   47015ms] ReferenceError: t is not defined
    at animate (http://localhost:8123/mascot/mascot.js:601:23)
[   47023ms] ReferenceError: t is not defined
    at animate (http://localhost:8123/mascot/mascot.js:601:23)
[   47031ms] ReferenceError: t is not defined
    at animate (http://localhost:8123/mascot/mascot.js:601:23)
[   47039ms] ReferenceError: t is not defined
    at animate (http://localhost:8123/mascot/mascot.js:601:23)
[   47048ms] ReferenceError: t is not defined
    at animate (http://localhost:8123/mascot/mascot.js:601:23)
[   47056ms] ReferenceError: t is not defined
    at animate (http://localhost:8123/mascot/mascot.js:601:23)
[   47065ms] ReferenceError: t is not defined
    at animate (http://localhost:8123/mascot/mascot.js:601:23)
[   47072ms] ReferenceError: t is not defined
    at animate (http://localhost:8123/mascot/mascot.js:601:23)
[   47080ms] ReferenceError: t is not defined
    at animate (http://localhost:8123/mascot/mascot.js:601:23)
[   47090ms] ReferenceError: t is not defined
    at animate (http://localhost:8123/mascot/mascot.js:601:23)
[   47098ms] ReferenceError: t is not defined
    at animate (http://localhost:8123/mascot/mascot.js:601:23)
[   47106ms] ReferenceError: t is not defined
    at animate (http://localhost:8123/mascot/mascot.js:601:23)
[   47114ms] ReferenceError: t is not defined
    at animate (http://localhost:8123/mascot/mascot.js:601:23)
[   47123ms] ReferenceError: t is not defined
    at animate (http://localhost:8123/mascot/mascot.js:601:23)
[   47131ms] ReferenceError: t is not defined
    at animate (http://localhost:8123/mascot/mascot.js:601:23)
[   47139ms] ReferenceError: t is not defined
    at animate (http://localhost:8123/mascot/mascot.js:601:23)
[   47147ms] ReferenceError: t is not defined
    at animate (http://localhost:8123/mascot/mascot.js:601:23)
[   47156ms] ReferenceError: t is not defined
    at animate (http://localhost:8123/mascot/mascot.js:601:23)
[   47164ms] ReferenceError: t is not defined
    at animate (http://localhost:8123/mascot/mascot.js:601:23)
[   47173ms] ReferenceError: t is not defined
    at animate (http://localhost:8123/mascot/mascot.js:601:23)
[   47181ms] ReferenceError: t is not defined
    at animate (http://localhost:8123/mascot/mascot.js:601:23)
[   47189ms] ReferenceError: t is not defined
    at animate (http://localhost:8123/mascot/mascot.js:601:23)
[   47197ms] ReferenceError: t is not defined
    at animate (http://localhost:8123/mascot/mascot.js:601:23)
[   47205ms] ReferenceError: t is not defined
    at animate (http://localhost:8123/mascot/mascot.js:601:23)
[   47214ms] ReferenceError: t is not defined
    at animate (http://localhost:8123/mascot/mascot.js:601:23)
[   47222ms] ReferenceError: t is not defined
    at animate (http://localhost:8123/mascot/mascot.js:601:23)
[   47231ms] ReferenceError: t is not defined
    at animate (http://localhost:8123/mascot/mascot.js:601:23)
[   47240ms] ReferenceError: t is not defined
    at animate (http://localhost:8123/mascot/mascot.js:601:23)
[   47247ms] ReferenceError: t is not defined
    at animate (http://localhost:8123/mascot/mascot.js:601:23)
[   47257ms] ReferenceError: t is not defined
    at animate (http://localhost:8123/mascot/mascot.js:601:23)
[   47264ms] ReferenceError: t is not defined
    at animate (http://localhost:8123/mascot/mascot.js:601:23)
[   47272ms] ReferenceError: t is not defined
    at animate (http://localhost:8123/mascot/mascot.js:601:23)
[   47281ms] ReferenceError: t is not defined
    at animate (http://localhost:8123/mascot/mascot.js:601:23)
[   47289ms] ReferenceError: t is not defined
    at animate (http://localhost:8123/mascot/mascot.js:601:23)
[   47297ms] ReferenceError: t is not defined
    at animate (http://localhost:8123/mascot/mascot.js:601:23)
[   47306ms] ReferenceError: t is not defined
    at animate (http://localhost:8123/mascot/mascot.js:601:23)
[   47315ms] ReferenceError: t is not defined
    at animate (http://localhost:8123/mascot/mascot.js:601:23)
[   47322ms] ReferenceError: t is not defined
    at animate (http://localhost:8123/mascot/mascot.js:601:23)
[   47331ms] ReferenceError: t is not defined
    at animate (http://localhost:8123/mascot/mascot.js:601:23)
[   47340ms] ReferenceError: t is not defined
    at animate (http://localhost:8123/mascot/mascot.js:601:23)
[   47348ms] ReferenceError: t is not defined
    at animate (http://localhost:8123/mascot/mascot.js:601:23)
[   47356ms] ReferenceError: t is not defined
    at animate (http://localhost:8123/mascot/mascot.js:601:23)
[   47365ms] ReferenceError: t is not defined
    at animate (http://localhost:8123/mascot/mascot.js:601:23)
[   47373ms] ReferenceError: t is not defined
    at animate (http://localhost:8123/mascot/mascot.js:601:23)
[   47382ms] ReferenceError: t is not defined
    at animate (http://localhost:8123/mascot/mascot.js:601:23)
[   47389ms] ReferenceError: t is not defined
    at animate (http://localhost:8123/mascot/mascot.js:601:23)
[   47397ms] ReferenceError: t is not defined
    at animate (http://localhost:8123/mascot/mascot.js:601:23)
[   47406ms] ReferenceError: t is not defined
    at animate (http://localhost:8123/mascot/mascot.js:601:23)
[   47414ms] ReferenceError: t is not defined
    at animate (http://localhost:8123/mascot/mascot.js:601:23)
[   47423ms] ReferenceError: t is not defined
    at animate (http://localhost:8123/mascot/mascot.js:601:23)
[   47431ms] ReferenceError: t is not defined
    at animate (http://localhost:8123/mascot/mascot.js:601:23)
[   47440ms] ReferenceError: t is not defined
    at animate (http://localhost:8123/mascot/mascot.js:601:23)
[   47448ms] ReferenceError: t is not defined
    at animate (http://localhost:8123/mascot/mascot.js:601:23)
[   47456ms] ReferenceError: t is not defined
    at animate (http://localhost:8123/mascot/mascot.js:601:23)
[   47465ms] ReferenceError: t is not defined
    at animate (http://localhost:8123/mascot/mascot.js:601:23)
[   47473ms] ReferenceError: t is not defined
    at animate (http://localhost:8123/mascot/mascot.js:601:23)
[   47482ms] ReferenceError: t is not defined
    at animate (http://localhost:8123/mascot/mascot.js:601:23)
[   47490ms] ReferenceError: t is not defined
    at animate (http://localhost:8123/mascot/mascot.js:601:23)
[   47498ms] ReferenceError: t is not defined
    at animate (http://localhost:8123/mascot/mascot.js:601:23)
[   47506ms] ReferenceError: t is not defined
    at animate (http://localhost:8123/mascot/mascot.js:601:23)
[   47514ms] ReferenceError: t is not defined
    at animate (http://localhost:8123/mascot/mascot.js:601:23)
[   47522ms] ReferenceError: t is not defined
    at animate (http://localhost:8123/mascot/mascot.js:601:23)
[   47531ms] ReferenceError: t is not defined
    at animate (http://localhost:8123/mascot/mascot.js:601:23)
[   47539ms] ReferenceError: t is not defined
    at animate (http://localhost:8123/mascot/mascot.js:601:23)
[   47548ms] ReferenceError: t is not defined
    at animate (http://localhost:8123/mascot/mascot.js:601:23)
[   47557ms] ReferenceError: t is not defined
    at animate (http://localhost:8123/mascot/mascot.js:601:23)
[   47565ms] ReferenceError: t is not defined
    at animate (http://localhost:8123/mascot/mascot.js:601:23)
[   47573ms] ReferenceError: t is not defined
    at animate (http://localhost:8123/mascot/mascot.js:601:23)
[   47582ms] ReferenceError: t is not defined
    at animate (http://localhost:8123/mascot/mascot.js:601:23)
[   47590ms] ReferenceError: t is not defined
    at animate (http://localhost:8123/mascot/mascot.js:601:23)
[   47599ms] ReferenceError: t is not defined
    at animate (http://localhost:8123/mascot/mascot.js:601:23)
[   47607ms] ReferenceError: t is not defined
    at animate (http://localhost:8123/mascot/mascot.js:601:23)
[   47615ms] ReferenceError: t is not defined
    at animate (http://localhost:8123/mascot/mascot.js:601:23)
[   47624ms] ReferenceError: t is not defined
    at animate (http://localhost:8123/mascot/mascot.js:601:23)
[   47632ms] ReferenceError: t is not defined
    at animate (http://localhost:8123/mascot/mascot.js:601:23)
[   47640ms] ReferenceError: t is not defined
    at animate (http://localhost:8123/mascot/mascot.js:601:23)
[   47649ms] ReferenceError: t is not defined
    at animate (http://localhost:8123/mascot/mascot.js:601:23)
[   47657ms] ReferenceError: t is not defined
    at animate (http://localhost:8123/mascot/mascot.js:601:23)
[   47665ms] ReferenceError: t is not defined
    at animate (http://localhost:8123/mascot/mascot.js:601:23)
[   47674ms] ReferenceError: t is not defined
    at animate (http://localhost:8123/mascot/mascot.js:601:23)
[   47682ms] ReferenceError: t is not defined
    at animate (http://localhost:8123/mascot/mascot.js:601:23)
[   47691ms] ReferenceError: t is not defined
    at animate (http://localhost:8123/mascot/mascot.js:601:23)
[   47699ms] ReferenceError: t is not defined
    at animate (http://localhost:8123/mascot/mascot.js:601:23)
[   47706ms] ReferenceError: t is not defined
    at animate (http://localhost:8123/mascot/mascot.js:601:23)
[   47715ms] ReferenceError: t is not defined
    at animate (http://localhost:8123/mascot/mascot.js:601:23)
[   47735ms] ReferenceError: t is not defined
    at animate (http://localhost:8123/mascot/mascot.js:601:23)
[   47735ms] ReferenceError: t is not defined
    at animate (http://localhost:8123/mascot/mascot.js:601:23)
[   47740ms] ReferenceError: t is not defined
    at animate (http://localhost:8123/mascot/mascot.js:601:23)
[   47748ms] ReferenceError: t is not defined
    at animate (http://localhost:8123/mascot/mascot.js:601:23)
[   47757ms] ReferenceError: t is not defined
    at animate (http://localhost:8123/mascot/mascot.js:601:23)
[   47765ms] ReferenceError: t is not defined
    at animate (http://localhost:8123/mascot/mascot.js:601:23)
[   47775ms] ReferenceError: t is not defined
    at animate (http://localhost:8123/mascot/mascot.js:601:23)
[   47782ms] ReferenceError: t is not defined
    at animate (http://localhost:8123/mascot/mascot.js:601:23)
[   47790ms] ReferenceError: t is not defined
    at animate (http://localhost:8123/mascot/mascot.js:601:23)
[   47799ms] ReferenceError: t is not defined
    at animate (http://localhost:8123/mascot/mascot.js:601:23)
[   47807ms] ReferenceError: t is not defined
    at animate (http://localhost:8123/mascot/mascot.js:601:23)
[   47815ms] ReferenceError: t is not defined
    at animate (http://localhost:8123/mascot/mascot.js:601:23)
[   47824ms] ReferenceError: t is not defined
    at animate (http://localhost:8123/mascot/mascot.js:601:23)
[   47833ms] ReferenceError: t is not defined
    at animate (http://localhost:8123/mascot/mascot.js:601:23)
[   47840ms] ReferenceError: t is not defined
    at animate (http://localhost:8123/mascot/mascot.js:601:23)
[   47849ms] ReferenceError: t is not defined
    at animate (http://localhost:8123/mascot/mascot.js:601:23)
[   47857ms] ReferenceError: t is not defined
    at animate (http://localhost:8123/mascot/mascot.js:601:23)
[   47865ms] ReferenceError: t is not defined
    at animate (http://localhost:8123/mascot/mascot.js:601:23)
[   47874ms] ReferenceError: t is not defined
    at animate (http://localhost:8123/mascot/mascot.js:601:23)
[   47883ms] ReferenceError: t is not defined
    at animate (http://localhost:8123/mascot/mascot.js:601:23)
[   47891ms] ReferenceError: t is not defined
    at animate (http://localhost:8123/mascot/mascot.js:601:23)
[   47900ms] ReferenceError: t is not defined
    at animate (http://localhost:8123/mascot/mascot.js:601:23)
[   47908ms] ReferenceError: t is not defined
    at animate (http://localhost:8123/mascot/mascot.js:601:23)
[   47917ms] ReferenceError: t is not defined
    at animate (http://localhost:8123/mascot/mascot.js:601:23)
[   47924ms] ReferenceError: t is not defined
    at animate (http://localhost:8123/mascot/mascot.js:601:23)
[   47934ms] ReferenceError: t is not defined
    at animate (http://localhost:8123/mascot/mascot.js:601:23)
[   47941ms] ReferenceError: t is not defined
    at animate (http://localhost:8123/mascot/mascot.js:601:23)
[   47948ms] ReferenceError: t is not defined
    at animate (http://localhost:8123/mascot/mascot.js:601:23)
[   47957ms] ReferenceError: t is not defined
    at animate (http://localhost:8123/mascot/mascot.js:601:23)
[   47965ms] ReferenceError: t is not defined
    at animate (http://localhost:8123/mascot/mascot.js:601:23)
[   47973ms] ReferenceError: t is not defined
    at animate (http://localhost:8123/mascot/mascot.js:601:23)
[   47982ms] ReferenceError: t is not defined
    at animate (http://localhost:8123/mascot/mascot.js:601:23)
[   48011ms] ReferenceError: t is not defined
    at animate (http://localhost:8123/mascot/mascot.js:601:23)
[   48011ms] ReferenceError: t is not defined
    at animate (http://localhost:8123/mascot/mascot.js:601:23)
[   48011ms] ReferenceError: t is not defined
    at animate (http://localhost:8123/mascot/mascot.js:601:23)
[   48016ms] ReferenceError: t is not defined
    at animate (http://localhost:8123/mascot/mascot.js:601:23)
[   48025ms] ReferenceError: t is not defined
    at animate (http://localhost:8123/mascot/mascot.js:601:23)
[   48031ms] ReferenceError: t is not defined
    at animate (http://localhost:8123/mascot/mascot.js:601:23)
[   48040ms] ReferenceError: t is not defined
    at animate (http://localhost:8123/mascot/mascot.js:601:23)
[   48049ms] ReferenceError: t is not defined
    at animate (http://localhost:8123/mascot/mascot.js:601:23)
[   48056ms] ReferenceError: t is not defined
    at animate (http://localhost:8123/mascot/mascot.js:601:23)
[   48064ms] ReferenceError: t is not defined
    at animate (http://localhost:8123/mascot/mascot.js:601:23)
[   48073ms] ReferenceError: t is not defined
    at animate (http://localhost:8123/mascot/mascot.js:601:23)
[   48081ms] ReferenceError: t is not defined
    at animate (http://localhost:8123/mascot/mascot.js:601:23)
[   48089ms] ReferenceError: t is not defined
    at animate (http://localhost:8123/mascot/mascot.js:601:23)
[   48098ms] ReferenceError: t is not defined
    at animate (http://localhost:8123/mascot/mascot.js:601:23)
[   48107ms] ReferenceError: t is not defined
    at animate (http://localhost:8123/mascot/mascot.js:601:23)
[   48114ms] ReferenceError: t is not defined
    at animate (http://localhost:8123/mascot/mascot.js:601:23)
[   48123ms] ReferenceError: t is not defined
    at animate (http://localhost:8123/mascot/mascot.js:601:23)
[   48131ms] ReferenceError: t is not defined
    at animate (http://localhost:8123/mascot/mascot.js:601:23)
[   48139ms] ReferenceError: t is not defined
    at animate (http://localhost:8123/mascot/mascot.js:601:23)
[   48149ms] ReferenceError: t is not defined
    at animate (http://localhost:8123/mascot/mascot.js:601:23)
[   48155ms] ReferenceError: t is not defined
    at animate (http://localhost:8123/mascot/mascot.js:601:23)
[   48163ms] ReferenceError: t is not defined
    at animate (http://localhost:8123/mascot/mascot.js:601:23)
[   48173ms] ReferenceError: t is not defined
    at animate (http://localhost:8123/mascot/mascot.js:601:23)
[   48182ms] ReferenceError: t is not defined
    at animate (http://localhost:8123/mascot/mascot.js:601:23)
[   48190ms] ReferenceError: t is not defined
    at animate (http://localhost:8123/mascot/mascot.js:601:23)
[   48197ms] ReferenceError: t is not defined
    at animate (http://localhost:8123/mascot/mascot.js:601:23)
[   48206ms] ReferenceError: t is not defined
    at animate (http://localhost:8123/mascot/mascot.js:601:23)
[   48214ms] ReferenceError: t is not defined
    at animate (http://localhost:8123/mascot/mascot.js:601:23)
[   48223ms] ReferenceError: t is not defined
    at animate (http://localhost:8123/mascot/mascot.js:601:23)
[   48231ms] ReferenceError: t is not defined
    at animate (http://localhost:8123/mascot/mascot.js:601:23)
[   48239ms] ReferenceError: t is not defined
    at animate (http://localhost:8123/mascot/mascot.js:601:23)
[   48248ms] ReferenceError: t is not defined
    at animate (http://localhost:8123/mascot/mascot.js:601:23)
[   48256ms] ReferenceError: t is not defined
    at animate (http://localhost:8123/mascot/mascot.js:601:23)
[   48264ms] ReferenceError: t is not defined
    at animate (http://localhost:8123/mascot/mascot.js:601:23)
[   48272ms] ReferenceError: t is not defined
    at animate (http://localhost:8123/mascot/mascot.js:601:23)
[   48281ms] ReferenceError: t is not defined
    at animate (http://localhost:8123/mascot/mascot.js:601:23)
[   48290ms] ReferenceError: t is not defined
    at animate (http://localhost:8123/mascot/mascot.js:601:23)
[   48298ms] ReferenceError: t is not defined
    at animate (http://localhost:8123/mascot/mascot.js:601:23)
[   48306ms] ReferenceError: t is not defined
    at animate (http://localhost:8123/mascot/mascot.js:601:23)
[   48315ms] ReferenceError: t is not defined
    at animate (http://localhost:8123/mascot/mascot.js:601:23)
[   48323ms] ReferenceError: t is not defined
    at animate (http://localhost:8123/mascot/mascot.js:601:23)
[   48332ms] ReferenceError: t is not defined
    at animate (http://localhost:8123/mascot/mascot.js:601:23)
[   48340ms] ReferenceError: t is not defined
    at animate (http://localhost:8123/mascot/mascot.js:601:23)
[   48348ms] ReferenceError: t is not defined
    at animate (http://localhost:8123/mascot/mascot.js:601:23)
[   48356ms] ReferenceError: t is not defined
    at animate (http://localhost:8123/mascot/mascot.js:601:23)
[   48365ms] ReferenceError: t is not defined
    at animate (http://localhost:8123/mascot/mascot.js:601:23)
[   48373ms] ReferenceError: t is not defined
    at animate (http://localhost:8123/mascot/mascot.js:601:23)
[   48381ms] ReferenceError: t is not defined
    at animate (http://localhost:8123/mascot/mascot.js:601:23)
[   48389ms] ReferenceError: t is not defined
    at animate (http://localhost:8123/mascot/mascot.js:601:23)
[   48398ms] ReferenceError: t is not defined
    at animate (http://localhost:8123/mascot/mascot.js:601:23)
[   48406ms] ReferenceError: t is not defined
    at animate (http://localhost:8123/mascot/mascot.js:601:23)
[   48415ms] ReferenceError: t is not defined
    at animate (http://localhost:8123/mascot/mascot.js:601:23)
[   48423ms] ReferenceError: t is not defined
    at animate (http://localhost:8123/mascot/mascot.js:601:23)
[   48432ms] ReferenceError: t is not defined
    at animate (http://localhost:8123/mascot/mascot.js:601:23)
[   48440ms] ReferenceError: t is not defined
    at animate (http://localhost:8123/mascot/mascot.js:601:23)
[   48448ms] ReferenceError: t is not defined
    at animate (http://localhost:8123/mascot/mascot.js:601:23)
[   48457ms] ReferenceError: t is not defined
    at animate (http://localhost:8123/mascot/mascot.js:601:23)
[   48465ms] ReferenceError: t is not defined
    at animate (http://localhost:8123/mascot/mascot.js:601:23)
[   48473ms] ReferenceError: t is not defined
    at animate (http://localhost:8123/mascot/mascot.js:601:23)
[   48481ms] ReferenceError: t is not defined
    at animate (http://localhost:8123/mascot/mascot.js:601:23)
[   48489ms] ReferenceError: t is not defined
    at animate (http://localhost:8123/mascot/mascot.js:601:23)
[   48498ms] ReferenceError: t is not defined
    at animate (http://localhost:8123/mascot/mascot.js:601:23)
[   48506ms] ReferenceError: t is not defined
    at animate (http://localhost:8123/mascot/mascot.js:601:23)
[   48515ms] ReferenceError: t is not defined
    at animate (http://localhost:8123/mascot/mascot.js:601:23)
[   48523ms] ReferenceError: t is not defined
    at animate (http://localhost:8123/mascot/mascot.js:601:23)
[   48531ms] ReferenceError: t is not defined
    at animate (http://localhost:8123/mascot/mascot.js:601:23)
[   48539ms] ReferenceError: t is not defined
    at animate (http://localhost:8123/mascot/mascot.js:601:23)
[   48548ms] ReferenceError: t is not defined
    at animate (http://localhost:8123/mascot/mascot.js:601:23)
[   48556ms] ReferenceError: t is not defined
    at animate (http://localhost:8123/mascot/mascot.js:601:23)
[   48564ms] ReferenceError: t is not defined
    at animate (http://localhost:8123/mascot/mascot.js:601:23)
[   48573ms] ReferenceError: t is not defined
    at animate (http://localhost:8123/mascot/mascot.js:601:23)
[   48581ms] ReferenceError: t is not defined
    at animate (http://localhost:8123/mascot/mascot.js:601:23)
[   48590ms] ReferenceError: t is not defined
    at animate (http://localhost:8123/mascot/mascot.js:601:23)
[   48599ms] ReferenceError: t is not defined
    at animate (http://localhost:8123/mascot/mascot.js:601:23)
[   48607ms] ReferenceError: t is not defined
    at animate (http://localhost:8123/mascot/mascot.js:601:23)
[   48615ms] ReferenceError: t is not defined
    at animate (http://localhost:8123/mascot/mascot.js:601:23)
[   48624ms] ReferenceError: t is not defined
    at animate (http://localhost:8123/mascot/mascot.js:601:23)
[   48631ms] ReferenceError: t is not defined
    at animate (http://localhost:8123/mascot/mascot.js:601:23)
[   48641ms] ReferenceError: t is not defined
    at animate (http://localhost:8123/mascot/mascot.js:601:23)
[   48649ms] ReferenceError: t is not defined
    at animate (http://localhost:8123/mascot/mascot.js:601:23)
[   48657ms] ReferenceError: t is not defined
    at animate (http://localhost:8123/mascot/mascot.js:601:23)
[   48665ms] ReferenceError: t is not defined
    at animate (http://localhost:8123/mascot/mascot.js:601:23)
[   48674ms] ReferenceError: t is not defined
    at animate (http://localhost:8123/mascot/mascot.js:601:23)
[   48682ms] ReferenceError: t is not defined
    at animate (http://localhost:8123/mascot/mascot.js:601:23)
[   48690ms] ReferenceError: t is not defined
    at animate (http://localhost:8123/mascot/mascot.js:601:23)
[   48699ms] ReferenceError: t is not defined
    at animate (http://localhost:8123/mascot/mascot.js:601:23)
[   48707ms] ReferenceError: t is not defined
    at animate (http://localhost:8123/mascot/mascot.js:601:23)
[   48715ms] ReferenceError: t is not defined
    at animate (http://localhost:8123/mascot/mascot.js:601:23)
[   48724ms] ReferenceError: t is not defined
    at animate (http://localhost:8123/mascot/mascot.js:601:23)
[   48732ms] ReferenceError: t is not defined
    at animate (http://localhost:8123/mascot/mascot.js:601:23)
[   48740ms] ReferenceError: t is not defined
    at animate (http://localhost:8123/mascot/mascot.js:601:23)
[   48748ms] ReferenceError: t is not defined
    at animate (http://localhost:8123/mascot/mascot.js:601:23)
[   48757ms] ReferenceError: t is not defined
    at animate (http://localhost:8123/mascot/mascot.js:601:23)
[   48766ms] ReferenceError: t is not defined
    at animate (http://localhost:8123/mascot/mascot.js:601:23)
[   48774ms] ReferenceError: t is not defined
    at animate (http://localhost:8123/mascot/mascot.js:601:23)
[   48782ms] ReferenceError: t is not defined
    at animate (http://localhost:8123/mascot/mascot.js:601:23)
[   48790ms] ReferenceError: t is not defined
    at animate (http://localhost:8123/mascot/mascot.js:601:23)
[   48798ms] ReferenceError: t is not defined
    at animate (http://localhost:8123/mascot/mascot.js:601:23)
[   48807ms] ReferenceError: t is not defined
    at animate (http://localhost:8123/mascot/mascot.js:601:23)
[   48815ms] ReferenceError: t is not defined
    at animate (http://localhost:8123/mascot/mascot.js:601:23)
[   48824ms] ReferenceError: t is not defined
    at animate (http://localhost:8123/mascot/mascot.js:601:23)
[   48831ms] ReferenceError: t is not defined
    at animate (http://localhost:8123/mascot/mascot.js:601:23)
[   48840ms] ReferenceError: t is not defined
    at animate (http://localhost:8123/mascot/mascot.js:601:23)
[   48849ms] ReferenceError: t is not defined
    at animate (http://localhost:8123/mascot/mascot.js:601:23)
[   48856ms] ReferenceError: t is not defined
    at animate (http://localhost:8123/mascot/mascot.js:601:23)
[   48865ms] ReferenceError: t is not defined
    at animate (http://localhost:8123/mascot/mascot.js:601:23)
[   48873ms] ReferenceError: t is not defined
    at animate (http://localhost:8123/mascot/mascot.js:601:23)
[   48881ms] ReferenceError: t is not defined
    at animate (http://localhost:8123/mascot/mascot.js:601:23)
[   48890ms] ReferenceError: t is not defined
    at animate (http://localhost:8123/mascot/mascot.js:601:23)
[   48899ms] ReferenceError: t is not defined
    at animate (http://localhost:8123/mascot/mascot.js:601:23)
[   48906ms] ReferenceError: t is not defined
    at animate (http://localhost:8123/mascot/mascot.js:601:23)
[   48915ms] ReferenceError: t is not defined
    at animate (http://localhost:8123/mascot/mascot.js:601:23)
[   48924ms] ReferenceError: t is not defined
    at animate (http://localhost:8123/mascot/mascot.js:601:23)
[   48932ms] ReferenceError: t is not defined
    at animate (http://localhost:8123/mascot/mascot.js:601:23)
[   48940ms] ReferenceError: t is not defined
    at animate (http://localhost:8123/mascot/mascot.js:601:23)
[   48949ms] ReferenceError: t is not defined
    at animate (http://localhost:8123/mascot/mascot.js:601:23)
[   48957ms] ReferenceError: t is not defined
    at animate (http://localhost:8123/mascot/mascot.js:601:23)
[   48965ms] ReferenceError: t is not defined
    at animate (http://localhost:8123/mascot/mascot.js:601:23)
[   48974ms] ReferenceError: t is not defined
    at animate (http://localhost:8123/mascot/mascot.js:601:23)
[   48987ms] ReferenceError: t is not defined
    at animate (http://localhost:8123/mascot/mascot.js:601:23)
[   48990ms] ReferenceError: t is not defined
    at animate (http://localhost:8123/mascot/mascot.js:601:23)
[   48999ms] ReferenceError: t is not defined
    at animate (http://localhost:8123/mascot/mascot.js:601:23)
[   49007ms] ReferenceError: t is not defined
    at animate (http://localhost:8123/mascot/mascot.js:601:23)
[   49015ms] ReferenceError: t is not defined
    at animate (http://localhost:8123/mascot/mascot.js:601:23)
[   49024ms] ReferenceError: t is not defined
    at animate (http://localhost:8123/mascot/mascot.js:601:23)
[   49031ms] ReferenceError: t is not defined
    at animate (http://localhost:8123/mascot/mascot.js:601:23)
[   49040ms] ReferenceError: t is not defined
    at animate (http://localhost:8123/mascot/mascot.js:601:23)
[   49049ms] ReferenceError: t is not defined
    at animate (http://localhost:8123/mascot/mascot.js:601:23)
[   49057ms] ReferenceError: t is not defined
    at animate (http://localhost:8123/mascot/mascot.js:601:23)
[   49065ms] ReferenceError: t is not defined
    at animate (http://localhost:8123/mascot/mascot.js:601:23)
[   49073ms] ReferenceError: t is not defined
    at animate (http://localhost:8123/mascot/mascot.js:601:23)
[   49081ms] ReferenceError: t is not defined
    at animate (http://localhost:8123/mascot/mascot.js:601:23)
[   49090ms] ReferenceError: t is not defined
    at animate (http://localhost:8123/mascot/mascot.js:601:23)
[   49097ms] ReferenceError: t is not defined
    at animate (http://localhost:8123/mascot/mascot.js:601:23)
[   49106ms] ReferenceError: t is not defined
    at animate (http://localhost:8123/mascot/mascot.js:601:23)
[   49115ms] ReferenceError: t is not defined
    at animate (http://localhost:8123/mascot/mascot.js:601:23)
[   49123ms] ReferenceError: t is not defined
    at animate (http://localhost:8123/mascot/mascot.js:601:23)
[   49131ms] ReferenceError: t is not defined
    at animate (http://localhost:8123/mascot/mascot.js:601:23)
[   49139ms] ReferenceError: t is not defined
    at animate (http://localhost:8123/mascot/mascot.js:601:23)
[   49147ms] ReferenceError: t is not defined
    at animate (http://localhost:8123/mascot/mascot.js:601:23)
[   49156ms] ReferenceError: t is not defined
    at animate (http://localhost:8123/mascot/mascot.js:601:23)
[   49164ms] ReferenceError: t is not defined
    at animate (http://localhost:8123/mascot/mascot.js:601:23)
[   49173ms] ReferenceError: t is not defined
    at animate (http://localhost:8123/mascot/mascot.js:601:23)
[   49182ms] ReferenceError: t is not defined
    at animate (http://localhost:8123/mascot/mascot.js:601:23)
[   49189ms] ReferenceError: t is not defined
    at animate (http://localhost:8123/mascot/mascot.js:601:23)
[   49198ms] ReferenceError: t is not defined
    at animate (http://localhost:8123/mascot/mascot.js:601:23)
[   49206ms] ReferenceError: t is not defined
    at animate (http://localhost:8123/mascot/mascot.js:601:23)
[   49214ms] ReferenceError: t is not defined
    at animate (http://localhost:8123/mascot/mascot.js:601:23)
[   49222ms] ReferenceError: t is not defined
    at animate (http://localhost:8123/mascot/mascot.js:601:23)
[   49231ms] ReferenceError: t is not defined
    at animate (http://localhost:8123/mascot/mascot.js:601:23)
[   49239ms] ReferenceError: t is not defined
    at animate (http://localhost:8123/mascot/mascot.js:601:23)
[   49247ms] ReferenceError: t is not defined
    at animate (http://localhost:8123/mascot/mascot.js:601:23)
[   49256ms] ReferenceError: t is not defined
    at animate (http://localhost:8123/mascot/mascot.js:601:23)
[   49264ms] ReferenceError: t is not defined
    at animate (http://localhost:8123/mascot/mascot.js:601:23)
[   49273ms] ReferenceError: t is not defined
    at animate (http://localhost:8123/mascot/mascot.js:601:23)
[   49281ms] ReferenceError: t is not defined
    at animate (http://localhost:8123/mascot/mascot.js:601:23)
[   49290ms] ReferenceError: t is not defined
    at animate (http://localhost:8123/mascot/mascot.js:601:23)
[   49298ms] ReferenceError: t is not defined
    at animate (http://localhost:8123/mascot/mascot.js:601:23)
[   49306ms] ReferenceError: t is not defined
    at animate (http://localhost:8123/mascot/mascot.js:601:23)
[   49314ms] ReferenceError: t is not defined
    at animate (http://localhost:8123/mascot/mascot.js:601:23)
[   49324ms] ReferenceError: t is not defined
    at animate (http://localhost:8123/mascot/mascot.js:601:23)
[   49331ms] ReferenceError: t is not defined
    at animate (http://localhost:8123/mascot/mascot.js:601:23)
[   49340ms] ReferenceError: t is not defined
    at animate (http://localhost:8123/mascot/mascot.js:601:23)
[   49348ms] ReferenceError: t is not defined
    at animate (http://localhost:8123/mascot/mascot.js:601:23)
[   49357ms] ReferenceError: t is not defined
    at animate (http://localhost:8123/mascot/mascot.js:601:23)
[   49365ms] ReferenceError: t is not defined
    at animate (http://localhost:8123/mascot/mascot.js:601:23)
[   49374ms] ReferenceError: t is not defined
    at animate (http://localhost:8123/mascot/mascot.js:601:23)
[   49382ms] ReferenceError: t is not defined
    at animate (http://localhost:8123/mascot/mascot.js:601:23)
[   49391ms] ReferenceError: t is not defined
    at animate (http://localhost:8123/mascot/mascot.js:601:23)
[   49398ms] ReferenceError: t is not defined
    at animate (http://localhost:8123/mascot/mascot.js:601:23)
[   49407ms] ReferenceError: t is not defined
    at animate (http://localhost:8123/mascot/mascot.js:601:23)
[   49416ms] ReferenceError: t is not defined
    at animate (http://localhost:8123/mascot/mascot.js:601:23)
[   49424ms] ReferenceError: t is not defined
    at animate (http://localhost:8123/mascot/mascot.js:601:23)
[   49433ms] ReferenceError: t is not defined
    at animate (http://localhost:8123/mascot/mascot.js:601:23)
[   49440ms] ReferenceError: t is not defined
    at animate (http://localhost:8123/mascot/mascot.js:601:23)
[   49450ms] ReferenceError: t is not defined
    at animate (http://localhost:8123/mascot/mascot.js:601:23)
[   49457ms] ReferenceError: t is not defined
    at animate (http://localhost:8123/mascot/mascot.js:601:23)
[   49465ms] ReferenceError: t is not defined
    at animate (http://localhost:8123/mascot/mascot.js:601:23)
[   49474ms] ReferenceError: t is not defined
    at animate (http://localhost:8123/mascot/mascot.js:601:23)
[   49483ms] ReferenceError: t is not defined
    at animate (http://localhost:8123/mascot/mascot.js:601:23)
[   49490ms] ReferenceError: t is not defined
    at animate (http://localhost:8123/mascot/mascot.js:601:23)
[   49498ms] ReferenceError: t is not defined
    at animate (http://localhost:8123/mascot/mascot.js:601:23)
[   49506ms] ReferenceError: t is not defined
    at animate (http://localhost:8123/mascot/mascot.js:601:23)
[   49515ms] ReferenceError: t is not defined
    at animate (http://localhost:8123/mascot/mascot.js:601:23)
[   49523ms] ReferenceError: t is not defined
    at animate (http://localhost:8123/mascot/mascot.js:601:23)
[   49532ms] ReferenceError: t is not defined
    at animate (http://localhost:8123/mascot/mascot.js:601:23)
[   49540ms] ReferenceError: t is not defined
    at animate (http://localhost:8123/mascot/mascot.js:601:23)
[   49548ms] ReferenceError: t is not defined
    at animate (http://localhost:8123/mascot/mascot.js:601:23)
[   49557ms] ReferenceError: t is not defined
    at animate (http://localhost:8123/mascot/mascot.js:601:23)
[   49565ms] ReferenceError: t is not defined
    at animate (http://localhost:8123/mascot/mascot.js:601:23)
[   49574ms] ReferenceError: t is not defined
    at animate (http://localhost:8123/mascot/mascot.js:601:23)
[   49582ms] ReferenceError: t is not defined
    at animate (http://localhost:8123/mascot/mascot.js:601:23)
[   49591ms] ReferenceError: t is not defined
    at animate (http://localhost:8123/mascot/mascot.js:601:23)
[   49598ms] ReferenceError: t is not defined
    at animate (http://localhost:8123/mascot/mascot.js:601:23)
[   49606ms] ReferenceError: t is not defined
    at animate (http://localhost:8123/mascot/mascot.js:601:23)
[   49614ms] ReferenceError: t is not defined
    at animate (http://localhost:8123/mascot/mascot.js:601:23)
[   49623ms] ReferenceError: t is not defined
    at animate (http://localhost:8123/mascot/mascot.js:601:23)
[   49631ms] ReferenceError: t is not defined
    at animate (http://localhost:8123/mascot/mascot.js:601:23)
[   49639ms] ReferenceError: t is not defined
    at animate (http://localhost:8123/mascot/mascot.js:601:23)
[   49649ms] ReferenceError: t is not defined
    at animate (http://localhost:8123/mascot/mascot.js:601:23)
[   49656ms] ReferenceError: t is not defined
    at animate (http://localhost:8123/mascot/mascot.js:601:23)
[   49664ms] ReferenceError: t is not defined
    at animate (http://localhost:8123/mascot/mascot.js:601:23)
[   49673ms] ReferenceError: t is not defined
    at animate (http://localhost:8123/mascot/mascot.js:601:23)
[   49681ms] ReferenceError: t is not defined
    at animate (http://localhost:8123/mascot/mascot.js:601:23)
[   49689ms] ReferenceError: t is not defined
    at animate (http://localhost:8123/mascot/mascot.js:601:23)
[   49697ms] ReferenceError: t is not defined
    at animate (http://localhost:8123/mascot/mascot.js:601:23)
[   49706ms] ReferenceError: t is not defined
    at animate (http://localhost:8123/mascot/mascot.js:601:23)
[   49715ms] ReferenceError: t is not defined
    at animate (http://localhost:8123/mascot/mascot.js:601:23)
[   49722ms] ReferenceError: t is not defined
    at animate (http://localhost:8123/mascot/mascot.js:601:23)
[   49731ms] ReferenceError: t is not defined
    at animate (http://localhost:8123/mascot/mascot.js:601:23)
[   49739ms] ReferenceError: t is not defined
    at animate (http://localhost:8123/mascot/mascot.js:601:23)
[   49747ms] ReferenceError: t is not defined
    at animate (http://localhost:8123/mascot/mascot.js:601:23)
[   49756ms] ReferenceError: t is not defined
    at animate (http://localhost:8123/mascot/mascot.js:601:23)
[   49764ms] ReferenceError: t is not defined
    at animate (http://localhost:8123/mascot/mascot.js:601:23)
[   49772ms] ReferenceError: t is not defined
    at animate (http://localhost:8123/mascot/mascot.js:601:23)
[   49781ms] ReferenceError: t is not defined
    at animate (http://localhost:8123/mascot/mascot.js:601:23)
[   49789ms] ReferenceError: t is not defined
    at animate (http://localhost:8123/mascot/mascot.js:601:23)
[   49797ms] ReferenceError: t is not defined
    at animate (http://localhost:8123/mascot/mascot.js:601:23)
[   49806ms] ReferenceError: t is not defined
    at animate (http://localhost:8123/mascot/mascot.js:601:23)
[   49815ms] ReferenceError: t is not defined
    at animate (http://localhost:8123/mascot/mascot.js:601:23)
[   49823ms] ReferenceError: t is not defined
    at animate (http://localhost:8123/mascot/mascot.js:601:23)
[   49831ms] ReferenceError: t is not defined
    at animate (http://localhost:8123/mascot/mascot.js:601:23)
[   49839ms] ReferenceError: t is not defined
    at animate (http://localhost:8123/mascot/mascot.js:601:23)
[   49848ms] ReferenceError: t is not defined
    at animate (http://localhost:8123/mascot/mascot.js:601:23)
[   49856ms] ReferenceError: t is not defined
    at animate (http://localhost:8123/mascot/mascot.js:601:23)
[   49865ms] ReferenceError: t is not defined
    at animate (http://localhost:8123/mascot/mascot.js:601:23)
[   49873ms] ReferenceError: t is not defined
    at animate (http://localhost:8123/mascot/mascot.js:601:23)
[   49881ms] ReferenceError: t is not defined
    at animate (http://localhost:8123/mascot/mascot.js:601:23)
[   49890ms] ReferenceError: t is not defined
    at animate (http://localhost:8123/mascot/mascot.js:601:23)
[   49898ms] ReferenceError: t is not defined
    at animate (http://localhost:8123/mascot/mascot.js:601:23)
[   49907ms] ReferenceError: t is not defined
    at animate (http://localhost:8123/mascot/mascot.js:601:23)
[   49915ms] ReferenceError: t is not defined
    at animate (http://localhost:8123/mascot/mascot.js:601:23)
[   49923ms] ReferenceError: t is not defined
    at animate (http://localhost:8123/mascot/mascot.js:601:23)
[   49932ms] ReferenceError: t is not defined
    at animate (http://localhost:8123/mascot/mascot.js:601:23)
[   49940ms] ReferenceError: t is not defined
    at animate (http://localhost:8123/mascot/mascot.js:601:23)
[   49949ms] ReferenceError: t is not defined
    at animate (http://localhost:8123/mascot/mascot.js:601:23)
[   49957ms] ReferenceError: t is not defined
    at animate (http://localhost:8123/mascot/mascot.js:601:23)
[   49965ms] ReferenceError: t is not defined
    at animate (http://localhost:8123/mascot/mascot.js:601:23)
[   49974ms] ReferenceError: t is not defined
    at animate (http://localhost:8123/mascot/mascot.js:601:23)
[   49982ms] ReferenceError: t is not defined
    at animate (http://localhost:8123/mascot/mascot.js:601:23)
[   49991ms] ReferenceError: t is not defined
    at animate (http://localhost:8123/mascot/mascot.js:601:23)
[   49998ms] ReferenceError: t is not defined
    at animate (http://localhost:8123/mascot/mascot.js:601:23)
[   50007ms] ReferenceError: t is not defined
    at animate (http://localhost:8123/mascot/mascot.js:601:23)
[   50015ms] ReferenceError: t is not defined
    at animate (http://localhost:8123/mascot/mascot.js:601:23)
[   50023ms] ReferenceError: t is not defined
    at animate (http://localhost:8123/mascot/mascot.js:601:23)
[   50031ms] ReferenceError: t is not defined
    at animate (http://localhost:8123/mascot/mascot.js:601:23)
[   50040ms] ReferenceError: t is not defined
    at animate (http://localhost:8123/mascot/mascot.js:601:23)
[   50048ms] ReferenceError: t is not defined
    at animate (http://localhost:8123/mascot/mascot.js:601:23)
[   50056ms] ReferenceError: t is not defined
    at animate (http://localhost:8123/mascot/mascot.js:601:23)
[   50065ms] ReferenceError: t is not defined
    at animate (http://localhost:8123/mascot/mascot.js:601:23)
[   50073ms] ReferenceError: t is not defined
    at animate (http://localhost:8123/mascot/mascot.js:601:23)
[   50081ms] ReferenceError: t is not defined
    at animate (http://localhost:8123/mascot/mascot.js:601:23)
[   50090ms] ReferenceError: t is not defined
    at animate (http://localhost:8123/mascot/mascot.js:601:23)
[   50098ms] ReferenceError: t is not defined
    at animate (http://localhost:8123/mascot/mascot.js:601:23)
[   50106ms] ReferenceError: t is not defined
    at animate (http://localhost:8123/mascot/mascot.js:601:23)
[   50114ms] ReferenceError: t is not defined
    at animate (http://localhost:8123/mascot/mascot.js:601:23)
[   50123ms] ReferenceError: t is not defined
    at animate (http://localhost:8123/mascot/mascot.js:601:23)
[   50131ms] ReferenceError: t is not defined
    at animate (http://localhost:8123/mascot/mascot.js:601:23)
[   50140ms] ReferenceError: t is not defined
    at animate (http://localhost:8123/mascot/mascot.js:601:23)
[   50149ms] ReferenceError: t is not defined
    at animate (http://localhost:8123/mascot/mascot.js:601:23)
[   50156ms] ReferenceError: t is not defined
    at animate (http://localhost:8123/mascot/mascot.js:601:23)
[   50164ms] ReferenceError: t is not defined
    at animate (http://localhost:8123/mascot/mascot.js:601:23)
[   50172ms] ReferenceError: t is not defined
    at animate (http://localhost:8123/mascot/mascot.js:601:23)
[   50182ms] ReferenceError: t is not defined
    at animate (http://localhost:8123/mascot/mascot.js:601:23)
[   50190ms] ReferenceError: t is not defined
    at animate (http://localhost:8123/mascot/mascot.js:601:23)
[   50198ms] ReferenceError: t is not defined
    at animate (http://localhost:8123/mascot/mascot.js:601:23)
[   50206ms] ReferenceError: t is not defined
    at animate (http://localhost:8123/mascot/mascot.js:601:23)
[   50215ms] ReferenceError: t is not defined
    at animate (http://localhost:8123/mascot/mascot.js:601:23)
[   50224ms] ReferenceError: t is not defined
    at animate (http://localhost:8123/mascot/mascot.js:601:23)
[   50231ms] ReferenceError: t is not defined
    at animate (http://localhost:8123/mascot/mascot.js:601:23)
[   50241ms] ReferenceError: t is not defined
    at animate (http://localhost:8123/mascot/mascot.js:601:23)
[   50247ms] ReferenceError: t is not defined
    at animate (http://localhost:8123/mascot/mascot.js:601:23)
[   50257ms] ReferenceError: t is not defined
    at animate (http://localhost:8123/mascot/mascot.js:601:23)
[   50266ms] ReferenceError: t is not defined
    at animate (http://localhost:8123/mascot/mascot.js:601:23)
[   50274ms] ReferenceError: t is not defined
    at animate (http://localhost:8123/mascot/mascot.js:601:23)
[   50281ms] ReferenceError: t is not defined
    at animate (http://localhost:8123/mascot/mascot.js:601:23)
[   50289ms] ReferenceError: t is not defined
    at animate (http://localhost:8123/mascot/mascot.js:601:23)
[   50298ms] ReferenceError: t is not defined
    at animate (http://localhost:8123/mascot/mascot.js:601:23)
[   50307ms] ReferenceError: t is not defined
    at animate (http://localhost:8123/mascot/mascot.js:601:23)
[   50315ms] ReferenceError: t is not defined
    at animate (http://localhost:8123/mascot/mascot.js:601:23)
[   50323ms] ReferenceError: t is not defined
    at animate (http://localhost:8123/mascot/mascot.js:601:23)
[   50331ms] ReferenceError: t is not defined
    at animate (http://localhost:8123/mascot/mascot.js:601:23)
[   50340ms] ReferenceError: t is not defined
    at animate (http://localhost:8123/mascot/mascot.js:601:23)
[   50349ms] ReferenceError: t is not defined
    at animate (http://localhost:8123/mascot/mascot.js:601:23)
[   50357ms] ReferenceError: t is not defined
    at animate (http://localhost:8123/mascot/mascot.js:601:23)
[   50365ms] ReferenceError: t is not defined
    at animate (http://localhost:8123/mascot/mascot.js:601:23)
[   50373ms] ReferenceError: t is not defined
    at animate (http://localhost:8123/mascot/mascot.js:601:23)
[   50382ms] ReferenceError: t is not defined
    at animate (http://localhost:8123/mascot/mascot.js:601:23)
[   50391ms] ReferenceError: t is not defined
    at animate (http://localhost:8123/mascot/mascot.js:601:23)
[   50399ms] ReferenceError: t is not defined
    at animate (http://localhost:8123/mascot/mascot.js:601:23)
[   50406ms] ReferenceError: t is not defined
    at animate (http://localhost:8123/mascot/mascot.js:601:23)
[   50415ms] ReferenceError: t is not defined
    at animate (http://localhost:8123/mascot/mascot.js:601:23)
[   50423ms] ReferenceError: t is not defined
    at animate (http://localhost:8123/mascot/mascot.js:601:23)
[   50431ms] ReferenceError: t is not defined
    at animate (http://localhost:8123/mascot/mascot.js:601:23)
[   50440ms] ReferenceError: t is not defined
    at animate (http://localhost:8123/mascot/mascot.js:601:23)
[   50448ms] ReferenceError: t is not defined
    at animate (http://localhost:8123/mascot/mascot.js:601:23)
[   50457ms] ReferenceError: t is not defined
    at animate (http://localhost:8123/mascot/mascot.js:601:23)
[   50465ms] ReferenceError: t is not defined
    at animate (http://localhost:8123/mascot/mascot.js:601:23)
[   50474ms] ReferenceError: t is not defined
    at animate (http://localhost:8123/mascot/mascot.js:601:23)
[   50482ms] ReferenceError: t is not defined
    at animate (http://localhost:8123/mascot/mascot.js:601:23)
[   50490ms] ReferenceError: t is not defined
    at animate (http://localhost:8123/mascot/mascot.js:601:23)
[   50498ms] ReferenceError: t is not defined
    at animate (http://localhost:8123/mascot/mascot.js:601:23)
[   50508ms] ReferenceError: t is not defined
    at animate (http://localhost:8123/mascot/mascot.js:601:23)
[   50515ms] ReferenceError: t is not defined
    at animate (http://localhost:8123/mascot/mascot.js:601:23)
[   50524ms] ReferenceError: t is not defined
    at animate (http://localhost:8123/mascot/mascot.js:601:23)
[   50532ms] ReferenceError: t is not defined
    at animate (http://localhost:8123/mascot/mascot.js:601:23)
[   50539ms] ReferenceError: t is not defined
    at animate (http://localhost:8123/mascot/mascot.js:601:23)
[   50549ms] ReferenceError: t is not defined
    at animate (http://localhost:8123/mascot/mascot.js:601:23)
[   50557ms] ReferenceError: t is not defined
    at animate (http://localhost:8123/mascot/mascot.js:601:23)
[   50565ms] ReferenceError: t is not defined
    at animate (http://localhost:8123/mascot/mascot.js:601:23)
[   50573ms] ReferenceError: t is not defined
    at animate (http://localhost:8123/mascot/mascot.js:601:23)
[   50582ms] ReferenceError: t is not defined
    at animate (http://localhost:8123/mascot/mascot.js:601:23)
[   50590ms] ReferenceError: t is not defined
    at animate (http://localhost:8123/mascot/mascot.js:601:23)
[   50607ms] ReferenceError: t is not defined
    at animate (http://localhost:8123/mascot/mascot.js:601:23)
[   50608ms] ReferenceError: t is not defined
    at animate (http://localhost:8123/mascot/mascot.js:601:23)
[   50616ms] ReferenceError: t is not defined
    at animate (http://localhost:8123/mascot/mascot.js:601:23)
[   50624ms] ReferenceError: t is not defined
    at animate (http://localhost:8123/mascot/mascot.js:601:23)
[   50633ms] ReferenceError: t is not defined
    at animate (http://localhost:8123/mascot/mascot.js:601:23)
[   50640ms] ReferenceError: t is not defined
    at animate (http://localhost:8123/mascot/mascot.js:601:23)
[   50648ms] ReferenceError: t is not defined
    at animate (http://localhost:8123/mascot/mascot.js:601:23)
[   50656ms] ReferenceError: t is not defined
    at animate (http://localhost:8123/mascot/mascot.js:601:23)
[   50665ms] ReferenceError: t is not defined
    at animate (http://localhost:8123/mascot/mascot.js:601:23)
[   50673ms] ReferenceError: t is not defined
    at animate (http://localhost:8123/mascot/mascot.js:601:23)
[   50681ms] ReferenceError: t is not defined
    at animate (http://localhost:8123/mascot/mascot.js:601:23)
[   50689ms] ReferenceError: t is not defined
    at animate (http://localhost:8123/mascot/mascot.js:601:23)
[   50697ms] ReferenceError: t is not defined
    at animate (http://localhost:8123/mascot/mascot.js:601:23)
[   50706ms] ReferenceError: t is not defined
    at animate (http://localhost:8123/mascot/mascot.js:601:23)
[   50715ms] ReferenceError: t is not defined
    at animate (http://localhost:8123/mascot/mascot.js:601:23)
[   50722ms] ReferenceError: t is not defined
    at animate (http://localhost:8123/mascot/mascot.js:601:23)
[   50732ms] ReferenceError: t is not defined
    at animate (http://localhost:8123/mascot/mascot.js:601:23)
[   50739ms] ReferenceError: t is not defined
    at animate (http://localhost:8123/mascot/mascot.js:601:23)
[   50749ms] ReferenceError: t is not defined
    at animate (http://localhost:8123/mascot/mascot.js:601:23)
[   50756ms] ReferenceError: t is not defined
    at animate (http://localhost:8123/mascot/mascot.js:601:23)
[   50765ms] ReferenceError: t is not defined
    at animate (http://localhost:8123/mascot/mascot.js:601:23)
[   50773ms] ReferenceError: t is not defined
    at animate (http://localhost:8123/mascot/mascot.js:601:23)
[   50782ms] ReferenceError: t is not defined
    at animate (http://localhost:8123/mascot/mascot.js:601:23)
[   50789ms] ReferenceError: t is not defined
    at animate (http://localhost:8123/mascot/mascot.js:601:23)
[   50798ms] ReferenceError: t is not defined
    at animate (http://localhost:8123/mascot/mascot.js:601:23)
[   50806ms] ReferenceError: t is not defined
    at animate (http://localhost:8123/mascot/mascot.js:601:23)
[   50815ms] ReferenceError: t is not defined
    at animate (http://localhost:8123/mascot/mascot.js:601:23)
[   50824ms] ReferenceError: t is not defined
    at animate (http://localhost:8123/mascot/mascot.js:601:23)
[   50831ms] ReferenceError: t is not defined
    at animate (http://localhost:8123/mascot/mascot.js:601:23)
[   50840ms] ReferenceError: t is not defined
    at animate (http://localhost:8123/mascot/mascot.js:601:23)
[   50847ms] ReferenceError: t is not defined
    at animate (http://localhost:8123/mascot/mascot.js:601:23)
[   50856ms] ReferenceError: t is not defined
    at animate (http://localhost:8123/mascot/mascot.js:601:23)
[   50865ms] ReferenceError: t is not defined
    at animate (http://localhost:8123/mascot/mascot.js:601:23)
[   50873ms] ReferenceError: t is not defined
    at animate (http://localhost:8123/mascot/mascot.js:601:23)
[   50881ms] ReferenceError: t is not defined
    at animate (http://localhost:8123/mascot/mascot.js:601:23)
[   50890ms] ReferenceError: t is not defined
    at animate (http://localhost:8123/mascot/mascot.js:601:23)
[   50898ms] ReferenceError: t is not defined
    at animate (http://localhost:8123/mascot/mascot.js:601:23)
[   50906ms] ReferenceError: t is not defined
    at animate (http://localhost:8123/mascot/mascot.js:601:23)
[   50916ms] ReferenceError: t is not defined
    at animate (http://localhost:8123/mascot/mascot.js:601:23)
[   50923ms] ReferenceError: t is not defined
    at animate (http://localhost:8123/mascot/mascot.js:601:23)
[   50931ms] ReferenceError: t is not defined
    at animate (http://localhost:8123/mascot/mascot.js:601:23)
[   50942ms] ReferenceError: t is not defined
    at animate (http://localhost:8123/mascot/mascot.js:601:23)
[   50948ms] ReferenceError: t is not defined
    at animate (http://localhost:8123/mascot/mascot.js:601:23)
[   50957ms] ReferenceError: t is not defined
    at animate (http://localhost:8123/mascot/mascot.js:601:23)
[   50965ms] ReferenceError: t is not defined
    at animate (http://localhost:8123/mascot/mascot.js:601:23)
[   50974ms] ReferenceError: t is not defined
    at animate (http://localhost:8123/mascot/mascot.js:601:23)
[   50982ms] ReferenceError: t is not defined
    at animate (http://localhost:8123/mascot/mascot.js:601:23)
[   50990ms] ReferenceError: t is not defined
    at animate (http://localhost:8123/mascot/mascot.js:601:23)
[   50999ms] ReferenceError: t is not defined
    at animate (http://localhost:8123/mascot/mascot.js:601:23)
[   51007ms] ReferenceError: t is not defined
    at animate (http://localhost:8123/mascot/mascot.js:601:23)
[   51015ms] ReferenceError: t is not defined
    at animate (http://localhost:8123/mascot/mascot.js:601:23)
[   51024ms] ReferenceError: t is not defined
    at animate (http://localhost:8123/mascot/mascot.js:601:23)
[   51033ms] ReferenceError: t is not defined
    at animate (http://localhost:8123/mascot/mascot.js:601:23)
[   51040ms] ReferenceError: t is not defined
    at animate (http://localhost:8123/mascot/mascot.js:601:23)
[   51049ms] ReferenceError: t is not defined
    at animate (http://localhost:8123/mascot/mascot.js:601:23)
[   51057ms] ReferenceError: t is not defined
    at animate (http://localhost:8123/mascot/mascot.js:601:23)
[   51065ms] ReferenceError: t is not defined
    at animate (http://localhost:8123/mascot/mascot.js:601:23)
[   51073ms] ReferenceError: t is not defined
    at animate (http://localhost:8123/mascot/mascot.js:601:23)
[   51082ms] ReferenceError: t is not defined
    at animate (http://localhost:8123/mascot/mascot.js:601:23)
[   51089ms] ReferenceError: t is not defined
    at animate (http://localhost:8123/mascot/mascot.js:601:23)
[   51098ms] ReferenceError: t is not defined
    at animate (http://localhost:8123/mascot/mascot.js:601:23)
[   51107ms] ReferenceError: t is not defined
    at animate (http://localhost:8123/mascot/mascot.js:601:23)
[   51115ms] ReferenceError: t is not defined
    at animate (http://localhost:8123/mascot/mascot.js:601:23)
[   51124ms] ReferenceError: t is not defined
    at animate (http://localhost:8123/mascot/mascot.js:601:23)
[   51131ms] ReferenceError: t is not defined
    at animate (http://localhost:8123/mascot/mascot.js:601:23)
[   51140ms] ReferenceError: t is not defined
    at animate (http://localhost:8123/mascot/mascot.js:601:23)
[   51148ms] ReferenceError: t is not defined
    at animate (http://localhost:8123/mascot/mascot.js:601:23)
[   51156ms] ReferenceError: t is not defined
    at animate (http://localhost:8123/mascot/mascot.js:601:23)
[   51164ms] ReferenceError: t is not defined
    at animate (http://localhost:8123/mascot/mascot.js:601:23)
[   51172ms] ReferenceError: t is not defined
    at animate (http://localhost:8123/mascot/mascot.js:601:23)
[   51182ms] ReferenceError: t is not defined
    at animate (http://localhost:8123/mascot/mascot.js:601:23)
[   51190ms] ReferenceError: t is not defined
    at animate (http://localhost:8123/mascot/mascot.js:601:23)
[   51198ms] ReferenceError: t is not defined
    at animate (http://localhost:8123/mascot/mascot.js:601:23)
[   51206ms] ReferenceError: t is not defined
    at animate (http://localhost:8123/mascot/mascot.js:601:23)
[   51215ms] ReferenceError: t is not defined
    at animate (http://localhost:8123/mascot/mascot.js:601:23)
[   51223ms] ReferenceError: t is not defined
    at animate (http://localhost:8123/mascot/mascot.js:601:23)
[   51232ms] ReferenceError: t is not defined
    at animate (http://localhost:8123/mascot/mascot.js:601:23)
[   51240ms] ReferenceError: t is not defined
    at animate (http://localhost:8123/mascot/mascot.js:601:23)
[   51249ms] ReferenceError: t is not defined
    at animate (http://localhost:8123/mascot/mascot.js:601:23)
[   51256ms] ReferenceError: t is not defined
    at animate (http://localhost:8123/mascot/mascot.js:601:23)
[   51265ms] ReferenceError: t is not defined
    at animate (http://localhost:8123/mascot/mascot.js:601:23)
[   51273ms] ReferenceError: t is not defined
    at animate (http://localhost:8123/mascot/mascot.js:601:23)
[   51281ms] ReferenceError: t is not defined
    at animate (http://localhost:8123/mascot/mascot.js:601:23)
[   51290ms] ReferenceError: t is not defined
    at animate (http://localhost:8123/mascot/mascot.js:601:23)
[   51298ms] ReferenceError: t is not defined
    at animate (http://localhost:8123/mascot/mascot.js:601:23)
[   51306ms] ReferenceError: t is not defined
    at animate (http://localhost:8123/mascot/mascot.js:601:23)
[   51315ms] ReferenceError: t is not defined
    at animate (http://localhost:8123/mascot/mascot.js:601:23)
[   51323ms] ReferenceError: t is not defined
    at animate (http://localhost:8123/mascot/mascot.js:601:23)
[   51332ms] ReferenceError: t is not defined
    at animate (http://localhost:8123/mascot/mascot.js:601:23)
[   51340ms] ReferenceError: t is not defined
    at animate (http://localhost:8123/mascot/mascot.js:601:23)
[   51349ms] ReferenceError: t is not defined
    at animate (http://localhost:8123/mascot/mascot.js:601:23)
[   51358ms] ReferenceError: t is not defined
    at animate (http://localhost:8123/mascot/mascot.js:601:23)
[   51365ms] ReferenceError: t is not defined
    at animate (http://localhost:8123/mascot/mascot.js:601:23)
[   51373ms] ReferenceError: t is not defined
    at animate (http://localhost:8123/mascot/mascot.js:601:23)
[   51382ms] ReferenceError: t is not defined
    at animate (http://localhost:8123/mascot/mascot.js:601:23)
[   51391ms] ReferenceError: t is not defined
    at animate (http://localhost:8123/mascot/mascot.js:601:23)
[   51398ms] ReferenceError: t is not defined
    at animate (http://localhost:8123/mascot/mascot.js:601:23)
[   51407ms] ReferenceError: t is not defined
    at animate (http://localhost:8123/mascot/mascot.js:601:23)
[   51415ms] ReferenceError: t is not defined
    at animate (http://localhost:8123/mascot/mascot.js:601:23)
[   51425ms] ReferenceError: t is not defined
    at animate (http://localhost:8123/mascot/mascot.js:601:23)
[   51432ms] ReferenceError: t is not defined
    at animate (http://localhost:8123/mascot/mascot.js:601:23)
[   51440ms] ReferenceError: t is not defined
    at animate (http://localhost:8123/mascot/mascot.js:601:23)
[   51448ms] ReferenceError: t is not defined
    at animate (http://localhost:8123/mascot/mascot.js:601:23)
[   51457ms] ReferenceError: t is not defined
    at animate (http://localhost:8123/mascot/mascot.js:601:23)
[   51465ms] ReferenceError: t is not defined
    at animate (http://localhost:8123/mascot/mascot.js:601:23)
[   51473ms] ReferenceError: t is not defined
    at animate (http://localhost:8123/mascot/mascot.js:601:23)
[   51482ms] ReferenceError: t is not defined
    at animate (http://localhost:8123/mascot/mascot.js:601:23)
[   51490ms] ReferenceError: t is not defined
    at animate (http://localhost:8123/mascot/mascot.js:601:23)
[   51498ms] ReferenceError: t is not defined
    at animate (http://localhost:8123/mascot/mascot.js:601:23)
[   51507ms] ReferenceError: t is not defined
    at animate (http://localhost:8123/mascot/mascot.js:601:23)
[   51515ms] ReferenceError: t is not defined
    at animate (http://localhost:8123/mascot/mascot.js:601:23)
[   51524ms] ReferenceError: t is not defined
    at animate (http://localhost:8123/mascot/mascot.js:601:23)
[   51532ms] ReferenceError: t is not defined
    at animate (http://localhost:8123/mascot/mascot.js:601:23)
[   51540ms] ReferenceError: t is not defined
    at animate (http://localhost:8123/mascot/mascot.js:601:23)
[   51548ms] ReferenceError: t is not defined
    at animate (http://localhost:8123/mascot/mascot.js:601:23)
[   51558ms] ReferenceError: t is not defined
    at animate (http://localhost:8123/mascot/mascot.js:601:23)
[   51566ms] ReferenceError: t is not defined
    at animate (http://localhost:8123/mascot/mascot.js:601:23)
[   51574ms] ReferenceError: t is not defined
    at animate (http://localhost:8123/mascot/mascot.js:601:23)
[   51582ms] ReferenceError: t is not defined
    at animate (http://localhost:8123/mascot/mascot.js:601:23)
[   51590ms] ReferenceError: t is not defined
    at animate (http://localhost:8123/mascot/mascot.js:601:23)
[   51598ms] ReferenceError: t is not defined
    at animate (http://localhost:8123/mascot/mascot.js:601:23)
[   51606ms] ReferenceError: t is not defined
    at animate (http://localhost:8123/mascot/mascot.js:601:23)
[   51616ms] ReferenceError: t is not defined
    at animate (http://localhost:8123/mascot/mascot.js:601:23)
[   51623ms] ReferenceError: t is not defined
    at animate (http://localhost:8123/mascot/mascot.js:601:23)
[   51631ms] ReferenceError: t is not defined
    at animate (http://localhost:8123/mascot/mascot.js:601:23)
[   51641ms] ReferenceError: t is not defined
    at animate (http://localhost:8123/mascot/mascot.js:601:23)
[   51649ms] ReferenceError: t is not defined
    at animate (http://localhost:8123/mascot/mascot.js:601:23)
[   51657ms] ReferenceError: t is not defined
    at animate (http://localhost:8123/mascot/mascot.js:601:23)
[   51666ms] ReferenceError: t is not defined
    at animate (http://localhost:8123/mascot/mascot.js:601:23)
[   51673ms] ReferenceError: t is not defined
    at animate (http://localhost:8123/mascot/mascot.js:601:23)
[   51682ms] ReferenceError: t is not defined
    at animate (http://localhost:8123/mascot/mascot.js:601:23)
[   51690ms] ReferenceError: t is not defined
    at animate (http://localhost:8123/mascot/mascot.js:601:23)
[   51698ms] ReferenceError: t is not defined
    at animate (http://localhost:8123/mascot/mascot.js:601:23)
[   51706ms] ReferenceError: t is not defined
    at animate (http://localhost:8123/mascot/mascot.js:601:23)
[   51714ms] ReferenceError: t is not defined
    at animate (http://localhost:8123/mascot/mascot.js:601:23)
[   51722ms] ReferenceError: t is not defined
    at animate (http://localhost:8123/mascot/mascot.js:601:23)
[   51731ms] ReferenceError: t is not defined
    at animate (http://localhost:8123/mascot/mascot.js:601:23)
[   51739ms] ReferenceError: t is not defined
    at animate (http://localhost:8123/mascot/mascot.js:601:23)
[   51747ms] ReferenceError: t is not defined
    at animate (http://localhost:8123/mascot/mascot.js:601:23)
[   51756ms] ReferenceError: t is not defined
    at animate (http://localhost:8123/mascot/mascot.js:601:23)
[   51764ms] ReferenceError: t is not defined
    at animate (http://localhost:8123/mascot/mascot.js:601:23)
[   51772ms] ReferenceError: t is not defined
    at animate (http://localhost:8123/mascot/mascot.js:601:23)
[   51781ms] ReferenceError: t is not defined
    at animate (http://localhost:8123/mascot/mascot.js:601:23)
[   51789ms] ReferenceError: t is not defined
    at animate (http://localhost:8123/mascot/mascot.js:601:23)
[   51797ms] ReferenceError: t is not defined
    at animate (http://localhost:8123/mascot/mascot.js:601:23)
[   51806ms] ReferenceError: t is not defined
    at animate (http://localhost:8123/mascot/mascot.js:601:23)
[   51814ms] ReferenceError: t is not defined
    at animate (http://localhost:8123/mascot/mascot.js:601:23)
[   51822ms] ReferenceError: t is not defined
    at animate (http://localhost:8123/mascot/mascot.js:601:23)
[   51831ms] ReferenceError: t is not defined
    at animate (http://localhost:8123/mascot/mascot.js:601:23)
[   51839ms] ReferenceError: t is not defined
    at animate (http://localhost:8123/mascot/mascot.js:601:23)
[   51848ms] ReferenceError: t is not defined
    at animate (http://localhost:8123/mascot/mascot.js:601:23)
[   51856ms] ReferenceError: t is not defined
    at animate (http://localhost:8123/mascot/mascot.js:601:23)
[   51864ms] ReferenceError: t is not defined
    at animate (http://localhost:8123/mascot/mascot.js:601:23)
[   51872ms] ReferenceError: t is not defined
    at animate (http://localhost:8123/mascot/mascot.js:601:23)
[   51881ms] ReferenceError: t is not defined
    at animate (http://localhost:8123/mascot/mascot.js:601:23)
[   51890ms] ReferenceError: t is not defined
    at animate (http://localhost:8123/mascot/mascot.js:601:23)
[   51898ms] ReferenceError: t is not defined
    at animate (http://localhost:8123/mascot/mascot.js:601:23)
[   51906ms] ReferenceError: t is not defined
    at animate (http://localhost:8123/mascot/mascot.js:601:23)
[   51915ms] ReferenceError: t is not defined
    at animate (http://localhost:8123/mascot/mascot.js:601:23)
[   51923ms] ReferenceError: t is not defined
    at animate (http://localhost:8123/mascot/mascot.js:601:23)
[   51931ms] ReferenceError: t is not defined
    at animate (http://localhost:8123/mascot/mascot.js:601:23)
[   51940ms] ReferenceError: t is not defined
    at animate (http://localhost:8123/mascot/mascot.js:601:23)
[   51948ms] ReferenceError: t is not defined
    at animate (http://localhost:8123/mascot/mascot.js:601:23)
[   51957ms] ReferenceError: t is not defined
    at animate (http://localhost:8123/mascot/mascot.js:601:23)
[   51966ms] ReferenceError: t is not defined
    at animate (http://localhost:8123/mascot/mascot.js:601:23)
[   51972ms] ReferenceError: t is not defined
    at animate (http://localhost:8123/mascot/mascot.js:601:23)
[   51983ms] ReferenceError: t is not defined
    at animate (http://localhost:8123/mascot/mascot.js:601:23)
[   51990ms] ReferenceError: t is not defined
    at animate (http://localhost:8123/mascot/mascot.js:601:23)
[   51999ms] ReferenceError: t is not defined
    at animate (http://localhost:8123/mascot/mascot.js:601:23)
[   52006ms] ReferenceError: t is not defined
    at animate (http://localhost:8123/mascot/mascot.js:601:23)
[   52015ms] ReferenceError: t is not defined
    at animate (http://localhost:8123/mascot/mascot.js:601:23)
[   52023ms] ReferenceError: t is not defined
    at animate (http://localhost:8123/mascot/mascot.js:601:23)
[   52032ms] ReferenceError: t is not defined
    at animate (http://localhost:8123/mascot/mascot.js:601:23)
[   52040ms] ReferenceError: t is not defined
    at animate (http://localhost:8123/mascot/mascot.js:601:23)
[   52049ms] ReferenceError: t is not defined
    at animate (http://localhost:8123/mascot/mascot.js:601:23)
[   52057ms] ReferenceError: t is not defined
    at animate (http://localhost:8123/mascot/mascot.js:601:23)
[   52065ms] ReferenceError: t is not defined
    at animate (http://localhost:8123/mascot/mascot.js:601:23)
[   52074ms] ReferenceError: t is not defined
    at animate (http://localhost:8123/mascot/mascot.js:601:23)
[   52082ms] ReferenceError: t is not defined
    at animate (http://localhost:8123/mascot/mascot.js:601:23)
[   52090ms] ReferenceError: t is not defined
    at animate (http://localhost:8123/mascot/mascot.js:601:23)
[   52098ms] ReferenceError: t is not defined
    at animate (http://localhost:8123/mascot/mascot.js:601:23)
[   52107ms] ReferenceError: t is not defined
    at animate (http://localhost:8123/mascot/mascot.js:601:23)
[   52114ms] ReferenceError: t is not defined
    at animate (http://localhost:8123/mascot/mascot.js:601:23)
[   52124ms] ReferenceError: t is not defined
    at animate (http://localhost:8123/mascot/mascot.js:601:23)
[   52131ms] ReferenceError: t is not defined
    at animate (http://localhost:8123/mascot/mascot.js:601:23)
[   52139ms] ReferenceError: t is not defined
    at animate (http://localhost:8123/mascot/mascot.js:601:23)
[   52148ms] ReferenceError: t is not defined
    at animate (http://localhost:8123/mascot/mascot.js:601:23)
[   52156ms] ReferenceError: t is not defined
    at animate (http://localhost:8123/mascot/mascot.js:601:23)
[   52165ms] ReferenceError: t is not defined
    at animate (http://localhost:8123/mascot/mascot.js:601:23)
[   52173ms] ReferenceError: t is not defined
    at animate (http://localhost:8123/mascot/mascot.js:601:23)
[   52182ms] ReferenceError: t is not defined
    at animate (http://localhost:8123/mascot/mascot.js:601:23)
[   52190ms] ReferenceError: t is not defined
    at animate (http://localhost:8123/mascot/mascot.js:601:23)
[   52198ms] ReferenceError: t is not defined
    at animate (http://localhost:8123/mascot/mascot.js:601:23)
[   52206ms] ReferenceError: t is not defined
    at animate (http://localhost:8123/mascot/mascot.js:601:23)
[   52214ms] ReferenceError: t is not defined
    at animate (http://localhost:8123/mascot/mascot.js:601:23)
[   52222ms] ReferenceError: t is not defined
    at animate (http://localhost:8123/mascot/mascot.js:601:23)
[   52231ms] ReferenceError: t is not defined
    at animate (http://localhost:8123/mascot/mascot.js:601:23)
[   52240ms] ReferenceError: t is not defined
    at animate (http://localhost:8123/mascot/mascot.js:601:23)
[   52248ms] ReferenceError: t is not defined
    at animate (http://localhost:8123/mascot/mascot.js:601:23)
[   52256ms] ReferenceError: t is not defined
    at animate (http://localhost:8123/mascot/mascot.js:601:23)
[   52265ms] ReferenceError: t is not defined
    at animate (http://localhost:8123/mascot/mascot.js:601:23)
[   52273ms] ReferenceError: t is not defined
    at animate (http://localhost:8123/mascot/mascot.js:601:23)
[   52281ms] ReferenceError: t is not defined
    at animate (http://localhost:8123/mascot/mascot.js:601:23)
[   52290ms] ReferenceError: t is not defined
    at animate (http://localhost:8123/mascot/mascot.js:601:23)
[   52298ms] ReferenceError: t is not defined
    at animate (http://localhost:8123/mascot/mascot.js:601:23)
[   52307ms] ReferenceError: t is not defined
    at animate (http://localhost:8123/mascot/mascot.js:601:23)
[   52316ms] ReferenceError: t is not defined
    at animate (http://localhost:8123/mascot/mascot.js:601:23)
[   52324ms] ReferenceError: t is not defined
    at animate (http://localhost:8123/mascot/mascot.js:601:23)
[   52332ms] ReferenceError: t is not defined
    at animate (http://localhost:8123/mascot/mascot.js:601:23)
[   52340ms] ReferenceError: t is not defined
    at animate (http://localhost:8123/mascot/mascot.js:601:23)
[   52348ms] ReferenceError: t is not defined
    at animate (http://localhost:8123/mascot/mascot.js:601:23)
[   52356ms] ReferenceError: t is not defined
    at animate (http://localhost:8123/mascot/mascot.js:601:23)
[   52364ms] ReferenceError: t is not defined
    at animate (http://localhost:8123/mascot/mascot.js:601:23)
[   52373ms] ReferenceError: t is not defined
    at animate (http://localhost:8123/mascot/mascot.js:601:23)
[   52381ms] ReferenceError: t is not defined
    at animate (http://localhost:8123/mascot/mascot.js:601:23)
[   52391ms] ReferenceError: t is not defined
    at animate (http://localhost:8123/mascot/mascot.js:601:23)
[   52398ms] ReferenceError: t is not defined
    at animate (http://localhost:8123/mascot/mascot.js:601:23)
[   52406ms] ReferenceError: t is not defined
    at animate (http://localhost:8123/mascot/mascot.js:601:23)
[   52415ms] ReferenceError: t is not defined
    at animate (http://localhost:8123/mascot/mascot.js:601:23)
[   52424ms] ReferenceError: t is not defined
    at animate (http://localhost:8123/mascot/mascot.js:601:23)
[   52432ms] ReferenceError: t is not defined
    at animate (http://localhost:8123/mascot/mascot.js:601:23)
[   52440ms] ReferenceError: t is not defined
    at animate (http://localhost:8123/mascot/mascot.js:601:23)
[   52448ms] ReferenceError: t is not defined
    at animate (http://localhost:8123/mascot/mascot.js:601:23)
[   52456ms] ReferenceError: t is not defined
    at animate (http://localhost:8123/mascot/mascot.js:601:23)
[   52465ms] ReferenceError: t is not defined
    at animate (http://localhost:8123/mascot/mascot.js:601:23)
[   52473ms] ReferenceError: t is not defined
    at animate (http://localhost:8123/mascot/mascot.js:601:23)
[   52481ms] ReferenceError: t is not defined
    at animate (http://localhost:8123/mascot/mascot.js:601:23)
[   52490ms] ReferenceError: t is not defined
    at animate (http://localhost:8123/mascot/mascot.js:601:23)
[   52498ms] ReferenceError: t is not defined
    at animate (http://localhost:8123/mascot/mascot.js:601:23)
[   52507ms] ReferenceError: t is not defined
    at animate (http://localhost:8123/mascot/mascot.js:601:23)
[   52516ms] ReferenceError: t is not defined
    at animate (http://localhost:8123/mascot/mascot.js:601:23)
[   52524ms] ReferenceError: t is not defined
    at animate (http://localhost:8123/mascot/mascot.js:601:23)
[   52533ms] ReferenceError: t is not defined
    at animate (http://localhost:8123/mascot/mascot.js:601:23)
[   52541ms] ReferenceError: t is not defined
    at animate (http://localhost:8123/mascot/mascot.js:601:23)
[   52549ms] ReferenceError: t is not defined
    at animate (http://localhost:8123/mascot/mascot.js:601:23)
[   52557ms] ReferenceError: t is not defined
    at animate (http://localhost:8123/mascot/mascot.js:601:23)
[   52565ms] ReferenceError: t is not defined
    at animate (http://localhost:8123/mascot/mascot.js:601:23)
[   52574ms] ReferenceError: t is not defined
    at animate (http://localhost:8123/mascot/mascot.js:601:23)
[   52583ms] ReferenceError: t is not defined
    at animate (http://localhost:8123/mascot/mascot.js:601:23)
[   52591ms] ReferenceError: t is not defined
    at animate (http://localhost:8123/mascot/mascot.js:601:23)
[   52598ms] ReferenceError: t is not defined
    at animate (http://localhost:8123/mascot/mascot.js:601:23)
[   52607ms] ReferenceError: t is not defined
    at animate (http://localhost:8123/mascot/mascot.js:601:23)
[   52614ms] ReferenceError: t is not defined
    at animate (http://localhost:8123/mascot/mascot.js:601:23)
[   52623ms] ReferenceError: t is not defined
    at animate (http://localhost:8123/mascot/mascot.js:601:23)
[   52631ms] ReferenceError: t is not defined
    at animate (http://localhost:8123/mascot/mascot.js:601:23)
[   52640ms] ReferenceError: t is not defined
    at animate (http://localhost:8123/mascot/mascot.js:601:23)
[   52652ms] ReferenceError: t is not defined
    at animate (http://localhost:8123/mascot/mascot.js:601:23)
[   52658ms] ReferenceError: t is not defined
    at animate (http://localhost:8123/mascot/mascot.js:601:23)
[   52666ms] ReferenceError: t is not defined
    at animate (http://localhost:8123/mascot/mascot.js:601:23)
[   52674ms] ReferenceError: t is not defined
    at animate (http://localhost:8123/mascot/mascot.js:601:23)
[   52682ms] ReferenceError: t is not defined
    at animate (http://localhost:8123/mascot/mascot.js:601:23)
[   52691ms] ReferenceError: t is not defined
    at animate (http://localhost:8123/mascot/mascot.js:601:23)
[   52698ms] ReferenceError: t is not defined
    at animate (http://localhost:8123/mascot/mascot.js:601:23)
[   52707ms] ReferenceError: t is not defined
    at animate (http://localhost:8123/mascot/mascot.js:601:23)
[   52716ms] ReferenceError: t is not defined
    at animate (http://localhost:8123/mascot/mascot.js:601:23)
[   52723ms] ReferenceError: t is not defined
    at animate (http://localhost:8123/mascot/mascot.js:601:23)
[   52731ms] ReferenceError: t is not defined
    at animate (http://localhost:8123/mascot/mascot.js:601:23)
[   52739ms] ReferenceError: t is not defined
    at animate (http://localhost:8123/mascot/mascot.js:601:23)
[   52748ms] ReferenceError: t is not defined
    at animate (http://localhost:8123/mascot/mascot.js:601:23)
[   52756ms] ReferenceError: t is not defined
    at animate (http://localhost:8123/mascot/mascot.js:601:23)
[   52764ms] ReferenceError: t is not defined
    at animate (http://localhost:8123/mascot/mascot.js:601:23)
[   52772ms] ReferenceError: t is not defined
    at animate (http://localhost:8123/mascot/mascot.js:601:23)
[   52781ms] ReferenceError: t is not defined
    at animate (http://localhost:8123/mascot/mascot.js:601:23)
[   52789ms] ReferenceError: t is not defined
    at animate (http://localhost:8123/mascot/mascot.js:601:23)
[   52799ms] ReferenceError: t is not defined
    at animate (http://localhost:8123/mascot/mascot.js:601:23)
[   52806ms] ReferenceError: t is not defined
    at animate (http://localhost:8123/mascot/mascot.js:601:23)
[   52814ms] ReferenceError: t is not defined
    at animate (http://localhost:8123/mascot/mascot.js:601:23)
[   52824ms] ReferenceError: t is not defined
    at animate (http://localhost:8123/mascot/mascot.js:601:23)
[   52831ms] ReferenceError: t is not defined
    at animate (http://localhost:8123/mascot/mascot.js:601:23)
[   52840ms] ReferenceError: t is not defined
    at animate (http://localhost:8123/mascot/mascot.js:601:23)
[   52848ms] ReferenceError: t is not defined
    at animate (http://localhost:8123/mascot/mascot.js:601:23)
[   52856ms] ReferenceError: t is not defined
    at animate (http://localhost:8123/mascot/mascot.js:601:23)
[   52865ms] ReferenceError: t is not defined
    at animate (http://localhost:8123/mascot/mascot.js:601:23)
[   52872ms] ReferenceError: t is not defined
    at animate (http://localhost:8123/mascot/mascot.js:601:23)
[   52881ms] ReferenceError: t is not defined
    at animate (http://localhost:8123/mascot/mascot.js:601:23)
[   52889ms] ReferenceError: t is not defined
    at animate (http://localhost:8123/mascot/mascot.js:601:23)
[   52898ms] ReferenceError: t is not defined
    at animate (http://localhost:8123/mascot/mascot.js:601:23)
[   52906ms] ReferenceError: t is not defined
    at animate (http://localhost:8123/mascot/mascot.js:601:23)
[   52914ms] ReferenceError: t is not defined
    at animate (http://localhost:8123/mascot/mascot.js:601:23)
[   52922ms] ReferenceError: t is not defined
    at animate (http://localhost:8123/mascot/mascot.js:601:23)
[   52932ms] ReferenceError: t is not defined
    at animate (http://localhost:8123/mascot/mascot.js:601:23)
[   52940ms] ReferenceError: t is not defined
    at animate (http://localhost:8123/mascot/mascot.js:601:23)
[   52948ms] ReferenceError: t is not defined
    at animate (http://localhost:8123/mascot/mascot.js:601:23)
[   52956ms] ReferenceError: t is not defined
    at animate (http://localhost:8123/mascot/mascot.js:601:23)
[   52965ms] ReferenceError: t is not defined
    at animate (http://localhost:8123/mascot/mascot.js:601:23)
[   52973ms] ReferenceError: t is not defined
    at animate (http://localhost:8123/mascot/mascot.js:601:23)
[   52981ms] ReferenceError: t is not defined
    at animate (http://localhost:8123/mascot/mascot.js:601:23)
[   52991ms] ReferenceError: t is not defined
    at animate (http://localhost:8123/mascot/mascot.js:601:23)
[   52998ms] ReferenceError: t is not defined
    at animate (http://localhost:8123/mascot/mascot.js:601:23)
[   53007ms] ReferenceError: t is not defined
    at animate (http://localhost:8123/mascot/mascot.js:601:23)
[   53015ms] ReferenceError: t is not defined
    at animate (http://localhost:8123/mascot/mascot.js:601:23)
[   53023ms] ReferenceError: t is not defined
    at animate (http://localhost:8123/mascot/mascot.js:601:23)
[   53032ms] ReferenceError: t is not defined
    at animate (http://localhost:8123/mascot/mascot.js:601:23)
[   53040ms] ReferenceError: t is not defined
    at animate (http://localhost:8123/mascot/mascot.js:601:23)
[   53049ms] ReferenceError: t is not defined
    at animate (http://localhost:8123/mascot/mascot.js:601:23)
[   53057ms] ReferenceError: t is not defined
    at animate (http://localhost:8123/mascot/mascot.js:601:23)
[   53066ms] ReferenceError: t is not defined
    at animate (http://localhost:8123/mascot/mascot.js:601:23)
[   53074ms] ReferenceError: t is not defined
    at animate (http://localhost:8123/mascot/mascot.js:601:23)
[   53083ms] ReferenceError: t is not defined
    at animate (http://localhost:8123/mascot/mascot.js:601:23)
[   53090ms] ReferenceError: t is not defined
    at animate (http://localhost:8123/mascot/mascot.js:601:23)
[   53098ms] ReferenceError: t is not defined
    at animate (http://localhost:8123/mascot/mascot.js:601:23)
[   53107ms] ReferenceError: t is not defined
    at animate (http://localhost:8123/mascot/mascot.js:601:23)
[   53115ms] ReferenceError: t is not defined
    at animate (http://localhost:8123/mascot/mascot.js:601:23)
[   53124ms] ReferenceError: t is not defined
    at animate (http://localhost:8123/mascot/mascot.js:601:23)
[   53131ms] ReferenceError: t is not defined
    at animate (http://localhost:8123/mascot/mascot.js:601:23)
[   53140ms] ReferenceError: t is not defined
    at animate (http://localhost:8123/mascot/mascot.js:601:23)
[   53148ms] ReferenceError: t is not defined
    at animate (http://localhost:8123/mascot/mascot.js:601:23)
[   53156ms] ReferenceError: t is not defined
    at animate (http://localhost:8123/mascot/mascot.js:601:23)
[   53165ms] ReferenceError: t is not defined
    at animate (http://localhost:8123/mascot/mascot.js:601:23)
[   53173ms] ReferenceError: t is not defined
    at animate (http://localhost:8123/mascot/mascot.js:601:23)
[   53182ms] ReferenceError: t is not defined
    at animate (http://localhost:8123/mascot/mascot.js:601:23)
[   53190ms] ReferenceError: t is not defined
    at animate (http://localhost:8123/mascot/mascot.js:601:23)
[   53198ms] ReferenceError: t is not defined
    at animate (http://localhost:8123/mascot/mascot.js:601:23)
[   53206ms] ReferenceError: t is not defined
    at animate (http://localhost:8123/mascot/mascot.js:601:23)
[   53214ms] ReferenceError: t is not defined
    at animate (http://localhost:8123/mascot/mascot.js:601:23)
[   53223ms] ReferenceError: t is not defined
    at animate (http://localhost:8123/mascot/mascot.js:601:23)
[   53231ms] ReferenceError: t is not defined
    at animate (http://localhost:8123/mascot/mascot.js:601:23)
[   53240ms] ReferenceError: t is not defined
    at animate (http://localhost:8123/mascot/mascot.js:601:23)
[   53248ms] ReferenceError: t is not defined
    at animate (http://localhost:8123/mascot/mascot.js:601:23)
[   53256ms] ReferenceError: t is not defined
    at animate (http://localhost:8123/mascot/mascot.js:601:23)
[   53265ms] ReferenceError: t is not defined
    at animate (http://localhost:8123/mascot/mascot.js:601:23)
[   53273ms] ReferenceError: t is not defined
    at animate (http://localhost:8123/mascot/mascot.js:601:23)
[   53281ms] ReferenceError: t is not defined
    at animate (http://localhost:8123/mascot/mascot.js:601:23)
[   53290ms] ReferenceError: t is not defined
    at animate (http://localhost:8123/mascot/mascot.js:601:23)
[   53300ms] ReferenceError: t is not defined
    at animate (http://localhost:8123/mascot/mascot.js:601:23)
[   53307ms] ReferenceError: t is not defined
    at animate (http://localhost:8123/mascot/mascot.js:601:23)
[   53315ms] ReferenceError: t is not defined
    at animate (http://localhost:8123/mascot/mascot.js:601:23)
[   53324ms] ReferenceError: t is not defined
    at animate (http://localhost:8123/mascot/mascot.js:601:23)
[   53333ms] ReferenceError: t is not defined
    at animate (http://localhost:8123/mascot/mascot.js:601:23)
[   53340ms] ReferenceError: t is not defined
    at animate (http://localhost:8123/mascot/mascot.js:601:23)
[   53348ms] ReferenceError: t is not defined
    at animate (http://localhost:8123/mascot/mascot.js:601:23)
[   53357ms] ReferenceError: t is not defined
    at animate (http://localhost:8123/mascot/mascot.js:601:23)
[   53365ms] ReferenceError: t is not defined
    at animate (http://localhost:8123/mascot/mascot.js:601:23)
[   53374ms] ReferenceError: t is not defined
    at animate (http://localhost:8123/mascot/mascot.js:601:23)
[   53383ms] ReferenceError: t is not defined
    at animate (http://localhost:8123/mascot/mascot.js:601:23)
[   53391ms] ReferenceError: t is not defined
    at animate (http://localhost:8123/mascot/mascot.js:601:23)
[   53399ms] ReferenceError: t is not defined
    at animate (http://localhost:8123/mascot/mascot.js:601:23)
[   53408ms] ReferenceError: t is not defined
    at animate (http://localhost:8123/mascot/mascot.js:601:23)
[   53416ms] ReferenceError: t is not defined
    at animate (http://localhost:8123/mascot/mascot.js:601:23)
[   53423ms] ReferenceError: t is not defined
    at animate (http://localhost:8123/mascot/mascot.js:601:23)
[   53432ms] ReferenceError: t is not defined
    at animate (http://localhost:8123/mascot/mascot.js:601:23)
[   53440ms] ReferenceError: t is not defined
    at animate (http://localhost:8123/mascot/mascot.js:601:23)
[   53449ms] ReferenceError: t is not defined
    at animate (http://localhost:8123/mascot/mascot.js:601:23)
[   53456ms] ReferenceError: t is not defined
    at animate (http://localhost:8123/mascot/mascot.js:601:23)
[   53465ms] ReferenceError: t is not defined
    at animate (http://localhost:8123/mascot/mascot.js:601:23)
[   53473ms] ReferenceError: t is not defined
    at animate (http://localhost:8123/mascot/mascot.js:601:23)
[   53482ms] ReferenceError: t is not defined
    at animate (http://localhost:8123/mascot/mascot.js:601:23)
[   53491ms] ReferenceError: t is not defined
    at animate (http://localhost:8123/mascot/mascot.js:601:23)
[   53498ms] ReferenceError: t is not defined
    at animate (http://localhost:8123/mascot/mascot.js:601:23)
[   53507ms] ReferenceError: t is not defined
    at animate (http://localhost:8123/mascot/mascot.js:601:23)
[   53516ms] ReferenceError: t is not defined
    at animate (http://localhost:8123/mascot/mascot.js:601:23)
[   53525ms] ReferenceError: t is not defined
    at animate (http://localhost:8123/mascot/mascot.js:601:23)
[   53532ms] ReferenceError: t is not defined
    at animate (http://localhost:8123/mascot/mascot.js:601:23)
[   53541ms] ReferenceError: t is not defined
    at animate (http://localhost:8123/mascot/mascot.js:601:23)
[   53550ms] ReferenceError: t is not defined
    at animate (http://localhost:8123/mascot/mascot.js:601:23)
[   53557ms] ReferenceError: t is not defined
    at animate (http://localhost:8123/mascot/mascot.js:601:23)
[   53566ms] ReferenceError: t is not defined
    at animate (http://localhost:8123/mascot/mascot.js:601:23)
[   53573ms] ReferenceError: t is not defined
    at animate (http://localhost:8123/mascot/mascot.js:601:23)
[   53581ms] ReferenceError: t is not defined
    at animate (http://localhost:8123/mascot/mascot.js:601:23)
[   53591ms] ReferenceError: t is not defined
    at animate (http://localhost:8123/mascot/mascot.js:601:23)
[   53598ms] ReferenceError: t is not defined
    at animate (http://localhost:8123/mascot/mascot.js:601:23)
[   53607ms] ReferenceError: t is not defined
    at animate (http://localhost:8123/mascot/mascot.js:601:23)
[   53615ms] ReferenceError: t is not defined
    at animate (http://localhost:8123/mascot/mascot.js:601:23)
[   53625ms] ReferenceError: t is not defined
    at animate (http://localhost:8123/mascot/mascot.js:601:23)
[   53631ms] ReferenceError: t is not defined
    at animate (http://localhost:8123/mascot/mascot.js:601:23)
[   53640ms] ReferenceError: t is not defined
    at animate (http://localhost:8123/mascot/mascot.js:601:23)
[   53648ms] ReferenceError: t is not defined
    at animate (http://localhost:8123/mascot/mascot.js:601:23)
[   53657ms] ReferenceError: t is not defined
    at animate (http://localhost:8123/mascot/mascot.js:601:23)
[   53665ms] ReferenceError: t is not defined
    at animate (http://localhost:8123/mascot/mascot.js:601:23)
[   53673ms] ReferenceError: t is not defined
    at animate (http://localhost:8123/mascot/mascot.js:601:23)
[   53682ms] ReferenceError: t is not defined
    at animate (http://localhost:8123/mascot/mascot.js:601:23)
[   53691ms] ReferenceError: t is not defined
    at animate (http://localhost:8123/mascot/mascot.js:601:23)
[   53700ms] ReferenceError: t is not defined
    at animate (http://localhost:8123/mascot/mascot.js:601:23)
[   53708ms] ReferenceError: t is not defined
    at animate (http://localhost:8123/mascot/mascot.js:601:23)
[   53716ms] ReferenceError: t is not defined
    at animate (http://localhost:8123/mascot/mascot.js:601:23)
[   53724ms] ReferenceError: t is not defined
    at animate (http://localhost:8123/mascot/mascot.js:601:23)
[   53732ms] ReferenceError: t is not defined
    at animate (http://localhost:8123/mascot/mascot.js:601:23)
[   53740ms] ReferenceError: t is not defined
    at animate (http://localhost:8123/mascot/mascot.js:601:23)
[   53748ms] ReferenceError: t is not defined
    at animate (http://localhost:8123/mascot/mascot.js:601:23)
[   53756ms] ReferenceError: t is not defined
    at animate (http://localhost:8123/mascot/mascot.js:601:23)
[   53765ms] ReferenceError: t is not defined
    at animate (http://localhost:8123/mascot/mascot.js:601:23)
[   53773ms] ReferenceError: t is not defined
    at animate (http://localhost:8123/mascot/mascot.js:601:23)
[   53781ms] ReferenceError: t is not defined
    at animate (http://localhost:8123/mascot/mascot.js:601:23)
[   53789ms] ReferenceError: t is not defined
    at animate (http://localhost:8123/mascot/mascot.js:601:23)
[   53798ms] ReferenceError: t is not defined
    at animate (http://localhost:8123/mascot/mascot.js:601:23)
[   53806ms] ReferenceError: t is not defined
    at animate (http://localhost:8123/mascot/mascot.js:601:23)
[   53814ms] ReferenceError: t is not defined
    at animate (http://localhost:8123/mascot/mascot.js:601:23)
[   53823ms] ReferenceError: t is not defined
    at animate (http://localhost:8123/mascot/mascot.js:601:23)
[   53831ms] ReferenceError: t is not defined
    at animate (http://localhost:8123/mascot/mascot.js:601:23)
[   53839ms] ReferenceError: t is not defined
    at animate (http://localhost:8123/mascot/mascot.js:601:23)
[   53848ms] ReferenceError: t is not defined
    at animate (http://localhost:8123/mascot/mascot.js:601:23)
[   53857ms] ReferenceError: t is not defined
    at animate (http://localhost:8123/mascot/mascot.js:601:23)
[   53864ms] ReferenceError: t is not defined
    at animate (http://localhost:8123/mascot/mascot.js:601:23)
[   53873ms] ReferenceError: t is not defined
    at animate (http://localhost:8123/mascot/mascot.js:601:23)
[   53881ms] ReferenceError: t is not defined
    at animate (http://localhost:8123/mascot/mascot.js:601:23)
[   53889ms] ReferenceError: t is not defined
    at animate (http://localhost:8123/mascot/mascot.js:601:23)
[   53898ms] ReferenceError: t is not defined
    at animate (http://localhost:8123/mascot/mascot.js:601:23)
[   53906ms] ReferenceError: t is not defined
    at animate (http://localhost:8123/mascot/mascot.js:601:23)
[   53914ms] ReferenceError: t is not defined
    at animate (http://localhost:8123/mascot/mascot.js:601:23)
[   53923ms] ReferenceError: t is not defined
    at animate (http://localhost:8123/mascot/mascot.js:601:23)
[   53930ms] ReferenceError: t is not defined
    at animate (http://localhost:8123/mascot/mascot.js:601:23)
[   53939ms] ReferenceError: t is not defined
    at animate (http://localhost:8123/mascot/mascot.js:601:23)
[   53948ms] ReferenceError: t is not defined
    at animate (http://localhost:8123/mascot/mascot.js:601:23)
[   53956ms] ReferenceError: t is not defined
    at animate (http://localhost:8123/mascot/mascot.js:601:23)
[   53964ms] ReferenceError: t is not defined
    at animate (http://localhost:8123/mascot/mascot.js:601:23)
[   53972ms] ReferenceError: t is not defined
    at animate (http://localhost:8123/mascot/mascot.js:601:23)
[   53981ms] ReferenceError: t is not defined
    at animate (http://localhost:8123/mascot/mascot.js:601:23)
[   53989ms] ReferenceError: t is not defined
    at animate (http://localhost:8123/mascot/mascot.js:601:23)
[   53998ms] ReferenceError: t is not defined
    at animate (http://localhost:8123/mascot/mascot.js:601:23)
[   54006ms] ReferenceError: t is not defined
    at animate (http://localhost:8123/mascot/mascot.js:601:23)
[   54014ms] ReferenceError: t is not defined
    at animate (http://localhost:8123/mascot/mascot.js:601:23)
[   54023ms] ReferenceError: t is not defined
    at animate (http://localhost:8123/mascot/mascot.js:601:23)
[   54031ms] ReferenceError: t is not defined
    at animate (http://localhost:8123/mascot/mascot.js:601:23)
[   54039ms] ReferenceError: t is not defined
    at animate (http://localhost:8123/mascot/mascot.js:601:23)
[   54049ms] ReferenceError: t is not defined
    at animate (http://localhost:8123/mascot/mascot.js:601:23)
[   54056ms] ReferenceError: t is not defined
    at animate (http://localhost:8123/mascot/mascot.js:601:23)
[   54065ms] ReferenceError: t is not defined
    at animate (http://localhost:8123/mascot/mascot.js:601:23)
[   54073ms] ReferenceError: t is not defined
    at animate (http://localhost:8123/mascot/mascot.js:601:23)
[   54081ms] ReferenceError: t is not defined
    at animate (http://localhost:8123/mascot/mascot.js:601:23)
[   54090ms] ReferenceError: t is not defined
    at animate (http://localhost:8123/mascot/mascot.js:601:23)
[   54098ms] ReferenceError: t is not defined
    at animate (http://localhost:8123/mascot/mascot.js:601:23)
[   54107ms] ReferenceError: t is not defined
    at animate (http://localhost:8123/mascot/mascot.js:601:23)
[   54115ms] ReferenceError: t is not defined
    at animate (http://localhost:8123/mascot/mascot.js:601:23)
[   54123ms] ReferenceError: t is not defined
    at animate (http://localhost:8123/mascot/mascot.js:601:23)
[   54135ms] ReferenceError: t is not defined
    at animate (http://localhost:8123/mascot/mascot.js:601:23)
[   54140ms] ReferenceError: t is not defined
    at animate (http://localhost:8123/mascot/mascot.js:601:23)
[   54149ms] ReferenceError: t is not defined
    at animate (http://localhost:8123/mascot/mascot.js:601:23)
[   54157ms] ReferenceError: t is not defined
    at animate (http://localhost:8123/mascot/mascot.js:601:23)
[   54164ms] ReferenceError: t is not defined
    at animate (http://localhost:8123/mascot/mascot.js:601:23)
[   54173ms] ReferenceError: t is not defined
    at animate (http://localhost:8123/mascot/mascot.js:601:23)
[   54182ms] ReferenceError: t is not defined
    at animate (http://localhost:8123/mascot/mascot.js:601:23)
[   54192ms] ReferenceError: t is not defined
    at animate (http://localhost:8123/mascot/mascot.js:601:23)
[   54200ms] ReferenceError: t is not defined
    at animate (http://localhost:8123/mascot/mascot.js:601:23)
[   54210ms] ReferenceError: t is not defined
    at animate (http://localhost:8123/mascot/mascot.js:601:23)
[   54218ms] ReferenceError: t is not defined
    at animate (http://localhost:8123/mascot/mascot.js:601:23)
[   54227ms] ReferenceError: t is not defined
    at animate (http://localhost:8123/mascot/mascot.js:601:23)
[   54235ms] ReferenceError: t is not defined
    at animate (http://localhost:8123/mascot/mascot.js:601:23)
[   54243ms] ReferenceError: t is not defined
    at animate (http://localhost:8123/mascot/mascot.js:601:23)
[   54252ms] ReferenceError: t is not defined
    at animate (http://localhost:8123/mascot/mascot.js:601:23)
[   54260ms] ReferenceError: t is not defined
    at animate (http://localhost:8123/mascot/mascot.js:601:23)
[   54269ms] ReferenceError: t is not defined
    at animate (http://localhost:8123/mascot/mascot.js:601:23)
[   54277ms] ReferenceError: t is not defined
    at animate (http://localhost:8123/mascot/mascot.js:601:23)
[   54286ms] ReferenceError: t is not defined
    at animate (http://localhost:8123/mascot/mascot.js:601:23)
[   54294ms] ReferenceError: t is not defined
    at animate (http://localhost:8123/mascot/mascot.js:601:23)
[   54302ms] ReferenceError: t is not defined
    at animate (http://localhost:8123/mascot/mascot.js:601:23)
[   54310ms] ReferenceError: t is not defined
    at animate (http://localhost:8123/mascot/mascot.js:601:23)
[   54318ms] ReferenceError: t is not defined
    at animate (http://localhost:8123/mascot/mascot.js:601:23)
[   54327ms] ReferenceError: t is not defined
    at animate (http://localhost:8123/mascot/mascot.js:601:23)
[   54335ms] ReferenceError: t is not defined
    at animate (http://localhost:8123/mascot/mascot.js:601:23)
[   54344ms] ReferenceError: t is not defined
    at animate (http://localhost:8123/mascot/mascot.js:601:23)
[   54352ms] ReferenceError: t is not defined
    at animate (http://localhost:8123/mascot/mascot.js:601:23)
[   54360ms] ReferenceError: t is not defined
    at animate (http://localhost:8123/mascot/mascot.js:601:23)
[   54369ms] ReferenceError: t is not defined
    at animate (http://localhost:8123/mascot/mascot.js:601:23)
[   54378ms] ReferenceError: t is not defined
    at animate (http://localhost:8123/mascot/mascot.js:601:23)
[   54386ms] ReferenceError: t is not defined
    at animate (http://localhost:8123/mascot/mascot.js:601:23)
[   54394ms] ReferenceError: t is not defined
    at animate (http://localhost:8123/mascot/mascot.js:601:23)
[   54402ms] ReferenceError: t is not defined
    at animate (http://localhost:8123/mascot/mascot.js:601:23)
[   54410ms] ReferenceError: t is not defined
    at animate (http://localhost:8123/mascot/mascot.js:601:23)
[   54419ms] ReferenceError: t is not defined
    at animate (http://localhost:8123/mascot/mascot.js:601:23)
[   54427ms] ReferenceError: t is not defined
    at animate (http://localhost:8123/mascot/mascot.js:601:23)
[   54436ms] ReferenceError: t is not defined
    at animate (http://localhost:8123/mascot/mascot.js:601:23)
[   54444ms] ReferenceError: t is not defined
    at animate (http://localhost:8123/mascot/mascot.js:601:23)
[   54453ms] ReferenceError: t is not defined
    at animate (http://localhost:8123/mascot/mascot.js:601:23)
[   54461ms] ReferenceError: t is not defined
    at animate (http://localhost:8123/mascot/mascot.js:601:23)
[   54469ms] ReferenceError: t is not defined
    at animate (http://localhost:8123/mascot/mascot.js:601:23)
[   54477ms] ReferenceError: t is not defined
    at animate (http://localhost:8123/mascot/mascot.js:601:23)
[   54486ms] ReferenceError: t is not defined
    at animate (http://localhost:8123/mascot/mascot.js:601:23)
[   54494ms] ReferenceError: t is not defined
    at animate (http://localhost:8123/mascot/mascot.js:601:23)
[   54502ms] ReferenceError: t is not defined
    at animate (http://localhost:8123/mascot/mascot.js:601:23)
[   54511ms] ReferenceError: t is not defined
    at animate (http://localhost:8123/mascot/mascot.js:601:23)
[   54520ms] ReferenceError: t is not defined
    at animate (http://localhost:8123/mascot/mascot.js:601:23)
[   54528ms] ReferenceError: t is not defined
    at animate (http://localhost:8123/mascot/mascot.js:601:23)
[   54536ms] ReferenceError: t is not defined
    at animate (http://localhost:8123/mascot/mascot.js:601:23)
[   54544ms] ReferenceError: t is not defined
    at animate (http://localhost:8123/mascot/mascot.js:601:23)
[   54553ms] ReferenceError: t is not defined
    at animate (http://localhost:8123/mascot/mascot.js:601:23)
[   54561ms] ReferenceError: t is not defined
    at animate (http://localhost:8123/mascot/mascot.js:601:23)
[   54569ms] ReferenceError: t is not defined
    at animate (http://localhost:8123/mascot/mascot.js:601:23)
[   54578ms] ReferenceError: t is not defined
    at animate (http://localhost:8123/mascot/mascot.js:601:23)
[   54586ms] ReferenceError: t is not defined
    at animate (http://localhost:8123/mascot/mascot.js:601:23)
[   54594ms] ReferenceError: t is not defined
    at animate (http://localhost:8123/mascot/mascot.js:601:23)
[   54604ms] ReferenceError: t is not defined
    at animate (http://localhost:8123/mascot/mascot.js:601:23)
[   54612ms] ReferenceError: t is not defined
    at animate (http://localhost:8123/mascot/mascot.js:601:23)
[   54619ms] ReferenceError: t is not defined
    at animate (http://localhost:8123/mascot/mascot.js:601:23)
[   54628ms] ReferenceError: t is not defined
    at animate (http://localhost:8123/mascot/mascot.js:601:23)
[   54636ms] ReferenceError: t is not defined
    at animate (http://localhost:8123/mascot/mascot.js:601:23)
[   54644ms] ReferenceError: t is not defined
    at animate (http://localhost:8123/mascot/mascot.js:601:23)
[   54653ms] ReferenceError: t is not defined
    at animate (http://localhost:8123/mascot/mascot.js:601:23)
[   54661ms] ReferenceError: t is not defined
    at animate (http://localhost:8123/mascot/mascot.js:601:23)
[   54669ms] ReferenceError: t is not defined
    at animate (http://localhost:8123/mascot/mascot.js:601:23)
[   54677ms] ReferenceError: t is not defined
    at animate (http://localhost:8123/mascot/mascot.js:601:23)
[   54686ms] ReferenceError: t is not defined
    at animate (http://localhost:8123/mascot/mascot.js:601:23)
[   54695ms] ReferenceError: t is not defined
    at animate (http://localhost:8123/mascot/mascot.js:601:23)
[   54702ms] ReferenceError: t is not defined
    at animate (http://localhost:8123/mascot/mascot.js:601:23)
[   54711ms] ReferenceError: t is not defined
    at animate (http://localhost:8123/mascot/mascot.js:601:23)
[   54719ms] ReferenceError: t is not defined
    at animate (http://localhost:8123/mascot/mascot.js:601:23)
[   54729ms] ReferenceError: t is not defined
    at animate (http://localhost:8123/mascot/mascot.js:601:23)
[   54736ms] ReferenceError: t is not defined
    at animate (http://localhost:8123/mascot/mascot.js:601:23)
[   54745ms] ReferenceError: t is not defined
    at animate (http://localhost:8123/mascot/mascot.js:601:23)
[   54753ms] ReferenceError: t is not defined
    at animate (http://localhost:8123/mascot/mascot.js:601:23)
[   54762ms] ReferenceError: t is not defined
    at animate (http://localhost:8123/mascot/mascot.js:601:23)
[   54769ms] ReferenceError: t is not defined
    at animate (http://localhost:8123/mascot/mascot.js:601:23)
[   54778ms] ReferenceError: t is not defined
    at animate (http://localhost:8123/mascot/mascot.js:601:23)
[   54786ms] ReferenceError: t is not defined
    at animate (http://localhost:8123/mascot/mascot.js:601:23)
[   54794ms] ReferenceError: t is not defined
    at animate (http://localhost:8123/mascot/mascot.js:601:23)
[   54802ms] ReferenceError: t is not defined
    at animate (http://localhost:8123/mascot/mascot.js:601:23)
[   54811ms] ReferenceError: t is not defined
    at animate (http://localhost:8123/mascot/mascot.js:601:23)
[   54818ms] ReferenceError: t is not defined
    at animate (http://localhost:8123/mascot/mascot.js:601:23)
[   54827ms] ReferenceError: t is not defined
    at animate (http://localhost:8123/mascot/mascot.js:601:23)
[   54835ms] ReferenceError: t is not defined
    at animate (http://localhost:8123/mascot/mascot.js:601:23)
[   54843ms] ReferenceError: t is not defined
    at animate (http://localhost:8123/mascot/mascot.js:601:23)
[   54852ms] ReferenceError: t is not defined
    at animate (http://localhost:8123/mascot/mascot.js:601:23)
[   54860ms] ReferenceError: t is not defined
    at animate (http://localhost:8123/mascot/mascot.js:601:23)
[   54868ms] ReferenceError: t is not defined
    at animate (http://localhost:8123/mascot/mascot.js:601:23)
[   54877ms] ReferenceError: t is not defined
    at animate (http://localhost:8123/mascot/mascot.js:601:23)
[   54885ms] ReferenceError: t is not defined
    at animate (http://localhost:8123/mascot/mascot.js:601:23)
[   54893ms] ReferenceError: t is not defined
    at animate (http://localhost:8123/mascot/mascot.js:601:23)
[   54902ms] ReferenceError: t is not defined
    at animate (http://localhost:8123/mascot/mascot.js:601:23)
[   54910ms] ReferenceError: t is not defined
    at animate (http://localhost:8123/mascot/mascot.js:601:23)
[   54918ms] ReferenceError: t is not defined
    at animate (http://localhost:8123/mascot/mascot.js:601:23)
[   54927ms] ReferenceError: t is not defined
    at animate (http://localhost:8123/mascot/mascot.js:601:23)
[   54935ms] ReferenceError: t is not defined
    at animate (http://localhost:8123/mascot/mascot.js:601:23)
[   54943ms] ReferenceError: t is not defined
    at animate (http://localhost:8123/mascot/mascot.js:601:23)
[   54952ms] ReferenceError: t is not defined
    at animate (http://localhost:8123/mascot/mascot.js:601:23)
[   54960ms] ReferenceError: t is not defined
    at animate (http://localhost:8123/mascot/mascot.js:601:23)
[   54968ms] ReferenceError: t is not defined
    at animate (http://localhost:8123/mascot/mascot.js:601:23)
[   54977ms] ReferenceError: t is not defined
    at animate (http://localhost:8123/mascot/mascot.js:601:23)
[   54986ms] ReferenceError: t is not defined
    at animate (http://localhost:8123/mascot/mascot.js:601:23)
[   54994ms] ReferenceError: t is not defined
    at animate (http://localhost:8123/mascot/mascot.js:601:23)
[   55003ms] ReferenceError: t is not defined
    at animate (http://localhost:8123/mascot/mascot.js:601:23)
[   55010ms] ReferenceError: t is not defined
    at animate (http://localhost:8123/mascot/mascot.js:601:23)
[   55019ms] ReferenceError: t is not defined
    at animate (http://localhost:8123/mascot/mascot.js:601:23)
[   55027ms] ReferenceError: t is not defined
    at animate (http://localhost:8123/mascot/mascot.js:601:23)
[   55036ms] ReferenceError: t is not defined
    at animate (http://localhost:8123/mascot/mascot.js:601:23)
[   55044ms] ReferenceError: t is not defined
    at animate (http://localhost:8123/mascot/mascot.js:601:23)
[   55052ms] ReferenceError: t is not defined
    at animate (http://localhost:8123/mascot/mascot.js:601:23)
[   55061ms] ReferenceError: t is not defined
    at animate (http://localhost:8123/mascot/mascot.js:601:23)
[   55070ms] ReferenceError: t is not defined
    at animate (http://localhost:8123/mascot/mascot.js:601:23)
[   55078ms] ReferenceError: t is not defined
    at animate (http://localhost:8123/mascot/mascot.js:601:23)
[   55086ms] ReferenceError: t is not defined
    at animate (http://localhost:8123/mascot/mascot.js:601:23)
[   55094ms] ReferenceError: t is not defined
    at animate (http://localhost:8123/mascot/mascot.js:601:23)
[   55102ms] ReferenceError: t is not defined
    at animate (http://localhost:8123/mascot/mascot.js:601:23)
[   55111ms] ReferenceError: t is not defined
    at animate (http://localhost:8123/mascot/mascot.js:601:23)
[   55119ms] ReferenceError: t is not defined
    at animate (http://localhost:8123/mascot/mascot.js:601:23)
[   55127ms] ReferenceError: t is not defined
    at animate (http://localhost:8123/mascot/mascot.js:601:23)
[   55135ms] ReferenceError: t is not defined
    at animate (http://localhost:8123/mascot/mascot.js:601:23)
[   55145ms] ReferenceError: t is not defined
    at animate (http://localhost:8123/mascot/mascot.js:601:23)
[   55152ms] ReferenceError: t is not defined
    at animate (http://localhost:8123/mascot/mascot.js:601:23)
[   55161ms] ReferenceError: t is not defined
    at animate (http://localhost:8123/mascot/mascot.js:601:23)
[   55169ms] ReferenceError: t is not defined
    at animate (http://localhost:8123/mascot/mascot.js:601:23)
[   55177ms] ReferenceError: t is not defined
    at animate (http://localhost:8123/mascot/mascot.js:601:23)
[   55186ms] ReferenceError: t is not defined
    at animate (http://localhost:8123/mascot/mascot.js:601:23)
[   55194ms] ReferenceError: t is not defined
    at animate (http://localhost:8123/mascot/mascot.js:601:23)
[   55202ms] ReferenceError: t is not defined
    at animate (http://localhost:8123/mascot/mascot.js:601:23)
[   55210ms] ReferenceError: t is not defined
    at animate (http://localhost:8123/mascot/mascot.js:601:23)
[   55220ms] ReferenceError: t is not defined
    at animate (http://localhost:8123/mascot/mascot.js:601:23)
[   55227ms] ReferenceError: t is not defined
    at animate (http://localhost:8123/mascot/mascot.js:601:23)
[   55235ms] ReferenceError: t is not defined
    at animate (http://localhost:8123/mascot/mascot.js:601:23)
[   55244ms] ReferenceError: t is not defined
    at animate (http://localhost:8123/mascot/mascot.js:601:23)
[   55252ms] ReferenceError: t is not defined
    at animate (http://localhost:8123/mascot/mascot.js:601:23)
[   55260ms] ReferenceError: t is not defined
    at animate (http://localhost:8123/mascot/mascot.js:601:23)
[   55268ms] ReferenceError: t is not defined
    at animate (http://localhost:8123/mascot/mascot.js:601:23)
[   55277ms] ReferenceError: t is not defined
    at animate (http://localhost:8123/mascot/mascot.js:601:23)
[   55285ms] ReferenceError: t is not defined
    at animate (http://localhost:8123/mascot/mascot.js:601:23)
[   55293ms] ReferenceError: t is not defined
    at animate (http://localhost:8123/mascot/mascot.js:601:23)
[   55302ms] ReferenceError: t is not defined
    at animate (http://localhost:8123/mascot/mascot.js:601:23)
[   55310ms] ReferenceError: t is not defined
    at animate (http://localhost:8123/mascot/mascot.js:601:23)
[   55318ms] ReferenceError: t is not defined
    at animate (http://localhost:8123/mascot/mascot.js:601:23)
[   55327ms] ReferenceError: t is not defined
    at animate (http://localhost:8123/mascot/mascot.js:601:23)
[   55335ms] ReferenceError: t is not defined
    at animate (http://localhost:8123/mascot/mascot.js:601:23)
[   55343ms] ReferenceError: t is not defined
    at animate (http://localhost:8123/mascot/mascot.js:601:23)
[   55353ms] ReferenceError: t is not defined
    at animate (http://localhost:8123/mascot/mascot.js:601:23)
[   55360ms] ReferenceError: t is not defined
    at animate (http://localhost:8123/mascot/mascot.js:601:23)
[   55368ms] ReferenceError: t is not defined
    at animate (http://localhost:8123/mascot/mascot.js:601:23)
[   55377ms] ReferenceError: t is not defined
    at animate (http://localhost:8123/mascot/mascot.js:601:23)
[   55385ms] ReferenceError: t is not defined
    at animate (http://localhost:8123/mascot/mascot.js:601:23)
[   55394ms] ReferenceError: t is not defined
    at animate (http://localhost:8123/mascot/mascot.js:601:23)
[   55402ms] ReferenceError: t is not defined
    at animate (http://localhost:8123/mascot/mascot.js:601:23)
[   55410ms] ReferenceError: t is not defined
    at animate (http://localhost:8123/mascot/mascot.js:601:23)
[   55419ms] ReferenceError: t is not defined
    at animate (http://localhost:8123/mascot/mascot.js:601:23)
[   55427ms] ReferenceError: t is not defined
    at animate (http://localhost:8123/mascot/mascot.js:601:23)
[   55436ms] ReferenceError: t is not defined
    at animate (http://localhost:8123/mascot/mascot.js:601:23)
[   55444ms] ReferenceError: t is not defined
    at animate (http://localhost:8123/mascot/mascot.js:601:23)
[   55452ms] ReferenceError: t is not defined
    at animate (http://localhost:8123/mascot/mascot.js:601:23)
[   55461ms] ReferenceError: t is not defined
    at animate (http://localhost:8123/mascot/mascot.js:601:23)
[   55469ms] ReferenceError: t is not defined
    at animate (http://localhost:8123/mascot/mascot.js:601:23)
[   55477ms] ReferenceError: t is not defined
    at animate (http://localhost:8123/mascot/mascot.js:601:23)
[   55486ms] ReferenceError: t is not defined
    at animate (http://localhost:8123/mascot/mascot.js:601:23)
[   55494ms] ReferenceError: t is not defined
    at animate (http://localhost:8123/mascot/mascot.js:601:23)
[   55503ms] ReferenceError: t is not defined
    at animate (http://localhost:8123/mascot/mascot.js:601:23)
[   55511ms] ReferenceError: t is not defined
    at animate (http://localhost:8123/mascot/mascot.js:601:23)
[   55519ms] ReferenceError: t is not defined
    at animate (http://localhost:8123/mascot/mascot.js:601:23)
[   55527ms] ReferenceError: t is not defined
    at animate (http://localhost:8123/mascot/mascot.js:601:23)
[   55536ms] ReferenceError: t is not defined
    at animate (http://localhost:8123/mascot/mascot.js:601:23)
[   55544ms] ReferenceError: t is not defined
    at animate (http://localhost:8123/mascot/mascot.js:601:23)
[   55553ms] ReferenceError: t is not defined
    at animate (http://localhost:8123/mascot/mascot.js:601:23)
[   55561ms] ReferenceError: t is not defined
    at animate (http://localhost:8123/mascot/mascot.js:601:23)
[   55569ms] ReferenceError: t is not defined
    at animate (http://localhost:8123/mascot/mascot.js:601:23)
[   55578ms] ReferenceError: t is not defined
    at animate (http://localhost:8123/mascot/mascot.js:601:23)
[   55586ms] ReferenceError: t is not defined
    at animate (http://localhost:8123/mascot/mascot.js:601:23)
[   55594ms] ReferenceError: t is not defined
    at animate (http://localhost:8123/mascot/mascot.js:601:23)
[   55603ms] ReferenceError: t is not defined
    at animate (http://localhost:8123/mascot/mascot.js:601:23)
[   55611ms] ReferenceError: t is not defined
    at animate (http://localhost:8123/mascot/mascot.js:601:23)
[   55619ms] ReferenceError: t is not defined
    at animate (http://localhost:8123/mascot/mascot.js:601:23)
[   55628ms] ReferenceError: t is not defined
    at animate (http://localhost:8123/mascot/mascot.js:601:23)
[   55637ms] ReferenceError: t is not defined
    at animate (http://localhost:8123/mascot/mascot.js:601:23)
[   55645ms] ReferenceError: t is not defined
    at animate (http://localhost:8123/mascot/mascot.js:601:23)
[   55654ms] ReferenceError: t is not defined
    at animate (http://localhost:8123/mascot/mascot.js:601:23)
[   55661ms] ReferenceError: t is not defined
    at animate (http://localhost:8123/mascot/mascot.js:601:23)
[   55672ms] ReferenceError: t is not defined
    at animate (http://localhost:8123/mascot/mascot.js:601:23)
[   55678ms] ReferenceError: t is not defined
    at animate (http://localhost:8123/mascot/mascot.js:601:23)
[   55686ms] ReferenceError: t is not defined
    at animate (http://localhost:8123/mascot/mascot.js:601:23)
[   55694ms] ReferenceError: t is not defined
    at animate (http://localhost:8123/mascot/mascot.js:601:23)
[   55702ms] ReferenceError: t is not defined
    at animate (http://localhost:8123/mascot/mascot.js:601:23)
[   55711ms] ReferenceError: t is not defined
    at animate (http://localhost:8123/mascot/mascot.js:601:23)
[   55719ms] ReferenceError: t is not defined
    at animate (http://localhost:8123/mascot/mascot.js:601:23)
[   55727ms] ReferenceError: t is not defined
    at animate (http://localhost:8123/mascot/mascot.js:601:23)
[   55736ms] ReferenceError: t is not defined
    at animate (http://localhost:8123/mascot/mascot.js:601:23)
[   55753ms] ReferenceError: t is not defined
    at animate (http://localhost:8123/mascot/mascot.js:601:23)
[   55754ms] ReferenceError: t is not defined
    at animate (http://localhost:8123/mascot/mascot.js:601:23)
[   55762ms] ReferenceError: t is not defined
    at animate (http://localhost:8123/mascot/mascot.js:601:23)
[   55769ms] ReferenceError: t is not defined
    at animate (http://localhost:8123/mascot/mascot.js:601:23)
[   55777ms] ReferenceError: t is not defined
    at animate (http://localhost:8123/mascot/mascot.js:601:23)
[   55786ms] ReferenceError: t is not defined
    at animate (http://localhost:8123/mascot/mascot.js:601:23)
[   55794ms] ReferenceError: t is not defined
    at animate (http://localhost:8123/mascot/mascot.js:601:23)
[   55802ms] ReferenceError: t is not defined
    at animate (http://localhost:8123/mascot/mascot.js:601:23)
[   55810ms] ReferenceError: t is not defined
    at animate (http://localhost:8123/mascot/mascot.js:601:23)
[   55818ms] ReferenceError: t is not defined
    at animate (http://localhost:8123/mascot/mascot.js:601:23)
[   55827ms] ReferenceError: t is not defined
    at animate (http://localhost:8123/mascot/mascot.js:601:23)
[   55835ms] ReferenceError: t is not defined
    at animate (http://localhost:8123/mascot/mascot.js:601:23)
[   55843ms] ReferenceError: t is not defined
    at animate (http://localhost:8123/mascot/mascot.js:601:23)
[   55852ms] ReferenceError: t is not defined
    at animate (http://localhost:8123/mascot/mascot.js:601:23)
[   55860ms] ReferenceError: t is not defined
    at animate (http://localhost:8123/mascot/mascot.js:601:23)
[   55868ms] ReferenceError: t is not defined
    at animate (http://localhost:8123/mascot/mascot.js:601:23)
[   55876ms] ReferenceError: t is not defined
    at animate (http://localhost:8123/mascot/mascot.js:601:23)
[   55885ms] ReferenceError: t is not defined
    at animate (http://localhost:8123/mascot/mascot.js:601:23)
[   55893ms] ReferenceError: t is not defined
    at animate (http://localhost:8123/mascot/mascot.js:601:23)
[   55902ms] ReferenceError: t is not defined
    at animate (http://localhost:8123/mascot/mascot.js:601:23)
[   55910ms] ReferenceError: t is not defined
    at animate (http://localhost:8123/mascot/mascot.js:601:23)
[   55919ms] ReferenceError: t is not defined
    at animate (http://localhost:8123/mascot/mascot.js:601:23)
[   55927ms] ReferenceError: t is not defined
    at animate (http://localhost:8123/mascot/mascot.js:601:23)
[   55935ms] ReferenceError: t is not defined
    at animate (http://localhost:8123/mascot/mascot.js:601:23)
[   55943ms] ReferenceError: t is not defined
    at animate (http://localhost:8123/mascot/mascot.js:601:23)
[   55952ms] ReferenceError: t is not defined
    at animate (http://localhost:8123/mascot/mascot.js:601:23)
[   55960ms] ReferenceError: t is not defined
    at animate (http://localhost:8123/mascot/mascot.js:601:23)
[   55968ms] ReferenceError: t is not defined
    at animate (http://localhost:8123/mascot/mascot.js:601:23)
[   55977ms] ReferenceError: t is not defined
    at animate (http://localhost:8123/mascot/mascot.js:601:23)
[   55986ms] ReferenceError: t is not defined
    at animate (http://localhost:8123/mascot/mascot.js:601:23)
[   55994ms] ReferenceError: t is not defined
    at animate (http://localhost:8123/mascot/mascot.js:601:23)
[   56002ms] ReferenceError: t is not defined
    at animate (http://localhost:8123/mascot/mascot.js:601:23)
[   56011ms] ReferenceError: t is not defined
    at animate (http://localhost:8123/mascot/mascot.js:601:23)
[   56018ms] ReferenceError: t is not defined
    at animate (http://localhost:8123/mascot/mascot.js:601:23)
[   56027ms] ReferenceError: t is not defined
    at animate (http://localhost:8123/mascot/mascot.js:601:23)
[   56036ms] ReferenceError: t is not defined
    at animate (http://localhost:8123/mascot/mascot.js:601:23)
[   56044ms] ReferenceError: t is not defined
    at animate (http://localhost:8123/mascot/mascot.js:601:23)
[   56052ms] ReferenceError: t is not defined
    at animate (http://localhost:8123/mascot/mascot.js:601:23)
[   56060ms] ReferenceError: t is not defined
    at animate (http://localhost:8123/mascot/mascot.js:601:23)
[   56068ms] ReferenceError: t is not defined
    at animate (http://localhost:8123/mascot/mascot.js:601:23)
[   56077ms] ReferenceError: t is not defined
    at animate (http://localhost:8123/mascot/mascot.js:601:23)
[   56085ms] ReferenceError: t is not defined
    at animate (http://localhost:8123/mascot/mascot.js:601:23)
[   56093ms] ReferenceError: t is not defined
    at animate (http://localhost:8123/mascot/mascot.js:601:23)
[   56102ms] ReferenceError: t is not defined
    at animate (http://localhost:8123/mascot/mascot.js:601:23)
[   56110ms] ReferenceError: t is not defined
    at animate (http://localhost:8123/mascot/mascot.js:601:23)
[   56118ms] ReferenceError: t is not defined
    at animate (http://localhost:8123/mascot/mascot.js:601:23)
[   56127ms] ReferenceError: t is not defined
    at animate (http://localhost:8123/mascot/mascot.js:601:23)
[   56135ms] ReferenceError: t is not defined
    at animate (http://localhost:8123/mascot/mascot.js:601:23)
[   56144ms] ReferenceError: t is not defined
    at animate (http://localhost:8123/mascot/mascot.js:601:23)
[   56151ms] ReferenceError: t is not defined
    at animate (http://localhost:8123/mascot/mascot.js:601:23)
[   56160ms] ReferenceError: t is not defined
    at animate (http://localhost:8123/mascot/mascot.js:601:23)
[   56169ms] ReferenceError: t is not defined
    at animate (http://localhost:8123/mascot/mascot.js:601:23)
[   56177ms] ReferenceError: t is not defined
    at animate (http://localhost:8123/mascot/mascot.js:601:23)
[   56186ms] ReferenceError: t is not defined
    at animate (http://localhost:8123/mascot/mascot.js:601:23)
[   56195ms] ReferenceError: t is not defined
    at animate (http://localhost:8123/mascot/mascot.js:601:23)
[   56202ms] ReferenceError: t is not defined
    at animate (http://localhost:8123/mascot/mascot.js:601:23)
[   56211ms] ReferenceError: t is not defined
    at animate (http://localhost:8123/mascot/mascot.js:601:23)
[   56219ms] ReferenceError: t is not defined
    at animate (http://localhost:8123/mascot/mascot.js:601:23)
[   56227ms] ReferenceError: t is not defined
    at animate (http://localhost:8123/mascot/mascot.js:601:23)
[   56236ms] ReferenceError: t is not defined
    at animate (http://localhost:8123/mascot/mascot.js:601:23)
[   56244ms] ReferenceError: t is not defined
    at animate (http://localhost:8123/mascot/mascot.js:601:23)
[   56252ms] ReferenceError: t is not defined
    at animate (http://localhost:8123/mascot/mascot.js:601:23)
[   56261ms] ReferenceError: t is not defined
    at animate (http://localhost:8123/mascot/mascot.js:601:23)
[   56269ms] ReferenceError: t is not defined
    at animate (http://localhost:8123/mascot/mascot.js:601:23)
[   56277ms] ReferenceError: t is not defined
    at animate (http://localhost:8123/mascot/mascot.js:601:23)
[   56285ms] ReferenceError: t is not defined
    at animate (http://localhost:8123/mascot/mascot.js:601:23)
[   56295ms] ReferenceError: t is not defined
    at animate (http://localhost:8123/mascot/mascot.js:601:23)
[   56302ms] ReferenceError: t is not defined
    at animate (http://localhost:8123/mascot/mascot.js:601:23)
[   56310ms] ReferenceError: t is not defined
    at animate (http://localhost:8123/mascot/mascot.js:601:23)
[   56319ms] ReferenceError: t is not defined
    at animate (http://localhost:8123/mascot/mascot.js:601:23)
[   56327ms] ReferenceError: t is not defined
    at animate (http://localhost:8123/mascot/mascot.js:601:23)
[   56335ms] ReferenceError: t is not defined
    at animate (http://localhost:8123/mascot/mascot.js:601:23)
[   56343ms] ReferenceError: t is not defined
    at animate (http://localhost:8123/mascot/mascot.js:601:23)
[   56352ms] ReferenceError: t is not defined
    at animate (http://localhost:8123/mascot/mascot.js:601:23)
[   56361ms] ReferenceError: t is not defined
    at animate (http://localhost:8123/mascot/mascot.js:601:23)
[   56369ms] ReferenceError: t is not defined
    at animate (http://localhost:8123/mascot/mascot.js:601:23)
[   56378ms] ReferenceError: t is not defined
    at animate (http://localhost:8123/mascot/mascot.js:601:23)
[   56386ms] ReferenceError: t is not defined
    at animate (http://localhost:8123/mascot/mascot.js:601:23)
[   56394ms] ReferenceError: t is not defined
    at animate (http://localhost:8123/mascot/mascot.js:601:23)
[   56402ms] ReferenceError: t is not defined
    at animate (http://localhost:8123/mascot/mascot.js:601:23)
[   56410ms] ReferenceError: t is not defined
    at animate (http://localhost:8123/mascot/mascot.js:601:23)
[   56419ms] ReferenceError: t is not defined
    at animate (http://localhost:8123/mascot/mascot.js:601:23)
[   56428ms] ReferenceError: t is not defined
    at animate (http://localhost:8123/mascot/mascot.js:601:23)
[   56435ms] ReferenceError: t is not defined
    at animate (http://localhost:8123/mascot/mascot.js:601:23)
[   56444ms] ReferenceError: t is not defined
    at animate (http://localhost:8123/mascot/mascot.js:601:23)
[   56453ms] ReferenceError: t is not defined
    at animate (http://localhost:8123/mascot/mascot.js:601:23)
[   56461ms] ReferenceError: t is not defined
    at animate (http://localhost:8123/mascot/mascot.js:601:23)
[   56470ms] ReferenceError: t is not defined
    at animate (http://localhost:8123/mascot/mascot.js:601:23)
[   56477ms] ReferenceError: t is not defined
    at animate (http://localhost:8123/mascot/mascot.js:601:23)
[   56486ms] ReferenceError: t is not defined
    at animate (http://localhost:8123/mascot/mascot.js:601:23)
[   56494ms] ReferenceError: t is not defined
    at animate (http://localhost:8123/mascot/mascot.js:601:23)
[   56502ms] ReferenceError: t is not defined
    at animate (http://localhost:8123/mascot/mascot.js:601:23)
[   56511ms] ReferenceError: t is not defined
    at animate (http://localhost:8123/mascot/mascot.js:601:23)
[   56519ms] ReferenceError: t is not defined
    at animate (http://localhost:8123/mascot/mascot.js:601:23)
[   56528ms] ReferenceError: t is not defined
    at animate (http://localhost:8123/mascot/mascot.js:601:23)
[   56536ms] ReferenceError: t is not defined
    at animate (http://localhost:8123/mascot/mascot.js:601:23)
[   56544ms] ReferenceError: t is not defined
    at animate (http://localhost:8123/mascot/mascot.js:601:23)
[   56552ms] ReferenceError: t is not defined
    at animate (http://localhost:8123/mascot/mascot.js:601:23)
[   56561ms] ReferenceError: t is not defined
    at animate (http://localhost:8123/mascot/mascot.js:601:23)
[   56570ms] ReferenceError: t is not defined
    at animate (http://localhost:8123/mascot/mascot.js:601:23)
[   56577ms] ReferenceError: t is not defined
    at animate (http://localhost:8123/mascot/mascot.js:601:23)
[   56586ms] ReferenceError: t is not defined
    at animate (http://localhost:8123/mascot/mascot.js:601:23)
[   56594ms] ReferenceError: t is not defined
    at animate (http://localhost:8123/mascot/mascot.js:601:23)
[   56603ms] ReferenceError: t is not defined
    at animate (http://localhost:8123/mascot/mascot.js:601:23)
[   56611ms] ReferenceError: t is not defined
    at animate (http://localhost:8123/mascot/mascot.js:601:23)
[   56620ms] ReferenceError: t is not defined
    at animate (http://localhost:8123/mascot/mascot.js:601:23)
[   56628ms] ReferenceError: t is not defined
    at animate (http://localhost:8123/mascot/mascot.js:601:23)
[   56636ms] ReferenceError: t is not defined
    at animate (http://localhost:8123/mascot/mascot.js:601:23)
[   56645ms] ReferenceError: t is not defined
    at animate (http://localhost:8123/mascot/mascot.js:601:23)
[   56653ms] ReferenceError: t is not defined
    at animate (http://localhost:8123/mascot/mascot.js:601:23)
[   56661ms] ReferenceError: t is not defined
    at animate (http://localhost:8123/mascot/mascot.js:601:23)
[   56670ms] ReferenceError: t is not defined
    at animate (http://localhost:8123/mascot/mascot.js:601:23)
[   56678ms] ReferenceError: t is not defined
    at animate (http://localhost:8123/mascot/mascot.js:601:23)
[   56686ms] ReferenceError: t is not defined
    at animate (http://localhost:8123/mascot/mascot.js:601:23)
[   56695ms] ReferenceError: t is not defined
    at animate (http://localhost:8123/mascot/mascot.js:601:23)
[   56703ms] ReferenceError: t is not defined
    at animate (http://localhost:8123/mascot/mascot.js:601:23)
[   56711ms] ReferenceError: t is not defined
    at animate (http://localhost:8123/mascot/mascot.js:601:23)
[   56720ms] ReferenceError: t is not defined
    at animate (http://localhost:8123/mascot/mascot.js:601:23)
[   56728ms] ReferenceError: t is not defined
    at animate (http://localhost:8123/mascot/mascot.js:601:23)
[   56736ms] ReferenceError: t is not defined
    at animate (http://localhost:8123/mascot/mascot.js:601:23)
[   56745ms] ReferenceError: t is not defined
    at animate (http://localhost:8123/mascot/mascot.js:601:23)
[   56756ms] ReferenceError: t is not defined
    at animate (http://localhost:8123/mascot/mascot.js:601:23)
[   56761ms] ReferenceError: t is not defined
    at animate (http://localhost:8123/mascot/mascot.js:601:23)
[   56770ms] ReferenceError: t is not defined
    at animate (http://localhost:8123/mascot/mascot.js:601:23)
[   56778ms] ReferenceError: t is not defined
    at animate (http://localhost:8123/mascot/mascot.js:601:23)
[   56786ms] ReferenceError: t is not defined
    at animate (http://localhost:8123/mascot/mascot.js:601:23)
[   56794ms] ReferenceError: t is not defined
    at animate (http://localhost:8123/mascot/mascot.js:601:23)
[   56802ms] ReferenceError: t is not defined
    at animate (http://localhost:8123/mascot/mascot.js:601:23)
[   56811ms] ReferenceError: t is not defined
    at animate (http://localhost:8123/mascot/mascot.js:601:23)
[   56819ms] ReferenceError: t is not defined
    at animate (http://localhost:8123/mascot/mascot.js:601:23)
[   56828ms] ReferenceError: t is not defined
    at animate (http://localhost:8123/mascot/mascot.js:601:23)
[   56835ms] ReferenceError: t is not defined
    at animate (http://localhost:8123/mascot/mascot.js:601:23)
[   56843ms] ReferenceError: t is not defined
    at animate (http://localhost:8123/mascot/mascot.js:601:23)
[   56852ms] ReferenceError: t is not defined
    at animate (http://localhost:8123/mascot/mascot.js:601:23)
[   56861ms] ReferenceError: t is not defined
    at animate (http://localhost:8123/mascot/mascot.js:601:23)
[   56868ms] ReferenceError: t is not defined
    at animate (http://localhost:8123/mascot/mascot.js:601:23)
[   56877ms] ReferenceError: t is not defined
    at animate (http://localhost:8123/mascot/mascot.js:601:23)
[   56885ms] ReferenceError: t is not defined
    at animate (http://localhost:8123/mascot/mascot.js:601:23)
[   56894ms] ReferenceError: t is not defined
    at animate (http://localhost:8123/mascot/mascot.js:601:23)
[   56902ms] ReferenceError: t is not defined
    at animate (http://localhost:8123/mascot/mascot.js:601:23)
[   56910ms] ReferenceError: t is not defined
    at animate (http://localhost:8123/mascot/mascot.js:601:23)
[   56918ms] ReferenceError: t is not defined
    at animate (http://localhost:8123/mascot/mascot.js:601:23)
[   56927ms] ReferenceError: t is not defined
    at animate (http://localhost:8123/mascot/mascot.js:601:23)
[   56935ms] ReferenceError: t is not defined
    at animate (http://localhost:8123/mascot/mascot.js:601:23)
[   56943ms] ReferenceError: t is not defined
    at animate (http://localhost:8123/mascot/mascot.js:601:23)
[   56952ms] ReferenceError: t is not defined
    at animate (http://localhost:8123/mascot/mascot.js:601:23)
[   56960ms] ReferenceError: t is not defined
    at animate (http://localhost:8123/mascot/mascot.js:601:23)
[   56969ms] ReferenceError: t is not defined
    at animate (http://localhost:8123/mascot/mascot.js:601:23)
[   56977ms] ReferenceError: t is not defined
    at animate (http://localhost:8123/mascot/mascot.js:601:23)
[   56985ms] ReferenceError: t is not defined
    at animate (http://localhost:8123/mascot/mascot.js:601:23)
[   56993ms] ReferenceError: t is not defined
    at animate (http://localhost:8123/mascot/mascot.js:601:23)
[   57002ms] ReferenceError: t is not defined
    at animate (http://localhost:8123/mascot/mascot.js:601:23)
[   57010ms] ReferenceError: t is not defined
    at animate (http://localhost:8123/mascot/mascot.js:601:23)
[   57018ms] ReferenceError: t is not defined
    at animate (http://localhost:8123/mascot/mascot.js:601:23)
[   57028ms] ReferenceError: t is not defined
    at animate (http://localhost:8123/mascot/mascot.js:601:23)
[   57035ms] ReferenceError: t is not defined
    at animate (http://localhost:8123/mascot/mascot.js:601:23)
[   57044ms] ReferenceError: t is not defined
    at animate (http://localhost:8123/mascot/mascot.js:601:23)
[   57052ms] ReferenceError: t is not defined
    at animate (http://localhost:8123/mascot/mascot.js:601:23)
[   57060ms] ReferenceError: t is not defined
    at animate (http://localhost:8123/mascot/mascot.js:601:23)
[   57068ms] ReferenceError: t is not defined
    at animate (http://localhost:8123/mascot/mascot.js:601:23)
[   57077ms] ReferenceError: t is not defined
    at animate (http://localhost:8123/mascot/mascot.js:601:23)
[   57085ms] ReferenceError: t is not defined
    at animate (http://localhost:8123/mascot/mascot.js:601:23)
[   57094ms] ReferenceError: t is not defined
    at animate (http://localhost:8123/mascot/mascot.js:601:23)
[   57102ms] ReferenceError: t is not defined
    at animate (http://localhost:8123/mascot/mascot.js:601:23)
[   57110ms] ReferenceError: t is not defined
    at animate (http://localhost:8123/mascot/mascot.js:601:23)
[   57119ms] ReferenceError: t is not defined
    at animate (http://localhost:8123/mascot/mascot.js:601:23)
[   57127ms] ReferenceError: t is not defined
    at animate (http://localhost:8123/mascot/mascot.js:601:23)
[   57135ms] ReferenceError: t is not defined
    at animate (http://localhost:8123/mascot/mascot.js:601:23)
[   57144ms] ReferenceError: t is not defined
    at animate (http://localhost:8123/mascot/mascot.js:601:23)
[   57153ms] ReferenceError: t is not defined
    at animate (http://localhost:8123/mascot/mascot.js:601:23)
[   57161ms] ReferenceError: t is not defined
    at animate (http://localhost:8123/mascot/mascot.js:601:23)
[   57169ms] ReferenceError: t is not defined
    at animate (http://localhost:8123/mascot/mascot.js:601:23)
[   57178ms] ReferenceError: t is not defined
    at animate (http://localhost:8123/mascot/mascot.js:601:23)
[   57186ms] ReferenceError: t is not defined
    at animate (http://localhost:8123/mascot/mascot.js:601:23)
[   57194ms] ReferenceError: t is not defined
    at animate (http://localhost:8123/mascot/mascot.js:601:23)
[   57202ms] ReferenceError: t is not defined
    at animate (http://localhost:8123/mascot/mascot.js:601:23)
[   57211ms] ReferenceError: t is not defined
    at animate (http://localhost:8123/mascot/mascot.js:601:23)
[   57219ms] ReferenceError: t is not defined
    at animate (http://localhost:8123/mascot/mascot.js:601:23)
[   57228ms] ReferenceError: t is not defined
    at animate (http://localhost:8123/mascot/mascot.js:601:23)
[   57237ms] ReferenceError: t is not defined
    at animate (http://localhost:8123/mascot/mascot.js:601:23)
[   57244ms] ReferenceError: t is not defined
    at animate (http://localhost:8123/mascot/mascot.js:601:23)
[   57252ms] ReferenceError: t is not defined
    at animate (http://localhost:8123/mascot/mascot.js:601:23)
[   57261ms] ReferenceError: t is not defined
    at animate (http://localhost:8123/mascot/mascot.js:601:23)
[   57269ms] ReferenceError: t is not defined
    at animate (http://localhost:8123/mascot/mascot.js:601:23)
[   57277ms] ReferenceError: t is not defined
    at animate (http://localhost:8123/mascot/mascot.js:601:23)
[   57286ms] ReferenceError: t is not defined
    at animate (http://localhost:8123/mascot/mascot.js:601:23)
[   57295ms] ReferenceError: t is not defined
    at animate (http://localhost:8123/mascot/mascot.js:601:23)
[   57302ms] ReferenceError: t is not defined
    at animate (http://localhost:8123/mascot/mascot.js:601:23)
[   57311ms] ReferenceError: t is not defined
    at animate (http://localhost:8123/mascot/mascot.js:601:23)
[   57319ms] ReferenceError: t is not defined
    at animate (http://localhost:8123/mascot/mascot.js:601:23)
[   57327ms] ReferenceError: t is not defined
    at animate (http://localhost:8123/mascot/mascot.js:601:23)
[   57336ms] ReferenceError: t is not defined
    at animate (http://localhost:8123/mascot/mascot.js:601:23)
[   57344ms] ReferenceError: t is not defined
    at animate (http://localhost:8123/mascot/mascot.js:601:23)
[   57352ms] ReferenceError: t is not defined
    at animate (http://localhost:8123/mascot/mascot.js:601:23)
[   57361ms] ReferenceError: t is not defined
    at animate (http://localhost:8123/mascot/mascot.js:601:23)
[   57369ms] ReferenceError: t is not defined
    at animate (http://localhost:8123/mascot/mascot.js:601:23)
[   57377ms] ReferenceError: t is not defined
    at animate (http://localhost:8123/mascot/mascot.js:601:23)
[   57385ms] ReferenceError: t is not defined
    at animate (http://localhost:8123/mascot/mascot.js:601:23)
[   57394ms] ReferenceError: t is not defined
    at animate (http://localhost:8123/mascot/mascot.js:601:23)
[   57403ms] ReferenceError: t is not defined
    at animate (http://localhost:8123/mascot/mascot.js:601:23)
[   57411ms] ReferenceError: t is not defined
    at animate (http://localhost:8123/mascot/mascot.js:601:23)
[   57420ms] ReferenceError: t is not defined
    at animate (http://localhost:8123/mascot/mascot.js:601:23)
[   57428ms] ReferenceError: t is not defined
    at animate (http://localhost:8123/mascot/mascot.js:601:23)
[   57436ms] ReferenceError: t is not defined
    at animate (http://localhost:8123/mascot/mascot.js:601:23)
[   57444ms] ReferenceError: t is not defined
    at animate (http://localhost:8123/mascot/mascot.js:601:23)
[   57452ms] ReferenceError: t is not defined
    at animate (http://localhost:8123/mascot/mascot.js:601:23)
[   57461ms] ReferenceError: t is not defined
    at animate (http://localhost:8123/mascot/mascot.js:601:23)
[   57469ms] ReferenceError: t is not defined
    at animate (http://localhost:8123/mascot/mascot.js:601:23)
[   57478ms] ReferenceError: t is not defined
    at animate (http://localhost:8123/mascot/mascot.js:601:23)
[   57486ms] ReferenceError: t is not defined
    at animate (http://localhost:8123/mascot/mascot.js:601:23)
[   57494ms] ReferenceError: t is not defined
    at animate (http://localhost:8123/mascot/mascot.js:601:23)
[   57502ms] ReferenceError: t is not defined
    at animate (http://localhost:8123/mascot/mascot.js:601:23)
[   57511ms] ReferenceError: t is not defined
    at animate (http://localhost:8123/mascot/mascot.js:601:23)
[   57519ms] ReferenceError: t is not defined
    at animate (http://localhost:8123/mascot/mascot.js:601:23)
[   57527ms] ReferenceError: t is not defined
    at animate (http://localhost:8123/mascot/mascot.js:601:23)
[   57536ms] ReferenceError: t is not defined
    at animate (http://localhost:8123/mascot/mascot.js:601:23)
[   57545ms] ReferenceError: t is not defined
    at animate (http://localhost:8123/mascot/mascot.js:601:23)
[   57552ms] ReferenceError: t is not defined
    at animate (http://localhost:8123/mascot/mascot.js:601:23)
[   57562ms] ReferenceError: t is not defined
    at animate (http://localhost:8123/mascot/mascot.js:601:23)
[   57570ms] ReferenceError: t is not defined
    at animate (http://localhost:8123/mascot/mascot.js:601:23)
[   57578ms] ReferenceError: t is not defined
    at animate (http://localhost:8123/mascot/mascot.js:601:23)
[   57587ms] ReferenceError: t is not defined
    at animate (http://localhost:8123/mascot/mascot.js:601:23)
[   57594ms] ReferenceError: t is not defined
    at animate (http://localhost:8123/mascot/mascot.js:601:23)
[   57602ms] ReferenceError: t is not defined
    at animate (http://localhost:8123/mascot/mascot.js:601:23)
[   57611ms] ReferenceError: t is not defined
    at animate (http://localhost:8123/mascot/mascot.js:601:23)
[   57619ms] ReferenceError: t is not defined
    at animate (http://localhost:8123/mascot/mascot.js:601:23)
[   57628ms] ReferenceError: t is not defined
    at animate (http://localhost:8123/mascot/mascot.js:601:23)
[   57635ms] ReferenceError: t is not defined
    at animate (http://localhost:8123/mascot/mascot.js:601:23)
[   57644ms] ReferenceError: t is not defined
    at animate (http://localhost:8123/mascot/mascot.js:601:23)
[   57654ms] ReferenceError: t is not defined
    at animate (http://localhost:8123/mascot/mascot.js:601:23)
[   57660ms] ReferenceError: t is not defined
    at animate (http://localhost:8123/mascot/mascot.js:601:23)
[   57668ms] ReferenceError: t is not defined
    at animate (http://localhost:8123/mascot/mascot.js:601:23)
[   57677ms] ReferenceError: t is not defined
    at animate (http://localhost:8123/mascot/mascot.js:601:23)
[   57686ms] ReferenceError: t is not defined
    at animate (http://localhost:8123/mascot/mascot.js:601:23)
[   57694ms] ReferenceError: t is not defined
    at animate (http://localhost:8123/mascot/mascot.js:601:23)
[   57703ms] ReferenceError: t is not defined
    at animate (http://localhost:8123/mascot/mascot.js:601:23)
[   57711ms] ReferenceError: t is not defined
    at animate (http://localhost:8123/mascot/mascot.js:601:23)
[   57719ms] ReferenceError: t is not defined
    at animate (http://localhost:8123/mascot/mascot.js:601:23)
[   57727ms] ReferenceError: t is not defined
    at animate (http://localhost:8123/mascot/mascot.js:601:23)
[   57736ms] ReferenceError: t is not defined
    at animate (http://localhost:8123/mascot/mascot.js:601:23)
[   57745ms] ReferenceError: t is not defined
    at animate (http://localhost:8123/mascot/mascot.js:601:23)
[   57752ms] ReferenceError: t is not defined
    at animate (http://localhost:8123/mascot/mascot.js:601:23)
[   57762ms] ReferenceError: t is not defined
    at animate (http://localhost:8123/mascot/mascot.js:601:23)
[   57770ms] ReferenceError: t is not defined
    at animate (http://localhost:8123/mascot/mascot.js:601:23)
[   57778ms] ReferenceError: t is not defined
    at animate (http://localhost:8123/mascot/mascot.js:601:23)
[   57786ms] ReferenceError: t is not defined
    at animate (http://localhost:8123/mascot/mascot.js:601:23)
[   57794ms] ReferenceError: t is not defined
    at animate (http://localhost:8123/mascot/mascot.js:601:23)
[   57803ms] ReferenceError: t is not defined
    at animate (http://localhost:8123/mascot/mascot.js:601:23)
[   57811ms] ReferenceError: t is not defined
    at animate (http://localhost:8123/mascot/mascot.js:601:23)
[   57819ms] ReferenceError: t is not defined
    at animate (http://localhost:8123/mascot/mascot.js:601:23)
[   57827ms] ReferenceError: t is not defined
    at animate (http://localhost:8123/mascot/mascot.js:601:23)
[   57836ms] ReferenceError: t is not defined
    at animate (http://localhost:8123/mascot/mascot.js:601:23)
[   57844ms] ReferenceError: t is not defined
    at animate (http://localhost:8123/mascot/mascot.js:601:23)
[   57852ms] ReferenceError: t is not defined
    at animate (http://localhost:8123/mascot/mascot.js:601:23)
[   57861ms] ReferenceError: t is not defined
    at animate (http://localhost:8123/mascot/mascot.js:601:23)
[   57869ms] ReferenceError: t is not defined
    at animate (http://localhost:8123/mascot/mascot.js:601:23)
[   57877ms] ReferenceError: t is not defined
    at animate (http://localhost:8123/mascot/mascot.js:601:23)
[   57885ms] ReferenceError: t is not defined
    at animate (http://localhost:8123/mascot/mascot.js:601:23)
[   57895ms] ReferenceError: t is not defined
    at animate (http://localhost:8123/mascot/mascot.js:601:23)
[   57902ms] ReferenceError: t is not defined
    at animate (http://localhost:8123/mascot/mascot.js:601:23)
[   57911ms] ReferenceError: t is not defined
    at animate (http://localhost:8123/mascot/mascot.js:601:23)
[   57919ms] ReferenceError: t is not defined
    at animate (http://localhost:8123/mascot/mascot.js:601:23)
[   57927ms] ReferenceError: t is not defined
    at animate (http://localhost:8123/mascot/mascot.js:601:23)
[   57936ms] ReferenceError: t is not defined
    at animate (http://localhost:8123/mascot/mascot.js:601:23)
[   57943ms] ReferenceError: t is not defined
    at animate (http://localhost:8123/mascot/mascot.js:601:23)
[   57952ms] ReferenceError: t is not defined
    at animate (http://localhost:8123/mascot/mascot.js:601:23)
[   57961ms] ReferenceError: t is not defined
    at animate (http://localhost:8123/mascot/mascot.js:601:23)
[   57969ms] ReferenceError: t is not defined
    at animate (http://localhost:8123/mascot/mascot.js:601:23)
[   57977ms] ReferenceError: t is not defined
    at animate (http://localhost:8123/mascot/mascot.js:601:23)
[   57985ms] ReferenceError: t is not defined
    at animate (http://localhost:8123/mascot/mascot.js:601:23)
[   57994ms] ReferenceError: t is not defined
    at animate (http://localhost:8123/mascot/mascot.js:601:23)
[   58002ms] ReferenceError: t is not defined
    at animate (http://localhost:8123/mascot/mascot.js:601:23)
[   58010ms] ReferenceError: t is not defined
    at animate (http://localhost:8123/mascot/mascot.js:601:23)
[   58018ms] ReferenceError: t is not defined
    at animate (http://localhost:8123/mascot/mascot.js:601:23)
[   58027ms] ReferenceError: t is not defined
    at animate (http://localhost:8123/mascot/mascot.js:601:23)
[   58035ms] ReferenceError: t is not defined
    at animate (http://localhost:8123/mascot/mascot.js:601:23)
[   58043ms] ReferenceError: t is not defined
    at animate (http://localhost:8123/mascot/mascot.js:601:23)
[   58052ms] ReferenceError: t is not defined
    at animate (http://localhost:8123/mascot/mascot.js:601:23)
[   58060ms] ReferenceError: t is not defined
    at animate (http://localhost:8123/mascot/mascot.js:601:23)
[   58068ms] ReferenceError: t is not defined
    at animate (http://localhost:8123/mascot/mascot.js:601:23)
[   58077ms] ReferenceError: t is not defined
    at animate (http://localhost:8123/mascot/mascot.js:601:23)
[   58086ms] ReferenceError: t is not defined
    at animate (http://localhost:8123/mascot/mascot.js:601:23)
[   58093ms] ReferenceError: t is not defined
    at animate (http://localhost:8123/mascot/mascot.js:601:23)
[   58103ms] ReferenceError: t is not defined
    at animate (http://localhost:8123/mascot/mascot.js:601:23)
[   58110ms] ReferenceError: t is not defined
    at animate (http://localhost:8123/mascot/mascot.js:601:23)
[   58118ms] ReferenceError: t is not defined
    at animate (http://localhost:8123/mascot/mascot.js:601:23)
[   58127ms] ReferenceError: t is not defined
    at animate (http://localhost:8123/mascot/mascot.js:601:23)
[   58135ms] ReferenceError: t is not defined
    at animate (http://localhost:8123/mascot/mascot.js:601:23)
[   58143ms] ReferenceError: t is not defined
    at animate (http://localhost:8123/mascot/mascot.js:601:23)
[   58153ms] ReferenceError: t is not defined
    at animate (http://localhost:8123/mascot/mascot.js:601:23)
[   58160ms] ReferenceError: t is not defined
    at animate (http://localhost:8123/mascot/mascot.js:601:23)
[   58169ms] ReferenceError: t is not defined
    at animate (http://localhost:8123/mascot/mascot.js:601:23)
[   58177ms] ReferenceError: t is not defined
    at animate (http://localhost:8123/mascot/mascot.js:601:23)
[   58186ms] ReferenceError: t is not defined
    at animate (http://localhost:8123/mascot/mascot.js:601:23)
[   58193ms] ReferenceError: t is not defined
    at animate (http://localhost:8123/mascot/mascot.js:601:23)
[   58202ms] ReferenceError: t is not defined
    at animate (http://localhost:8123/mascot/mascot.js:601:23)
[   58210ms] ReferenceError: t is not defined
    at animate (http://localhost:8123/mascot/mascot.js:601:23)
[   58218ms] ReferenceError: t is not defined
    at animate (http://localhost:8123/mascot/mascot.js:601:23)
[   58227ms] ReferenceError: t is not defined
    at animate (http://localhost:8123/mascot/mascot.js:601:23)
[   58235ms] ReferenceError: t is not defined
    at animate (http://localhost:8123/mascot/mascot.js:601:23)
[   58243ms] ReferenceError: t is not defined
    at animate (http://localhost:8123/mascot/mascot.js:601:23)
[   58252ms] ReferenceError: t is not defined
    at animate (http://localhost:8123/mascot/mascot.js:601:23)
[   58260ms] ReferenceError: t is not defined
    at animate (http://localhost:8123/mascot/mascot.js:601:23)
[   58269ms] ReferenceError: t is not defined
    at animate (http://localhost:8123/mascot/mascot.js:601:23)
[   58277ms] ReferenceError: t is not defined
    at animate (http://localhost:8123/mascot/mascot.js:601:23)
[   58286ms] ReferenceError: t is not defined
    at animate (http://localhost:8123/mascot/mascot.js:601:23)
[   58295ms] ReferenceError: t is not defined
    at animate (http://localhost:8123/mascot/mascot.js:601:23)
[   58302ms] ReferenceError: t is not defined
    at animate (http://localhost:8123/mascot/mascot.js:601:23)
[   58310ms] ReferenceError: t is not defined
    at animate (http://localhost:8123/mascot/mascot.js:601:23)
[   58319ms] ReferenceError: t is not defined
    at animate (http://localhost:8123/mascot/mascot.js:601:23)
[   58327ms] ReferenceError: t is not defined
    at animate (http://localhost:8123/mascot/mascot.js:601:23)
[   58336ms] ReferenceError: t is not defined
    at animate (http://localhost:8123/mascot/mascot.js:601:23)
[   58344ms] ReferenceError: t is not defined
    at animate (http://localhost:8123/mascot/mascot.js:601:23)
[   58352ms] ReferenceError: t is not defined
    at animate (http://localhost:8123/mascot/mascot.js:601:23)
[   58361ms] ReferenceError: t is not defined
    at animate (http://localhost:8123/mascot/mascot.js:601:23)
[   58369ms] ReferenceError: t is not defined
    at animate (http://localhost:8123/mascot/mascot.js:601:23)
[   58377ms] ReferenceError: t is not defined
    at animate (http://localhost:8123/mascot/mascot.js:601:23)
[   58385ms] ReferenceError: t is not defined
    at animate (http://localhost:8123/mascot/mascot.js:601:23)
[   58394ms] ReferenceError: t is not defined
    at animate (http://localhost:8123/mascot/mascot.js:601:23)
[   58402ms] ReferenceError: t is not defined
    at animate (http://localhost:8123/mascot/mascot.js:601:23)
[   58410ms] ReferenceError: t is not defined
    at animate (http://localhost:8123/mascot/mascot.js:601:23)
[   58418ms] ReferenceError: t is not defined
    at animate (http://localhost:8123/mascot/mascot.js:601:23)
[   58427ms] ReferenceError: t is not defined
    at animate (http://localhost:8123/mascot/mascot.js:601:23)
[   58435ms] ReferenceError: t is not defined
    at animate (http://localhost:8123/mascot/mascot.js:601:23)
[   58443ms] ReferenceError: t is not defined
    at animate (http://localhost:8123/mascot/mascot.js:601:23)
[   58452ms] ReferenceError: t is not defined
    at animate (http://localhost:8123/mascot/mascot.js:601:23)
[   58460ms] ReferenceError: t is not defined
    at animate (http://localhost:8123/mascot/mascot.js:601:23)
[   58468ms] ReferenceError: t is not defined
    at animate (http://localhost:8123/mascot/mascot.js:601:23)
[   58476ms] ReferenceError: t is not defined
    at animate (http://localhost:8123/mascot/mascot.js:601:23)
[   58485ms] ReferenceError: t is not defined
    at animate (http://localhost:8123/mascot/mascot.js:601:23)
[   58494ms] ReferenceError: t is not defined
    at animate (http://localhost:8123/mascot/mascot.js:601:23)
[   58502ms] ReferenceError: t is not defined
    at animate (http://localhost:8123/mascot/mascot.js:601:23)
[   58510ms] ReferenceError: t is not defined
    at animate (http://localhost:8123/mascot/mascot.js:601:23)
[   58518ms] ReferenceError: t is not defined
    at animate (http://localhost:8123/mascot/mascot.js:601:23)
[   58527ms] ReferenceError: t is not defined
    at animate (http://localhost:8123/mascot/mascot.js:601:23)
[   58535ms] ReferenceError: t is not defined
    at animate (http://localhost:8123/mascot/mascot.js:601:23)
[   58544ms] ReferenceError: t is not defined
    at animate (http://localhost:8123/mascot/mascot.js:601:23)
[   58552ms] ReferenceError: t is not defined
    at animate (http://localhost:8123/mascot/mascot.js:601:23)
[   58560ms] ReferenceError: t is not defined
    at animate (http://localhost:8123/mascot/mascot.js:601:23)
[   58569ms] ReferenceError: t is not defined
    at animate (http://localhost:8123/mascot/mascot.js:601:23)
[   58577ms] ReferenceError: t is not defined
    at animate (http://localhost:8123/mascot/mascot.js:601:23)
[   58586ms] ReferenceError: t is not defined
    at animate (http://localhost:8123/mascot/mascot.js:601:23)
[   58594ms] ReferenceError: t is not defined
    at animate (http://localhost:8123/mascot/mascot.js:601:23)
[   58602ms] ReferenceError: t is not defined
    at animate (http://localhost:8123/mascot/mascot.js:601:23)
[   58610ms] ReferenceError: t is not defined
    at animate (http://localhost:8123/mascot/mascot.js:601:23)
[   58619ms] ReferenceError: t is not defined
    at animate (http://localhost:8123/mascot/mascot.js:601:23)
[   58628ms] ReferenceError: t is not defined
    at animate (http://localhost:8123/mascot/mascot.js:601:23)
[   58636ms] ReferenceError: t is not defined
    at animate (http://localhost:8123/mascot/mascot.js:601:23)
[   58644ms] ReferenceError: t is not defined
    at animate (http://localhost:8123/mascot/mascot.js:601:23)
[   58653ms] ReferenceError: t is not defined
    at animate (http://localhost:8123/mascot/mascot.js:601:23)
[   58661ms] ReferenceError: t is not defined
    at animate (http://localhost:8123/mascot/mascot.js:601:23)
[   58670ms] ReferenceError: t is not defined
    at animate (http://localhost:8123/mascot/mascot.js:601:23)
[   58678ms] ReferenceError: t is not defined
    at animate (http://localhost:8123/mascot/mascot.js:601:23)
[   58686ms] ReferenceError: t is not defined
    at animate (http://localhost:8123/mascot/mascot.js:601:23)
[   58695ms] ReferenceError: t is not defined
    at animate (http://localhost:8123/mascot/mascot.js:601:23)
[   58703ms] ReferenceError: t is not defined
    at animate (http://localhost:8123/mascot/mascot.js:601:23)
[   58711ms] ReferenceError: t is not defined
    at animate (http://localhost:8123/mascot/mascot.js:601:23)
[   58719ms] ReferenceError: t is not defined
    at animate (http://localhost:8123/mascot/mascot.js:601:23)
[   58728ms] ReferenceError: t is not defined
    at animate (http://localhost:8123/mascot/mascot.js:601:23)
[   58736ms] ReferenceError: t is not defined
    at animate (http://localhost:8123/mascot/mascot.js:601:23)
[   58745ms] ReferenceError: t is not defined
    at animate (http://localhost:8123/mascot/mascot.js:601:23)
[   58753ms] ReferenceError: t is not defined
    at animate (http://localhost:8123/mascot/mascot.js:601:23)
[   58761ms] ReferenceError: t is not defined
    at animate (http://localhost:8123/mascot/mascot.js:601:23)
[   58769ms] ReferenceError: t is not defined
    at animate (http://localhost:8123/mascot/mascot.js:601:23)
[   58778ms] ReferenceError: t is not defined
    at animate (http://localhost:8123/mascot/mascot.js:601:23)
[   58786ms] ReferenceError: t is not defined
    at animate (http://localhost:8123/mascot/mascot.js:601:23)
[   58794ms] ReferenceError: t is not defined
    at animate (http://localhost:8123/mascot/mascot.js:601:23)
[   58802ms] ReferenceError: t is not defined
    at animate (http://localhost:8123/mascot/mascot.js:601:23)
[   58811ms] ReferenceError: t is not defined
    at animate (http://localhost:8123/mascot/mascot.js:601:23)
[   58819ms] ReferenceError: t is not defined
    at animate (http://localhost:8123/mascot/mascot.js:601:23)
[   58828ms] ReferenceError: t is not defined
    at animate (http://localhost:8123/mascot/mascot.js:601:23)
[   58836ms] ReferenceError: t is not defined
    at animate (http://localhost:8123/mascot/mascot.js:601:23)
[   58844ms] ReferenceError: t is not defined
    at animate (http://localhost:8123/mascot/mascot.js:601:23)
[   58852ms] ReferenceError: t is not defined
    at animate (http://localhost:8123/mascot/mascot.js:601:23)
[   58861ms] ReferenceError: t is not defined
    at animate (http://localhost:8123/mascot/mascot.js:601:23)
[   58869ms] ReferenceError: t is not defined
    at animate (http://localhost:8123/mascot/mascot.js:601:23)
[   58877ms] ReferenceError: t is not defined
    at animate (http://localhost:8123/mascot/mascot.js:601:23)
[   58886ms] ReferenceError: t is not defined
    at animate (http://localhost:8123/mascot/mascot.js:601:23)
[   58895ms] ReferenceError: t is not defined
    at animate (http://localhost:8123/mascot/mascot.js:601:23)
[   58902ms] ReferenceError: t is not defined
    at animate (http://localhost:8123/mascot/mascot.js:601:23)
[   58911ms] ReferenceError: t is not defined
    at animate (http://localhost:8123/mascot/mascot.js:601:23)
[   58919ms] ReferenceError: t is not defined
    at animate (http://localhost:8123/mascot/mascot.js:601:23)
[   58927ms] ReferenceError: t is not defined
    at animate (http://localhost:8123/mascot/mascot.js:601:23)
[   58935ms] ReferenceError: t is not defined
    at animate (http://localhost:8123/mascot/mascot.js:601:23)
[   58943ms] ReferenceError: t is not defined
    at animate (http://localhost:8123/mascot/mascot.js:601:23)
[   58952ms] ReferenceError: t is not defined
    at animate (http://localhost:8123/mascot/mascot.js:601:23)
[   58961ms] ReferenceError: t is not defined
    at animate (http://localhost:8123/mascot/mascot.js:601:23)
[   58969ms] ReferenceError: t is not defined
    at animate (http://localhost:8123/mascot/mascot.js:601:23)
[   58977ms] ReferenceError: t is not defined
    at animate (http://localhost:8123/mascot/mascot.js:601:23)
[   58985ms] ReferenceError: t is not defined
    at animate (http://localhost:8123/mascot/mascot.js:601:23)
[   58993ms] ReferenceError: t is not defined
    at animate (http://localhost:8123/mascot/mascot.js:601:23)
[   59002ms] ReferenceError: t is not defined
    at animate (http://localhost:8123/mascot/mascot.js:601:23)
[   59012ms] ReferenceError: t is not defined
    at animate (http://localhost:8123/mascot/mascot.js:601:23)
[   59020ms] ReferenceError: t is not defined
    at animate (http://localhost:8123/mascot/mascot.js:601:23)
[   59027ms] ReferenceError: t is not defined
    at animate (http://localhost:8123/mascot/mascot.js:601:23)
[   59036ms] ReferenceError: t is not defined
    at animate (http://localhost:8123/mascot/mascot.js:601:23)
[   59044ms] ReferenceError: t is not defined
    at animate (http://localhost:8123/mascot/mascot.js:601:23)
[   59053ms] ReferenceError: t is not defined
    at animate (http://localhost:8123/mascot/mascot.js:601:23)
[   59061ms] ReferenceError: t is not defined
    at animate (http://localhost:8123/mascot/mascot.js:601:23)
[   59069ms] ReferenceError: t is not defined
    at animate (http://localhost:8123/mascot/mascot.js:601:23)
[   59078ms] ReferenceError: t is not defined
    at animate (http://localhost:8123/mascot/mascot.js:601:23)
[   59087ms] ReferenceError: t is not defined
    at animate (http://localhost:8123/mascot/mascot.js:601:23)
[   59095ms] ReferenceError: t is not defined
    at animate (http://localhost:8123/mascot/mascot.js:601:23)
[   59103ms] ReferenceError: t is not defined
    at animate (http://localhost:8123/mascot/mascot.js:601:23)
[   59111ms] ReferenceError: t is not defined
    at animate (http://localhost:8123/mascot/mascot.js:601:23)
[   59119ms] ReferenceError: t is not defined
    at animate (http://localhost:8123/mascot/mascot.js:601:23)
[   59128ms] ReferenceError: t is not defined
    at animate (http://localhost:8123/mascot/mascot.js:601:23)
[   59136ms] ReferenceError: t is not defined
    at animate (http://localhost:8123/mascot/mascot.js:601:23)
[   59144ms] ReferenceError: t is not defined
    at animate (http://localhost:8123/mascot/mascot.js:601:23)
[   59152ms] ReferenceError: t is not defined
    at animate (http://localhost:8123/mascot/mascot.js:601:23)
[   59161ms] ReferenceError: t is not defined
    at animate (http://localhost:8123/mascot/mascot.js:601:23)
[   59170ms] ReferenceError: t is not defined
    at animate (http://localhost:8123/mascot/mascot.js:601:23)
[   59178ms] ReferenceError: t is not defined
    at animate (http://localhost:8123/mascot/mascot.js:601:23)
[   59186ms] ReferenceError: t is not defined
    at animate (http://localhost:8123/mascot/mascot.js:601:23)
[   59195ms] ReferenceError: t is not defined
    at animate (http://localhost:8123/mascot/mascot.js:601:23)
[   59203ms] ReferenceError: t is not defined
    at animate (http://localhost:8123/mascot/mascot.js:601:23)
[   59211ms] ReferenceError: t is not defined
    at animate (http://localhost:8123/mascot/mascot.js:601:23)
[   59219ms] ReferenceError: t is not defined
    at animate (http://localhost:8123/mascot/mascot.js:601:23)
[   59229ms] ReferenceError: t is not defined
    at animate (http://localhost:8123/mascot/mascot.js:601:23)
[   59236ms] ReferenceError: t is not defined
    at animate (http://localhost:8123/mascot/mascot.js:601:23)
[   59245ms] ReferenceError: t is not defined
    at animate (http://localhost:8123/mascot/mascot.js:601:23)
[   59253ms] ReferenceError: t is not defined
    at animate (http://localhost:8123/mascot/mascot.js:601:23)
[   59262ms] ReferenceError: t is not defined
    at animate (http://localhost:8123/mascot/mascot.js:601:23)
[   59269ms] ReferenceError: t is not defined
    at animate (http://localhost:8123/mascot/mascot.js:601:23)
[   59277ms] ReferenceError: t is not defined
    at animate (http://localhost:8123/mascot/mascot.js:601:23)
[   59286ms] ReferenceError: t is not defined
    at animate (http://localhost:8123/mascot/mascot.js:601:23)
[   59294ms] ReferenceError: t is not defined
    at animate (http://localhost:8123/mascot/mascot.js:601:23)
[   59303ms] ReferenceError: t is not defined
    at animate (http://localhost:8123/mascot/mascot.js:601:23)
[   59311ms] ReferenceError: t is not defined
    at animate (http://localhost:8123/mascot/mascot.js:601:23)
[   59319ms] ReferenceError: t is not defined
    at animate (http://localhost:8123/mascot/mascot.js:601:23)
[   59328ms] ReferenceError: t is not defined
    at animate (http://localhost:8123/mascot/mascot.js:601:23)
[   59336ms] ReferenceError: t is not defined
    at animate (http://localhost:8123/mascot/mascot.js:601:23)
[   59344ms] ReferenceError: t is not defined
    at animate (http://localhost:8123/mascot/mascot.js:601:23)
[   59352ms] ReferenceError: t is not defined
    at animate (http://localhost:8123/mascot/mascot.js:601:23)
[   59361ms] ReferenceError: t is not defined
    at animate (http://localhost:8123/mascot/mascot.js:601:23)
[   59373ms] ReferenceError: t is not defined
    at animate (http://localhost:8123/mascot/mascot.js:601:23)
[   59378ms] ReferenceError: t is not defined
    at animate (http://localhost:8123/mascot/mascot.js:601:23)
[   59386ms] ReferenceError: t is not defined
    at animate (http://localhost:8123/mascot/mascot.js:601:23)
[   59395ms] ReferenceError: t is not defined
    at animate (http://localhost:8123/mascot/mascot.js:601:23)
[   59402ms] ReferenceError: t is not defined
    at animate (http://localhost:8123/mascot/mascot.js:601:23)
[   59411ms] ReferenceError: t is not defined
    at animate (http://localhost:8123/mascot/mascot.js:601:23)
[   59420ms] ReferenceError: t is not defined
    at animate (http://localhost:8123/mascot/mascot.js:601:23)
[   59428ms] ReferenceError: t is not defined
    at animate (http://localhost:8123/mascot/mascot.js:601:23)
[   59436ms] ReferenceError: t is not defined
    at animate (http://localhost:8123/mascot/mascot.js:601:23)
[   59445ms] ReferenceError: t is not defined
    at animate (http://localhost:8123/mascot/mascot.js:601:23)
[   59452ms] ReferenceError: t is not defined
    at animate (http://localhost:8123/mascot/mascot.js:601:23)
[   59460ms] ReferenceError: t is not defined
    at animate (http://localhost:8123/mascot/mascot.js:601:23)
[   59468ms] ReferenceError: t is not defined
    at animate (http://localhost:8123/mascot/mascot.js:601:23)
[   59477ms] ReferenceError: t is not defined
    at animate (http://localhost:8123/mascot/mascot.js:601:23)
[   59485ms] ReferenceError: t is not defined
    at animate (http://localhost:8123/mascot/mascot.js:601:23)
[   59493ms] ReferenceError: t is not defined
    at animate (http://localhost:8123/mascot/mascot.js:601:23)
[   59502ms] ReferenceError: t is not defined
    at animate (http://localhost:8123/mascot/mascot.js:601:23)
[   59510ms] ReferenceError: t is not defined
    at animate (http://localhost:8123/mascot/mascot.js:601:23)
[   59518ms] ReferenceError: t is not defined
    at animate (http://localhost:8123/mascot/mascot.js:601:23)
[   59527ms] ReferenceError: t is not defined
    at animate (http://localhost:8123/mascot/mascot.js:601:23)
[   59535ms] ReferenceError: t is not defined
    at animate (http://localhost:8123/mascot/mascot.js:601:23)
[   59543ms] ReferenceError: t is not defined
    at animate (http://localhost:8123/mascot/mascot.js:601:23)
[   59552ms] ReferenceError: t is not defined
    at animate (http://localhost:8123/mascot/mascot.js:601:23)
[   59560ms] ReferenceError: t is not defined
    at animate (http://localhost:8123/mascot/mascot.js:601:23)
[   59568ms] ReferenceError: t is not defined
    at animate (http://localhost:8123/mascot/mascot.js:601:23)
[   59577ms] ReferenceError: t is not defined
    at animate (http://localhost:8123/mascot/mascot.js:601:23)
[   59585ms] ReferenceError: t is not defined
    at animate (http://localhost:8123/mascot/mascot.js:601:23)
[   59593ms] ReferenceError: t is not defined
    at animate (http://localhost:8123/mascot/mascot.js:601:23)
[   59603ms] ReferenceError: t is not defined
    at animate (http://localhost:8123/mascot/mascot.js:601:23)
[   59610ms] ReferenceError: t is not defined
    at animate (http://localhost:8123/mascot/mascot.js:601:23)
[   59620ms] ReferenceError: t is not defined
    at animate (http://localhost:8123/mascot/mascot.js:601:23)
[   59627ms] ReferenceError: t is not defined
    at animate (http://localhost:8123/mascot/mascot.js:601:23)
[   59635ms] ReferenceError: t is not defined
    at animate (http://localhost:8123/mascot/mascot.js:601:23)
[   59644ms] ReferenceError: t is not defined
    at animate (http://localhost:8123/mascot/mascot.js:601:23)
[   59652ms] ReferenceError: t is not defined
    at animate (http://localhost:8123/mascot/mascot.js:601:23)
[   59660ms] ReferenceError: t is not defined
    at animate (http://localhost:8123/mascot/mascot.js:601:23)
[   59669ms] ReferenceError: t is not defined
    at animate (http://localhost:8123/mascot/mascot.js:601:23)
[   59677ms] ReferenceError: t is not defined
    at animate (http://localhost:8123/mascot/mascot.js:601:23)
[   59685ms] ReferenceError: t is not defined
    at animate (http://localhost:8123/mascot/mascot.js:601:23)
[   59694ms] ReferenceError: t is not defined
    at animate (http://localhost:8123/mascot/mascot.js:601:23)
[   59702ms] ReferenceError: t is not defined
    at animate (http://localhost:8123/mascot/mascot.js:601:23)
[   59711ms] ReferenceError: t is not defined
    at animate (http://localhost:8123/mascot/mascot.js:601:23)
[   59719ms] ReferenceError: t is not defined
    at animate (http://localhost:8123/mascot/mascot.js:601:23)
[   59727ms] ReferenceError: t is not defined
    at animate (http://localhost:8123/mascot/mascot.js:601:23)
[   59736ms] ReferenceError: t is not defined
    at animate (http://localhost:8123/mascot/mascot.js:601:23)
[   59744ms] ReferenceError: t is not defined
    at animate (http://localhost:8123/mascot/mascot.js:601:23)
[   59753ms] ReferenceError: t is not defined
    at animate (http://localhost:8123/mascot/mascot.js:601:23)
[   59761ms] ReferenceError: t is not defined
    at animate (http://localhost:8123/mascot/mascot.js:601:23)
[   59769ms] ReferenceError: t is not defined
    at animate (http://localhost:8123/mascot/mascot.js:601:23)
[   59777ms] ReferenceError: t is not defined
    at animate (http://localhost:8123/mascot/mascot.js:601:23)
[   59787ms] ReferenceError: t is not defined
    at animate (http://localhost:8123/mascot/mascot.js:601:23)
[   59795ms] ReferenceError: t is not defined
    at animate (http://localhost:8123/mascot/mascot.js:601:23)
[   59803ms] ReferenceError: t is not defined
    at animate (http://localhost:8123/mascot/mascot.js:601:23)
[   59812ms] ReferenceError: t is not defined
    at animate (http://localhost:8123/mascot/mascot.js:601:23)
[   59819ms] ReferenceError: t is not defined
    at animate (http://localhost:8123/mascot/mascot.js:601:23)
[   59828ms] ReferenceError: t is not defined
    at animate (http://localhost:8123/mascot/mascot.js:601:23)
[   59836ms] ReferenceError: t is not defined
    at animate (http://localhost:8123/mascot/mascot.js:601:23)
[   59844ms] ReferenceError: t is not defined
    at animate (http://localhost:8123/mascot/mascot.js:601:23)
[   59852ms] ReferenceError: t is not defined
    at animate (http://localhost:8123/mascot/mascot.js:601:23)
[   59861ms] ReferenceError: t is not defined
    at animate (http://localhost:8123/mascot/mascot.js:601:23)
[   59869ms] ReferenceError: t is not defined
    at animate (http://localhost:8123/mascot/mascot.js:601:23)
[   59877ms] ReferenceError: t is not defined
    at animate (http://localhost:8123/mascot/mascot.js:601:23)
[   59886ms] ReferenceError: t is not defined
    at animate (http://localhost:8123/mascot/mascot.js:601:23)
[   59894ms] ReferenceError: t is not defined
    at animate (http://localhost:8123/mascot/mascot.js:601:23)
[   59902ms] ReferenceError: t is not defined
    at animate (http://localhost:8123/mascot/mascot.js:601:23)
[   59910ms] ReferenceError: t is not defined
    at animate (http://localhost:8123/mascot/mascot.js:601:23)
[   59918ms] ReferenceError: t is not defined
    at animate (http://localhost:8123/mascot/mascot.js:601:23)
[   59927ms] ReferenceError: t is not defined
    at animate (http://localhost:8123/mascot/mascot.js:601:23)
[   59935ms] ReferenceError: t is not defined
    at animate (http://localhost:8123/mascot/mascot.js:601:23)
[   59943ms] ReferenceError: t is not defined
    at animate (http://localhost:8123/mascot/mascot.js:601:23)
[   59953ms] ReferenceError: t is not defined
    at animate (http://localhost:8123/mascot/mascot.js:601:23)
[   59961ms] ReferenceError: t is not defined
    at animate (http://localhost:8123/mascot/mascot.js:601:23)
[   59969ms] ReferenceError: t is not defined
    at animate (http://localhost:8123/mascot/mascot.js:601:23)
[   59977ms] ReferenceError: t is not defined
    at animate (http://localhost:8123/mascot/mascot.js:601:23)
[   59986ms] ReferenceError: t is not defined
    at animate (http://localhost:8123/mascot/mascot.js:601:23)
[   59994ms] ReferenceError: t is not defined
    at animate (http://localhost:8123/mascot/mascot.js:601:23)
[   60002ms] ReferenceError: t is not defined
    at animate (http://localhost:8123/mascot/mascot.js:601:23)
[   60011ms] ReferenceError: t is not defined
    at animate (http://localhost:8123/mascot/mascot.js:601:23)
[   60019ms] ReferenceError: t is not defined
    at animate (http://localhost:8123/mascot/mascot.js:601:23)
[   60028ms] ReferenceError: t is not defined
    at animate (http://localhost:8123/mascot/mascot.js:601:23)
[   60037ms] ReferenceError: t is not defined
    at animate (http://localhost:8123/mascot/mascot.js:601:23)
[   60044ms] ReferenceError: t is not defined
    at animate (http://localhost:8123/mascot/mascot.js:601:23)
[   60053ms] ReferenceError: t is not defined
    at animate (http://localhost:8123/mascot/mascot.js:601:23)
[   60061ms] ReferenceError: t is not defined
    at animate (http://localhost:8123/mascot/mascot.js:601:23)
[   60069ms] ReferenceError: t is not defined
    at animate (http://localhost:8123/mascot/mascot.js:601:23)
[   60078ms] ReferenceError: t is not defined
    at animate (http://localhost:8123/mascot/mascot.js:601:23)
[   60087ms] ReferenceError: t is not defined
    at animate (http://localhost:8123/mascot/mascot.js:601:23)
[   60095ms] ReferenceError: t is not defined
    at animate (http://localhost:8123/mascot/mascot.js:601:23)
[   60103ms] ReferenceError: t is not defined
    at animate (http://localhost:8123/mascot/mascot.js:601:23)
[   60110ms] ReferenceError: t is not defined
    at animate (http://localhost:8123/mascot/mascot.js:601:23)
[   60119ms] ReferenceError: t is not defined
    at animate (http://localhost:8123/mascot/mascot.js:601:23)
[   60127ms] ReferenceError: t is not defined
    at animate (http://localhost:8123/mascot/mascot.js:601:23)
[   60135ms] ReferenceError: t is not defined
    at animate (http://localhost:8123/mascot/mascot.js:601:23)
[   60144ms] ReferenceError: t is not defined
    at animate (http://localhost:8123/mascot/mascot.js:601:23)
[   60153ms] ReferenceError: t is not defined
    at animate (http://localhost:8123/mascot/mascot.js:601:23)
[   60161ms] ReferenceError: t is not defined
    at animate (http://localhost:8123/mascot/mascot.js:601:23)
[   60169ms] ReferenceError: t is not defined
    at animate (http://localhost:8123/mascot/mascot.js:601:23)
[   60178ms] ReferenceError: t is not defined
    at animate (http://localhost:8123/mascot/mascot.js:601:23)
[   60186ms] ReferenceError: t is not defined
    at animate (http://localhost:8123/mascot/mascot.js:601:23)
[   60195ms] ReferenceError: t is not defined
    at animate (http://localhost:8123/mascot/mascot.js:601:23)
[   60203ms] ReferenceError: t is not defined
    at animate (http://localhost:8123/mascot/mascot.js:601:23)
[   60213ms] ReferenceError: t is not defined
    at animate (http://localhost:8123/mascot/mascot.js:601:23)
[   60221ms] ReferenceError: t is not defined
    at animate (http://localhost:8123/mascot/mascot.js:601:23)
[   60227ms] ReferenceError: t is not defined
    at animate (http://localhost:8123/mascot/mascot.js:601:23)
[   60236ms] ReferenceError: t is not defined
    at animate (http://localhost:8123/mascot/mascot.js:601:23)
[   60244ms] ReferenceError: t is not defined
    at animate (http://localhost:8123/mascot/mascot.js:601:23)
[   60252ms] ReferenceError: t is not defined
    at animate (http://localhost:8123/mascot/mascot.js:601:23)
[   60260ms] ReferenceError: t is not defined
    at animate (http://localhost:8123/mascot/mascot.js:601:23)
[   60268ms] ReferenceError: t is not defined
    at animate (http://localhost:8123/mascot/mascot.js:601:23)
[   60277ms] ReferenceError: t is not defined
    at animate (http://localhost:8123/mascot/mascot.js:601:23)
[   60285ms] ReferenceError: t is not defined
    at animate (http://localhost:8123/mascot/mascot.js:601:23)
[   60293ms] ReferenceError: t is not defined
    at animate (http://localhost:8123/mascot/mascot.js:601:23)
[   60302ms] ReferenceError: t is not defined
    at animate (http://localhost:8123/mascot/mascot.js:601:23)
[   60310ms] ReferenceError: t is not defined
    at animate (http://localhost:8123/mascot/mascot.js:601:23)
[   60324ms] ReferenceError: t is not defined
    at animate (http://localhost:8123/mascot/mascot.js:601:23)
[   60328ms] ReferenceError: t is not defined
    at animate (http://localhost:8123/mascot/mascot.js:601:23)
[   60336ms] ReferenceError: t is not defined
    at animate (http://localhost:8123/mascot/mascot.js:601:23)
[   60344ms] ReferenceError: t is not defined
    at animate (http://localhost:8123/mascot/mascot.js:601:23)
[   60353ms] ReferenceError: t is not defined
    at animate (http://localhost:8123/mascot/mascot.js:601:23)
[   60360ms] ReferenceError: t is not defined
    at animate (http://localhost:8123/mascot/mascot.js:601:23)
[   60369ms] ReferenceError: t is not defined
    at animate (http://localhost:8123/mascot/mascot.js:601:23)
[   60378ms] ReferenceError: t is not defined
    at animate (http://localhost:8123/mascot/mascot.js:601:23)
[   60385ms] ReferenceError: t is not defined
    at animate (http://localhost:8123/mascot/mascot.js:601:23)
[   60394ms] ReferenceError: t is not defined
    at animate (http://localhost:8123/mascot/mascot.js:601:23)
[   60402ms] ReferenceError: t is not defined
    at animate (http://localhost:8123/mascot/mascot.js:601:23)
[   60411ms] ReferenceError: t is not defined
    at animate (http://localhost:8123/mascot/mascot.js:601:23)
[   60418ms] ReferenceError: t is not defined
    at animate (http://localhost:8123/mascot/mascot.js:601:23)
[   60427ms] ReferenceError: t is not defined
    at animate (http://localhost:8123/mascot/mascot.js:601:23)
[   60435ms] ReferenceError: t is not defined
    at animate (http://localhost:8123/mascot/mascot.js:601:23)
[   60443ms] ReferenceError: t is not defined
    at animate (http://localhost:8123/mascot/mascot.js:601:23)
[   60452ms] ReferenceError: t is not defined
    at animate (http://localhost:8123/mascot/mascot.js:601:23)
[   60460ms] ReferenceError: t is not defined
    at animate (http://localhost:8123/mascot/mascot.js:601:23)
[   60468ms] ReferenceError: t is not defined
    at animate (http://localhost:8123/mascot/mascot.js:601:23)
[   60477ms] ReferenceError: t is not defined
    at animate (http://localhost:8123/mascot/mascot.js:601:23)
[   60485ms] ReferenceError: t is not defined
    at animate (http://localhost:8123/mascot/mascot.js:601:23)
[   60494ms] ReferenceError: t is not defined
    at animate (http://localhost:8123/mascot/mascot.js:601:23)
[   60502ms] ReferenceError: t is not defined
    at animate (http://localhost:8123/mascot/mascot.js:601:23)
[   60510ms] ReferenceError: t is not defined
    at animate (http://localhost:8123/mascot/mascot.js:601:23)
[   60518ms] ReferenceError: t is not defined
    at animate (http://localhost:8123/mascot/mascot.js:601:23)
[   60526ms] ReferenceError: t is not defined
    at animate (http://localhost:8123/mascot/mascot.js:601:23)
[   60535ms] ReferenceError: t is not defined
    at animate (http://localhost:8123/mascot/mascot.js:601:23)
[   60543ms] ReferenceError: t is not defined
    at animate (http://localhost:8123/mascot/mascot.js:601:23)
[   60552ms] ReferenceError: t is not defined
    at animate (http://localhost:8123/mascot/mascot.js:601:23)
[   60560ms] ReferenceError: t is not defined
    at animate (http://localhost:8123/mascot/mascot.js:601:23)
[   60568ms] ReferenceError: t is not defined
    at animate (http://localhost:8123/mascot/mascot.js:601:23)
[   60577ms] ReferenceError: t is not defined
    at animate (http://localhost:8123/mascot/mascot.js:601:23)
[   60585ms] ReferenceError: t is not defined
    at animate (http://localhost:8123/mascot/mascot.js:601:23)
[   60594ms] ReferenceError: t is not defined
    at animate (http://localhost:8123/mascot/mascot.js:601:23)
[   60602ms] ReferenceError: t is not defined
    at animate (http://localhost:8123/mascot/mascot.js:601:23)
[   60611ms] ReferenceError: t is not defined
    at animate (http://localhost:8123/mascot/mascot.js:601:23)
[   60618ms] ReferenceError: t is not defined
    at animate (http://localhost:8123/mascot/mascot.js:601:23)
[   60627ms] ReferenceError: t is not defined
    at animate (http://localhost:8123/mascot/mascot.js:601:23)
[   60635ms] ReferenceError: t is not defined
    at animate (http://localhost:8123/mascot/mascot.js:601:23)
[   60644ms] ReferenceError: t is not defined
    at animate (http://localhost:8123/mascot/mascot.js:601:23)
[   60653ms] ReferenceError: t is not defined
    at animate (http://localhost:8123/mascot/mascot.js:601:23)
[   60661ms] ReferenceError: t is not defined
    at animate (http://localhost:8123/mascot/mascot.js:601:23)
[   60669ms] ReferenceError: t is not defined
    at animate (http://localhost:8123/mascot/mascot.js:601:23)
[   60677ms] ReferenceError: t is not defined
    at animate (http://localhost:8123/mascot/mascot.js:601:23)
[   60686ms] ReferenceError: t is not defined
    at animate (http://localhost:8123/mascot/mascot.js:601:23)
[   60695ms] ReferenceError: t is not defined
    at animate (http://localhost:8123/mascot/mascot.js:601:23)
[   60702ms] ReferenceError: t is not defined
    at animate (http://localhost:8123/mascot/mascot.js:601:23)
[   60711ms] ReferenceError: t is not defined
    at animate (http://localhost:8123/mascot/mascot.js:601:23)
[   60719ms] ReferenceError: t is not defined
    at animate (http://localhost:8123/mascot/mascot.js:601:23)
[   60728ms] ReferenceError: t is not defined
    at animate (http://localhost:8123/mascot/mascot.js:601:23)
[   60736ms] ReferenceError: t is not defined
    at animate (http://localhost:8123/mascot/mascot.js:601:23)
[   60745ms] ReferenceError: t is not defined
    at animate (http://localhost:8123/mascot/mascot.js:601:23)
[   60753ms] ReferenceError: t is not defined
    at animate (http://localhost:8123/mascot/mascot.js:601:23)
[   60761ms] ReferenceError: t is not defined
    at animate (http://localhost:8123/mascot/mascot.js:601:23)
[   60769ms] ReferenceError: t is not defined
    at animate (http://localhost:8123/mascot/mascot.js:601:23)
[   60777ms] ReferenceError: t is not defined
    at animate (http://localhost:8123/mascot/mascot.js:601:23)
[   60786ms] ReferenceError: t is not defined
    at animate (http://localhost:8123/mascot/mascot.js:601:23)
[   60795ms] ReferenceError: t is not defined
    at animate (http://localhost:8123/mascot/mascot.js:601:23)
[   60803ms] ReferenceError: t is not defined
    at animate (http://localhost:8123/mascot/mascot.js:601:23)
[   60811ms] ReferenceError: t is not defined
    at animate (http://localhost:8123/mascot/mascot.js:601:23)
[   60820ms] ReferenceError: t is not defined
    at animate (http://localhost:8123/mascot/mascot.js:601:23)
[   60828ms] ReferenceError: t is not defined
    at animate (http://localhost:8123/mascot/mascot.js:601:23)
[   60836ms] ReferenceError: t is not defined
    at animate (http://localhost:8123/mascot/mascot.js:601:23)
[   60844ms] ReferenceError: t is not defined
    at animate (http://localhost:8123/mascot/mascot.js:601:23)
[   60853ms] ReferenceError: t is not defined
    at animate (http://localhost:8123/mascot/mascot.js:601:23)
[   60861ms] ReferenceError: t is not defined
    at animate (http://localhost:8123/mascot/mascot.js:601:23)
[   60869ms] ReferenceError: t is not defined
    at animate (http://localhost:8123/mascot/mascot.js:601:23)
[   60877ms] ReferenceError: t is not defined
    at animate (http://localhost:8123/mascot/mascot.js:601:23)
[   60886ms] ReferenceError: t is not defined
    at animate (http://localhost:8123/mascot/mascot.js:601:23)
[   60894ms] ReferenceError: t is not defined
    at animate (http://localhost:8123/mascot/mascot.js:601:23)
[   60902ms] ReferenceError: t is not defined
    at animate (http://localhost:8123/mascot/mascot.js:601:23)
[   60911ms] ReferenceError: t is not defined
    at animate (http://localhost:8123/mascot/mascot.js:601:23)
[   60919ms] ReferenceError: t is not defined
    at animate (http://localhost:8123/mascot/mascot.js:601:23)
[   60929ms] ReferenceError: t is not defined
    at animate (http://localhost:8123/mascot/mascot.js:601:23)
[   60936ms] ReferenceError: t is not defined
    at animate (http://localhost:8123/mascot/mascot.js:601:23)
[   60945ms] ReferenceError: t is not defined
    at animate (http://localhost:8123/mascot/mascot.js:601:23)
[   60953ms] ReferenceError: t is not defined
    at animate (http://localhost:8123/mascot/mascot.js:601:23)
[   60961ms] ReferenceError: t is not defined
    at animate (http://localhost:8123/mascot/mascot.js:601:23)
[   60969ms] ReferenceError: t is not defined
    at animate (http://localhost:8123/mascot/mascot.js:601:23)
[   60977ms] ReferenceError: t is not defined
    at animate (http://localhost:8123/mascot/mascot.js:601:23)
[   60985ms] ReferenceError: t is not defined
    at animate (http://localhost:8123/mascot/mascot.js:601:23)
[   60993ms] ReferenceError: t is not defined
    at animate (http://localhost:8123/mascot/mascot.js:601:23)
[   61002ms] ReferenceError: t is not defined
    at animate (http://localhost:8123/mascot/mascot.js:601:23)
[   61010ms] ReferenceError: t is not defined
    at animate (http://localhost:8123/mascot/mascot.js:601:23)
[   61018ms] ReferenceError: t is not defined
    at animate (http://localhost:8123/mascot/mascot.js:601:23)
[   61028ms] ReferenceError: t is not defined
    at animate (http://localhost:8123/mascot/mascot.js:601:23)
[   61035ms] ReferenceError: t is not defined
    at animate (http://localhost:8123/mascot/mascot.js:601:23)
[   61044ms] ReferenceError: t is not defined
    at animate (http://localhost:8123/mascot/mascot.js:601:23)
[   61052ms] ReferenceError: t is not defined
    at animate (http://localhost:8123/mascot/mascot.js:601:23)
[   61060ms] ReferenceError: t is not defined
    at animate (http://localhost:8123/mascot/mascot.js:601:23)
[   61068ms] ReferenceError: t is not defined
    at animate (http://localhost:8123/mascot/mascot.js:601:23)
[   61077ms] ReferenceError: t is not defined
    at animate (http://localhost:8123/mascot/mascot.js:601:23)
[   61085ms] ReferenceError: t is not defined
    at animate (http://localhost:8123/mascot/mascot.js:601:23)
[   61093ms] ReferenceError: t is not defined
    at animate (http://localhost:8123/mascot/mascot.js:601:23)
[   61102ms] ReferenceError: t is not defined
    at animate (http://localhost:8123/mascot/mascot.js:601:23)
[   61110ms] ReferenceError: t is not defined
    at animate (http://localhost:8123/mascot/mascot.js:601:23)
[   61118ms] ReferenceError: t is not defined
    at animate (http://localhost:8123/mascot/mascot.js:601:23)
[   61127ms] ReferenceError: t is not defined
    at animate (http://localhost:8123/mascot/mascot.js:601:23)
[   61135ms] ReferenceError: t is not defined
    at animate (http://localhost:8123/mascot/mascot.js:601:23)
[   61144ms] ReferenceError: t is not defined
    at animate (http://localhost:8123/mascot/mascot.js:601:23)
[   61152ms] ReferenceError: t is not defined
    at animate (http://localhost:8123/mascot/mascot.js:601:23)
[   61161ms] ReferenceError: t is not defined
    at animate (http://localhost:8123/mascot/mascot.js:601:23)
[   61169ms] ReferenceError: t is not defined
    at animate (http://localhost:8123/mascot/mascot.js:601:23)
[   61177ms] ReferenceError: t is not defined
    at animate (http://localhost:8123/mascot/mascot.js:601:23)
[   61185ms] ReferenceError: t is not defined
    at animate (http://localhost:8123/mascot/mascot.js:601:23)
[   61194ms] ReferenceError: t is not defined
    at animate (http://localhost:8123/mascot/mascot.js:601:23)
[   61203ms] ReferenceError: t is not defined
    at animate (http://localhost:8123/mascot/mascot.js:601:23)
[   61211ms] ReferenceError: t is not defined
    at animate (http://localhost:8123/mascot/mascot.js:601:23)
[   61220ms] ReferenceError: t is not defined
    at animate (http://localhost:8123/mascot/mascot.js:601:23)
[   61228ms] ReferenceError: t is not defined
    at animate (http://localhost:8123/mascot/mascot.js:601:23)
[   61236ms] ReferenceError: t is not defined
    at animate (http://localhost:8123/mascot/mascot.js:601:23)
[   61245ms] ReferenceError: t is not defined
    at animate (http://localhost:8123/mascot/mascot.js:601:23)
[   61253ms] ReferenceError: t is not defined
    at animate (http://localhost:8123/mascot/mascot.js:601:23)
[   61261ms] ReferenceError: t is not defined
    at animate (http://localhost:8123/mascot/mascot.js:601:23)
[   61270ms] ReferenceError: t is not defined
    at animate (http://localhost:8123/mascot/mascot.js:601:23)
[   61278ms] ReferenceError: t is not defined
    at animate (http://localhost:8123/mascot/mascot.js:601:23)
[   61287ms] ReferenceError: t is not defined
    at animate (http://localhost:8123/mascot/mascot.js:601:23)
[   61295ms] ReferenceError: t is not defined
    at animate (http://localhost:8123/mascot/mascot.js:601:23)
[   61303ms] ReferenceError: t is not defined
    at animate (http://localhost:8123/mascot/mascot.js:601:23)
[   61312ms] ReferenceError: t is not defined
    at animate (http://localhost:8123/mascot/mascot.js:601:23)
[   61320ms] ReferenceError: t is not defined
    at animate (http://localhost:8123/mascot/mascot.js:601:23)
[   61327ms] ReferenceError: t is not defined
    at animate (http://localhost:8123/mascot/mascot.js:601:23)
[   61336ms] ReferenceError: t is not defined
    at animate (http://localhost:8123/mascot/mascot.js:601:23)
[   61344ms] ReferenceError: t is not defined
    at animate (http://localhost:8123/mascot/mascot.js:601:23)
[   61353ms] ReferenceError: t is not defined
    at animate (http://localhost:8123/mascot/mascot.js:601:23)
[   61361ms] ReferenceError: t is not defined
    at animate (http://localhost:8123/mascot/mascot.js:601:23)
[   61369ms] ReferenceError: t is not defined
    at animate (http://localhost:8123/mascot/mascot.js:601:23)
[   61377ms] ReferenceError: t is not defined
    at animate (http://localhost:8123/mascot/mascot.js:601:23)
[   61385ms] ReferenceError: t is not defined
    at animate (http://localhost:8123/mascot/mascot.js:601:23)
[   61395ms] ReferenceError: t is not defined
    at animate (http://localhost:8123/mascot/mascot.js:601:23)
[   61400ms] ReferenceError: t is not defined
    at animate (http://localhost:8123/mascot/mascot.js:601:23)
[   61409ms] ReferenceError: t is not defined
    at animate (http://localhost:8123/mascot/mascot.js:601:23)
[   61416ms] ReferenceError: t is not defined
    at animate (http://localhost:8123/mascot/mascot.js:601:23)
[   61425ms] ReferenceError: t is not defined
    at animate (http://localhost:8123/mascot/mascot.js:601:23)
[   61432ms] ReferenceError: t is not defined
    at animate (http://localhost:8123/mascot/mascot.js:601:23)
[   61440ms] ReferenceError: t is not defined
    at animate (http://localhost:8123/mascot/mascot.js:601:23)
[   61448ms] ReferenceError: t is not defined
    at animate (http://localhost:8123/mascot/mascot.js:601:23)
[   61457ms] ReferenceError: t is not defined
    at animate (http://localhost:8123/mascot/mascot.js:601:23)
[   61464ms] ReferenceError: t is not defined
    at animate (http://localhost:8123/mascot/mascot.js:601:23)
[   61473ms] ReferenceError: t is not defined
    at animate (http://localhost:8123/mascot/mascot.js:601:23)
[   61481ms] ReferenceError: t is not defined
    at animate (http://localhost:8123/mascot/mascot.js:601:23)
[   61489ms] ReferenceError: t is not defined
    at animate (http://localhost:8123/mascot/mascot.js:601:23)
[   61498ms] ReferenceError: t is not defined
    at animate (http://localhost:8123/mascot/mascot.js:601:23)
[   61506ms] ReferenceError: t is not defined
    at animate (http://localhost:8123/mascot/mascot.js:601:23)
[   61514ms] ReferenceError: t is not defined
    at animate (http://localhost:8123/mascot/mascot.js:601:23)
[   61524ms] ReferenceError: t is not defined
    at animate (http://localhost:8123/mascot/mascot.js:601:23)
[   61531ms] ReferenceError: t is not defined
    at animate (http://localhost:8123/mascot/mascot.js:601:23)
[   61540ms] ReferenceError: t is not defined
    at animate (http://localhost:8123/mascot/mascot.js:601:23)
[   61548ms] ReferenceError: t is not defined
    at animate (http://localhost:8123/mascot/mascot.js:601:23)
[   61557ms] ReferenceError: t is not defined
    at animate (http://localhost:8123/mascot/mascot.js:601:23)
[   61565ms] ReferenceError: t is not defined
    at animate (http://localhost:8123/mascot/mascot.js:601:23)
[   61573ms] ReferenceError: t is not defined
    at animate (http://localhost:8123/mascot/mascot.js:601:23)
[   61582ms] ReferenceError: t is not defined
    at animate (http://localhost:8123/mascot/mascot.js:601:23)
[   61590ms] ReferenceError: t is not defined
    at animate (http://localhost:8123/mascot/mascot.js:601:23)
[   61598ms] ReferenceError: t is not defined
    at animate (http://localhost:8123/mascot/mascot.js:601:23)
[   61608ms] ReferenceError: t is not defined
    at animate (http://localhost:8123/mascot/mascot.js:601:23)
[   61615ms] ReferenceError: t is not defined
    at animate (http://localhost:8123/mascot/mascot.js:601:23)
[   61623ms] ReferenceError: t is not defined
    at animate (http://localhost:8123/mascot/mascot.js:601:23)
[   61632ms] ReferenceError: t is not defined
    at animate (http://localhost:8123/mascot/mascot.js:601:23)
[   61640ms] ReferenceError: t is not defined
    at animate (http://localhost:8123/mascot/mascot.js:601:23)
[   61648ms] ReferenceError: t is not defined
    at animate (http://localhost:8123/mascot/mascot.js:601:23)
[   61657ms] ReferenceError: t is not defined
    at animate (http://localhost:8123/mascot/mascot.js:601:23)
[   61666ms] ReferenceError: t is not defined
    at animate (http://localhost:8123/mascot/mascot.js:601:23)
[   61673ms] ReferenceError: t is not defined
    at animate (http://localhost:8123/mascot/mascot.js:601:23)
[   61682ms] ReferenceError: t is not defined
    at animate (http://localhost:8123/mascot/mascot.js:601:23)
[   61690ms] ReferenceError: t is not defined
    at animate (http://localhost:8123/mascot/mascot.js:601:23)
[   61698ms] ReferenceError: t is not defined
    at animate (http://localhost:8123/mascot/mascot.js:601:23)
[   61707ms] ReferenceError: t is not defined
    at animate (http://localhost:8123/mascot/mascot.js:601:23)
[   61715ms] ReferenceError: t is not defined
    at animate (http://localhost:8123/mascot/mascot.js:601:23)
[   61723ms] ReferenceError: t is not defined
    at animate (http://localhost:8123/mascot/mascot.js:601:23)
[   61733ms] ReferenceError: t is not defined
    at animate (http://localhost:8123/mascot/mascot.js:601:23)
[   61740ms] ReferenceError: t is not defined
    at animate (http://localhost:8123/mascot/mascot.js:601:23)
[   61750ms] ReferenceError: t is not defined
    at animate (http://localhost:8123/mascot/mascot.js:601:23)
[   61757ms] ReferenceError: t is not defined
    at animate (http://localhost:8123/mascot/mascot.js:601:23)
[   61765ms] ReferenceError: t is not defined
    at animate (http://localhost:8123/mascot/mascot.js:601:23)
[   61774ms] ReferenceError: t is not defined
    at animate (http://localhost:8123/mascot/mascot.js:601:23)
[   61782ms] ReferenceError: t is not defined
    at animate (http://localhost:8123/mascot/mascot.js:601:23)
[   61791ms] ReferenceError: t is not defined
    at animate (http://localhost:8123/mascot/mascot.js:601:23)
[   61801ms] ReferenceError: t is not defined
    at animate (http://localhost:8123/mascot/mascot.js:601:23)
[   61807ms] ReferenceError: t is not defined
    at animate (http://localhost:8123/mascot/mascot.js:601:23)
[   61815ms] ReferenceError: t is not defined
    at animate (http://localhost:8123/mascot/mascot.js:601:23)
[   61824ms] ReferenceError: t is not defined
    at animate (http://localhost:8123/mascot/mascot.js:601:23)
[   61832ms] ReferenceError: t is not defined
    at animate (http://localhost:8123/mascot/mascot.js:601:23)
[   61841ms] ReferenceError: t is not defined
    at animate (http://localhost:8123/mascot/mascot.js:601:23)
[   61849ms] ReferenceError: t is not defined
    at animate (http://localhost:8123/mascot/mascot.js:601:23)
[   61857ms] ReferenceError: t is not defined
    at animate (http://localhost:8123/mascot/mascot.js:601:23)
[   61865ms] ReferenceError: t is not defined
    at animate (http://localhost:8123/mascot/mascot.js:601:23)
[   61873ms] ReferenceError: t is not defined
    at animate (http://localhost:8123/mascot/mascot.js:601:23)
[   61881ms] ReferenceError: t is not defined
    at animate (http://localhost:8123/mascot/mascot.js:601:23)
[   61890ms] ReferenceError: t is not defined
    at animate (http://localhost:8123/mascot/mascot.js:601:23)
[   61898ms] ReferenceError: t is not defined
    at animate (http://localhost:8123/mascot/mascot.js:601:23)
[   61907ms] ReferenceError: t is not defined
    at animate (http://localhost:8123/mascot/mascot.js:601:23)
[   61915ms] ReferenceError: t is not defined
    at animate (http://localhost:8123/mascot/mascot.js:601:23)
[   61923ms] ReferenceError: t is not defined
    at animate (http://localhost:8123/mascot/mascot.js:601:23)
[   61933ms] ReferenceError: t is not defined
    at animate (http://localhost:8123/mascot/mascot.js:601:23)
[   61941ms] ReferenceError: t is not defined
    at animate (http://localhost:8123/mascot/mascot.js:601:23)
[   61949ms] ReferenceError: t is not defined
    at animate (http://localhost:8123/mascot/mascot.js:601:23)
[   61957ms] ReferenceError: t is not defined
    at animate (http://localhost:8123/mascot/mascot.js:601:23)
[   61965ms] ReferenceError: t is not defined
    at animate (http://localhost:8123/mascot/mascot.js:601:23)
[   61973ms] ReferenceError: t is not defined
    at animate (http://localhost:8123/mascot/mascot.js:601:23)
[   61982ms] ReferenceError: t is not defined
    at animate (http://localhost:8123/mascot/mascot.js:601:23)
[   61989ms] ReferenceError: t is not defined
    at animate (http://localhost:8123/mascot/mascot.js:601:23)
[   61998ms] ReferenceError: t is not defined
    at animate (http://localhost:8123/mascot/mascot.js:601:23)
[   62006ms] ReferenceError: t is not defined
    at animate (http://localhost:8123/mascot/mascot.js:601:23)
[   62014ms] ReferenceError: t is not defined
    at animate (http://localhost:8123/mascot/mascot.js:601:23)
[   62023ms] ReferenceError: t is not defined
    at animate (http://localhost:8123/mascot/mascot.js:601:23)
[   62031ms] ReferenceError: t is not defined
    at animate (http://localhost:8123/mascot/mascot.js:601:23)
[   62039ms] ReferenceError: t is not defined
    at animate (http://localhost:8123/mascot/mascot.js:601:23)
[   62049ms] ReferenceError: t is not defined
    at animate (http://localhost:8123/mascot/mascot.js:601:23)
[   62057ms] ReferenceError: t is not defined
    at animate (http://localhost:8123/mascot/mascot.js:601:23)
[   62064ms] ReferenceError: t is not defined
    at animate (http://localhost:8123/mascot/mascot.js:601:23)
[   62072ms] ReferenceError: t is not defined
    at animate (http://localhost:8123/mascot/mascot.js:601:23)
[   62080ms] ReferenceError: t is not defined
    at animate (http://localhost:8123/mascot/mascot.js:601:23)
[   62089ms] ReferenceError: t is not defined
    at animate (http://localhost:8123/mascot/mascot.js:601:23)
[   62098ms] ReferenceError: t is not defined
    at animate (http://localhost:8123/mascot/mascot.js:601:23)
[   62106ms] ReferenceError: t is not defined
    at animate (http://localhost:8123/mascot/mascot.js:601:23)
[   62115ms] ReferenceError: t is not defined
    at animate (http://localhost:8123/mascot/mascot.js:601:23)
[   62123ms] ReferenceError: t is not defined
    at animate (http://localhost:8123/mascot/mascot.js:601:23)
[   62131ms] ReferenceError: t is not defined
    at animate (http://localhost:8123/mascot/mascot.js:601:23)
[   62139ms] ReferenceError: t is not defined
    at animate (http://localhost:8123/mascot/mascot.js:601:23)
[   62148ms] ReferenceError: t is not defined
    at animate (http://localhost:8123/mascot/mascot.js:601:23)
[   62156ms] ReferenceError: t is not defined
    at animate (http://localhost:8123/mascot/mascot.js:601:23)
[   62164ms] ReferenceError: t is not defined
    at animate (http://localhost:8123/mascot/mascot.js:601:23)
[   62172ms] ReferenceError: t is not defined
    at animate (http://localhost:8123/mascot/mascot.js:601:23)
[   62181ms] ReferenceError: t is not defined
    at animate (http://localhost:8123/mascot/mascot.js:601:23)
[   62190ms] ReferenceError: t is not defined
    at animate (http://localhost:8123/mascot/mascot.js:601:23)
[   62199ms] ReferenceError: t is not defined
    at animate (http://localhost:8123/mascot/mascot.js:601:23)
[   62206ms] ReferenceError: t is not defined
    at animate (http://localhost:8123/mascot/mascot.js:601:23)
[   62215ms] ReferenceError: t is not defined
    at animate (http://localhost:8123/mascot/mascot.js:601:23)
[   62223ms] ReferenceError: t is not defined
    at animate (http://localhost:8123/mascot/mascot.js:601:23)
[   62232ms] ReferenceError: t is not defined
    at animate (http://localhost:8123/mascot/mascot.js:601:23)
[   62240ms] ReferenceError: t is not defined
    at animate (http://localhost:8123/mascot/mascot.js:601:23)
[   62248ms] ReferenceError: t is not defined
    at animate (http://localhost:8123/mascot/mascot.js:601:23)
[   62256ms] ReferenceError: t is not defined
    at animate (http://localhost:8123/mascot/mascot.js:601:23)
[   62265ms] ReferenceError: t is not defined
    at animate (http://localhost:8123/mascot/mascot.js:601:23)
[   62273ms] ReferenceError: t is not defined
    at animate (http://localhost:8123/mascot/mascot.js:601:23)
[   62281ms] ReferenceError: t is not defined
    at animate (http://localhost:8123/mascot/mascot.js:601:23)
[   62290ms] ReferenceError: t is not defined
    at animate (http://localhost:8123/mascot/mascot.js:601:23)
[   62299ms] ReferenceError: t is not defined
    at animate (http://localhost:8123/mascot/mascot.js:601:23)
[   62306ms] ReferenceError: t is not defined
    at animate (http://localhost:8123/mascot/mascot.js:601:23)
[   62315ms] ReferenceError: t is not defined
    at animate (http://localhost:8123/mascot/mascot.js:601:23)
[   62323ms] ReferenceError: t is not defined
    at animate (http://localhost:8123/mascot/mascot.js:601:23)
[   62331ms] ReferenceError: t is not defined
    at animate (http://localhost:8123/mascot/mascot.js:601:23)
[   62340ms] ReferenceError: t is not defined
    at animate (http://localhost:8123/mascot/mascot.js:601:23)
[   62348ms] ReferenceError: t is not defined
    at animate (http://localhost:8123/mascot/mascot.js:601:23)
[   62356ms] ReferenceError: t is not defined
    at animate (http://localhost:8123/mascot/mascot.js:601:23)
[   62366ms] ReferenceError: t is not defined
    at animate (http://localhost:8123/mascot/mascot.js:601:23)
[   62374ms] ReferenceError: t is not defined
    at animate (http://localhost:8123/mascot/mascot.js:601:23)
[   62382ms] ReferenceError: t is not defined
    at animate (http://localhost:8123/mascot/mascot.js:601:23)
[   62390ms] ReferenceError: t is not defined
    at animate (http://localhost:8123/mascot/mascot.js:601:23)
[   62398ms] ReferenceError: t is not defined
    at animate (http://localhost:8123/mascot/mascot.js:601:23)
[   62407ms] ReferenceError: t is not defined
    at animate (http://localhost:8123/mascot/mascot.js:601:23)
[   62415ms] ReferenceError: t is not defined
    at animate (http://localhost:8123/mascot/mascot.js:601:23)
[   62423ms] ReferenceError: t is not defined
    at animate (http://localhost:8123/mascot/mascot.js:601:23)
[   62431ms] ReferenceError: t is not defined
    at animate (http://localhost:8123/mascot/mascot.js:601:23)
[   62440ms] ReferenceError: t is not defined
    at animate (http://localhost:8123/mascot/mascot.js:601:23)
[   62449ms] ReferenceError: t is not defined
    at animate (http://localhost:8123/mascot/mascot.js:601:23)
[   62456ms] ReferenceError: t is not defined
    at animate (http://localhost:8123/mascot/mascot.js:601:23)
[   62465ms] ReferenceError: t is not defined
    at animate (http://localhost:8123/mascot/mascot.js:601:23)
[   62473ms] ReferenceError: t is not defined
    at animate (http://localhost:8123/mascot/mascot.js:601:23)
[   62481ms] ReferenceError: t is not defined
    at animate (http://localhost:8123/mascot/mascot.js:601:23)
[   62489ms] ReferenceError: t is not defined
    at animate (http://localhost:8123/mascot/mascot.js:601:23)
[   62499ms] ReferenceError: t is not defined
    at animate (http://localhost:8123/mascot/mascot.js:601:23)
[   62506ms] ReferenceError: t is not defined
    at animate (http://localhost:8123/mascot/mascot.js:601:23)
[   62515ms] ReferenceError: t is not defined
    at animate (http://localhost:8123/mascot/mascot.js:601:23)
[   62524ms] ReferenceError: t is not defined
    at animate (http://localhost:8123/mascot/mascot.js:601:23)
[   62533ms] ReferenceError: t is not defined
    at animate (http://localhost:8123/mascot/mascot.js:601:23)
[   62540ms] ReferenceError: t is not defined
    at animate (http://localhost:8123/mascot/mascot.js:601:23)
[   62549ms] ReferenceError: t is not defined
    at animate (http://localhost:8123/mascot/mascot.js:601:23)
[   62556ms] ReferenceError: t is not defined
    at animate (http://localhost:8123/mascot/mascot.js:601:23)
[   62566ms] ReferenceError: t is not defined
    at animate (http://localhost:8123/mascot/mascot.js:601:23)
[   62573ms] ReferenceError: t is not defined
    at animate (http://localhost:8123/mascot/mascot.js:601:23)
[   62582ms] ReferenceError: t is not defined
    at animate (http://localhost:8123/mascot/mascot.js:601:23)
[   62590ms] ReferenceError: t is not defined
    at animate (http://localhost:8123/mascot/mascot.js:601:23)
[   62599ms] ReferenceError: t is not defined
    at animate (http://localhost:8123/mascot/mascot.js:601:23)
[   62607ms] ReferenceError: t is not defined
    at animate (http://localhost:8123/mascot/mascot.js:601:23)
[   62615ms] ReferenceError: t is not defined
    at animate (http://localhost:8123/mascot/mascot.js:601:23)
[   62623ms] ReferenceError: t is not defined
    at animate (http://localhost:8123/mascot/mascot.js:601:23)
[   62632ms] ReferenceError: t is not defined
    at animate (http://localhost:8123/mascot/mascot.js:601:23)
[   62641ms] ReferenceError: t is not defined
    at animate (http://localhost:8123/mascot/mascot.js:601:23)
[   62649ms] ReferenceError: t is not defined
    at animate (http://localhost:8123/mascot/mascot.js:601:23)
[   62657ms] ReferenceError: t is not defined
    at animate (http://localhost:8123/mascot/mascot.js:601:23)
[   62665ms] ReferenceError: t is not defined
    at animate (http://localhost:8123/mascot/mascot.js:601:23)
[   62674ms] ReferenceError: t is not defined
    at animate (http://localhost:8123/mascot/mascot.js:601:23)
[   62682ms] ReferenceError: t is not defined
    at animate (http://localhost:8123/mascot/mascot.js:601:23)
[   62690ms] ReferenceError: t is not defined
    at animate (http://localhost:8123/mascot/mascot.js:601:23)
[   62699ms] ReferenceError: t is not defined
    at animate (http://localhost:8123/mascot/mascot.js:601:23)
[   62707ms] ReferenceError: t is not defined
    at animate (http://localhost:8123/mascot/mascot.js:601:23)
[   62715ms] ReferenceError: t is not defined
    at animate (http://localhost:8123/mascot/mascot.js:601:23)
[   62724ms] ReferenceError: t is not defined
    at animate (http://localhost:8123/mascot/mascot.js:601:23)
[   62732ms] ReferenceError: t is not defined
    at animate (http://localhost:8123/mascot/mascot.js:601:23)
[   62740ms] ReferenceError: t is not defined
    at animate (http://localhost:8123/mascot/mascot.js:601:23)
[   62749ms] ReferenceError: t is not defined
    at animate (http://localhost:8123/mascot/mascot.js:601:23)
[   62757ms] ReferenceError: t is not defined
    at animate (http://localhost:8123/mascot/mascot.js:601:23)
[   62765ms] ReferenceError: t is not defined
    at animate (http://localhost:8123/mascot/mascot.js:601:23)
[   62773ms] ReferenceError: t is not defined
    at animate (http://localhost:8123/mascot/mascot.js:601:23)
[   62783ms] ReferenceError: t is not defined
    at animate (http://localhost:8123/mascot/mascot.js:601:23)
[   62791ms] ReferenceError: t is not defined
    at animate (http://localhost:8123/mascot/mascot.js:601:23)
[   62799ms] ReferenceError: t is not defined
    at animate (http://localhost:8123/mascot/mascot.js:601:23)
[   62807ms] ReferenceError: t is not defined
    at animate (http://localhost:8123/mascot/mascot.js:601:23)
[   62815ms] ReferenceError: t is not defined
    at animate (http://localhost:8123/mascot/mascot.js:601:23)
[   62823ms] ReferenceError: t is not defined
    at animate (http://localhost:8123/mascot/mascot.js:601:23)
[   62832ms] ReferenceError: t is not defined
    at animate (http://localhost:8123/mascot/mascot.js:601:23)
[   62840ms] ReferenceError: t is not defined
    at animate (http://localhost:8123/mascot/mascot.js:601:23)
[   62849ms] ReferenceError: t is not defined
    at animate (http://localhost:8123/mascot/mascot.js:601:23)
[   62857ms] ReferenceError: t is not defined
    at animate (http://localhost:8123/mascot/mascot.js:601:23)
[   62866ms] ReferenceError: t is not defined
    at animate (http://localhost:8123/mascot/mascot.js:601:23)
[   62874ms] ReferenceError: t is not defined
    at animate (http://localhost:8123/mascot/mascot.js:601:23)
[   62882ms] ReferenceError: t is not defined
    at animate (http://localhost:8123/mascot/mascot.js:601:23)
[   62891ms] ReferenceError: t is not defined
    at animate (http://localhost:8123/mascot/mascot.js:601:23)
[   62902ms] ReferenceError: t is not defined
    at animate (http://localhost:8123/mascot/mascot.js:601:23)
[   62908ms] ReferenceError: t is not defined
    at animate (http://localhost:8123/mascot/mascot.js:601:23)
[   62915ms] ReferenceError: t is not defined
    at animate (http://localhost:8123/mascot/mascot.js:601:23)
[   62924ms] ReferenceError: t is not defined
    at animate (http://localhost:8123/mascot/mascot.js:601:23)
[   62932ms] ReferenceError: t is not defined
    at animate (http://localhost:8123/mascot/mascot.js:601:23)
[   62941ms] ReferenceError: t is not defined
    at animate (http://localhost:8123/mascot/mascot.js:601:23)
[   62949ms] ReferenceError: t is not defined
    at animate (http://localhost:8123/mascot/mascot.js:601:23)
[   62958ms] ReferenceError: t is not defined
    at animate (http://localhost:8123/mascot/mascot.js:601:23)
[   62974ms] ReferenceError: t is not defined
    at animate (http://localhost:8123/mascot/mascot.js:601:23)
[   62974ms] ReferenceError: t is not defined
    at animate (http://localhost:8123/mascot/mascot.js:601:23)
[   62982ms] ReferenceError: t is not defined
    at animate (http://localhost:8123/mascot/mascot.js:601:23)
[   62990ms] ReferenceError: t is not defined
    at animate (http://localhost:8123/mascot/mascot.js:601:23)
[   62998ms] ReferenceError: t is not defined
    at animate (http://localhost:8123/mascot/mascot.js:601:23)
[   63007ms] ReferenceError: t is not defined
    at animate (http://localhost:8123/mascot/mascot.js:601:23)
[   63015ms] ReferenceError: t is not defined
    at animate (http://localhost:8123/mascot/mascot.js:601:23)
[   63023ms] ReferenceError: t is not defined
    at animate (http://localhost:8123/mascot/mascot.js:601:23)
[   63031ms] ReferenceError: t is not defined
    at animate (http://localhost:8123/mascot/mascot.js:601:23)
[   63039ms] ReferenceError: t is not defined
    at animate (http://localhost:8123/mascot/mascot.js:601:23)
[   63047ms] ReferenceError: t is not defined
    at animate (http://localhost:8123/mascot/mascot.js:601:23)
[   63056ms] ReferenceError: t is not defined
    at animate (http://localhost:8123/mascot/mascot.js:601:23)
[   63064ms] ReferenceError: t is not defined
    at animate (http://localhost:8123/mascot/mascot.js:601:23)
[   63072ms] ReferenceError: t is not defined
    at animate (http://localhost:8123/mascot/mascot.js:601:23)
[   63081ms] ReferenceError: t is not defined
    at animate (http://localhost:8123/mascot/mascot.js:601:23)
[   63089ms] ReferenceError: t is not defined
    at animate (http://localhost:8123/mascot/mascot.js:601:23)
[   63097ms] ReferenceError: t is not defined
    at animate (http://localhost:8123/mascot/mascot.js:601:23)
[   63107ms] ReferenceError: t is not defined
    at animate (http://localhost:8123/mascot/mascot.js:601:23)
[   63115ms] ReferenceError: t is not defined
    at animate (http://localhost:8123/mascot/mascot.js:601:23)
[   63123ms] ReferenceError: t is not defined
    at animate (http://localhost:8123/mascot/mascot.js:601:23)
[   63132ms] ReferenceError: t is not defined
    at animate (http://localhost:8123/mascot/mascot.js:601:23)
[   63140ms] ReferenceError: t is not defined
    at animate (http://localhost:8123/mascot/mascot.js:601:23)
[   63147ms] ReferenceError: t is not defined
    at animate (http://localhost:8123/mascot/mascot.js:601:23)
[   63156ms] ReferenceError: t is not defined
    at animate (http://localhost:8123/mascot/mascot.js:601:23)
[   63164ms] ReferenceError: t is not defined
    at animate (http://localhost:8123/mascot/mascot.js:601:23)
[   63172ms] ReferenceError: t is not defined
    at animate (http://localhost:8123/mascot/mascot.js:601:23)
[   63182ms] ReferenceError: t is not defined
    at animate (http://localhost:8123/mascot/mascot.js:601:23)
[   63189ms] ReferenceError: t is not defined
    at animate (http://localhost:8123/mascot/mascot.js:601:23)
[   63198ms] ReferenceError: t is not defined
    at animate (http://localhost:8123/mascot/mascot.js:601:23)
[   63206ms] ReferenceError: t is not defined
    at animate (http://localhost:8123/mascot/mascot.js:601:23)
[   63214ms] ReferenceError: t is not defined
    at animate (http://localhost:8123/mascot/mascot.js:601:23)
[   63223ms] ReferenceError: t is not defined
    at animate (http://localhost:8123/mascot/mascot.js:601:23)
[   63231ms] ReferenceError: t is not defined
    at animate (http://localhost:8123/mascot/mascot.js:601:23)
[   63240ms] ReferenceError: t is not defined
    at animate (http://localhost:8123/mascot/mascot.js:601:23)
[   63248ms] ReferenceError: t is not defined
    at animate (http://localhost:8123/mascot/mascot.js:601:23)
[   63256ms] ReferenceError: t is not defined
    at animate (http://localhost:8123/mascot/mascot.js:601:23)
[   63264ms] ReferenceError: t is not defined
    at animate (http://localhost:8123/mascot/mascot.js:601:23)
[   63273ms] ReferenceError: t is not defined
    at animate (http://localhost:8123/mascot/mascot.js:601:23)
[   63281ms] ReferenceError: t is not defined
    at animate (http://localhost:8123/mascot/mascot.js:601:23)
[   63289ms] ReferenceError: t is not defined
    at animate (http://localhost:8123/mascot/mascot.js:601:23)
[   63298ms] ReferenceError: t is not defined
    at animate (http://localhost:8123/mascot/mascot.js:601:23)
[   63307ms] ReferenceError: t is not defined
    at animate (http://localhost:8123/mascot/mascot.js:601:23)
[   63315ms] ReferenceError: t is not defined
    at animate (http://localhost:8123/mascot/mascot.js:601:23)
[   63323ms] ReferenceError: t is not defined
    at animate (http://localhost:8123/mascot/mascot.js:601:23)
[   63332ms] ReferenceError: t is not defined
    at animate (http://localhost:8123/mascot/mascot.js:601:23)
[   63340ms] ReferenceError: t is not defined
    at animate (http://localhost:8123/mascot/mascot.js:601:23)
[   63349ms] ReferenceError: t is not defined
    at animate (http://localhost:8123/mascot/mascot.js:601:23)
[   63357ms] ReferenceError: t is not defined
    at animate (http://localhost:8123/mascot/mascot.js:601:23)
[   63365ms] ReferenceError: t is not defined
    at animate (http://localhost:8123/mascot/mascot.js:601:23)
[   63373ms] ReferenceError: t is not defined
    at animate (http://localhost:8123/mascot/mascot.js:601:23)
[   63381ms] ReferenceError: t is not defined
    at animate (http://localhost:8123/mascot/mascot.js:601:23)
[   63391ms] ReferenceError: t is not defined
    at animate (http://localhost:8123/mascot/mascot.js:601:23)
[   63398ms] ReferenceError: t is not defined
    at animate (http://localhost:8123/mascot/mascot.js:601:23)
[   63407ms] ReferenceError: t is not defined
    at animate (http://localhost:8123/mascot/mascot.js:601:23)
[   63415ms] ReferenceError: t is not defined
    at animate (http://localhost:8123/mascot/mascot.js:601:23)
[   63424ms] ReferenceError: t is not defined
    at animate (http://localhost:8123/mascot/mascot.js:601:23)
[   63432ms] ReferenceError: t is not defined
    at animate (http://localhost:8123/mascot/mascot.js:601:23)
[   63440ms] ReferenceError: t is not defined
    at animate (http://localhost:8123/mascot/mascot.js:601:23)
[   63449ms] ReferenceError: t is not defined
    at animate (http://localhost:8123/mascot/mascot.js:601:23)
[   63456ms] ReferenceError: t is not defined
    at animate (http://localhost:8123/mascot/mascot.js:601:23)
[   63465ms] ReferenceError: t is not defined
    at animate (http://localhost:8123/mascot/mascot.js:601:23)
[   63474ms] ReferenceError: t is not defined
    at animate (http://localhost:8123/mascot/mascot.js:601:23)
[   63482ms] ReferenceError: t is not defined
    at animate (http://localhost:8123/mascot/mascot.js:601:23)
[   63490ms] ReferenceError: t is not defined
    at animate (http://localhost:8123/mascot/mascot.js:601:23)
[   63498ms] ReferenceError: t is not defined
    at animate (http://localhost:8123/mascot/mascot.js:601:23)
[   63506ms] ReferenceError: t is not defined
    at animate (http://localhost:8123/mascot/mascot.js:601:23)
[   63514ms] ReferenceError: t is not defined
    at animate (http://localhost:8123/mascot/mascot.js:601:23)
[   63523ms] ReferenceError: t is not defined
    at animate (http://localhost:8123/mascot/mascot.js:601:23)
[   63531ms] ReferenceError: t is not defined
    at animate (http://localhost:8123/mascot/mascot.js:601:23)
[   63539ms] ReferenceError: t is not defined
    at animate (http://localhost:8123/mascot/mascot.js:601:23)
[   63548ms] ReferenceError: t is not defined
    at animate (http://localhost:8123/mascot/mascot.js:601:23)
[   63557ms] ReferenceError: t is not defined
    at animate (http://localhost:8123/mascot/mascot.js:601:23)
[   63566ms] ReferenceError: t is not defined
    at animate (http://localhost:8123/mascot/mascot.js:601:23)
[   63573ms] ReferenceError: t is not defined
    at animate (http://localhost:8123/mascot/mascot.js:601:23)
[   63582ms] ReferenceError: t is not defined
    at animate (http://localhost:8123/mascot/mascot.js:601:23)
[   63590ms] ReferenceError: t is not defined
    at animate (http://localhost:8123/mascot/mascot.js:601:23)
[   63599ms] ReferenceError: t is not defined
    at animate (http://localhost:8123/mascot/mascot.js:601:23)
[   63607ms] ReferenceError: t is not defined
    at animate (http://localhost:8123/mascot/mascot.js:601:23)
[   63615ms] ReferenceError: t is not defined
    at animate (http://localhost:8123/mascot/mascot.js:601:23)
[   63623ms] ReferenceError: t is not defined
    at animate (http://localhost:8123/mascot/mascot.js:601:23)
[   63632ms] ReferenceError: t is not defined
    at animate (http://localhost:8123/mascot/mascot.js:601:23)
[   63641ms] ReferenceError: t is not defined
    at animate (http://localhost:8123/mascot/mascot.js:601:23)
[   63649ms] ReferenceError: t is not defined
    at animate (http://localhost:8123/mascot/mascot.js:601:23)
[   63657ms] ReferenceError: t is not defined
    at animate (http://localhost:8123/mascot/mascot.js:601:23)
[   63666ms] ReferenceError: t is not defined
    at animate (http://localhost:8123/mascot/mascot.js:601:23)
[   63674ms] ReferenceError: t is not defined
    at animate (http://localhost:8123/mascot/mascot.js:601:23)
[   63682ms] ReferenceError: t is not defined
    at animate (http://localhost:8123/mascot/mascot.js:601:23)
[   63690ms] ReferenceError: t is not defined
    at animate (http://localhost:8123/mascot/mascot.js:601:23)
[   63699ms] ReferenceError: t is not defined
    at animate (http://localhost:8123/mascot/mascot.js:601:23)
[   63708ms] ReferenceError: t is not defined
    at animate (http://localhost:8123/mascot/mascot.js:601:23)
[   63716ms] ReferenceError: t is not defined
    at animate (http://localhost:8123/mascot/mascot.js:601:23)
[   63724ms] ReferenceError: t is not defined
    at animate (http://localhost:8123/mascot/mascot.js:601:23)
[   63733ms] ReferenceError: t is not defined
    at animate (http://localhost:8123/mascot/mascot.js:601:23)
[   63740ms] ReferenceError: t is not defined
    at animate (http://localhost:8123/mascot/mascot.js:601:23)
[   63748ms] ReferenceError: t is not defined
    at animate (http://localhost:8123/mascot/mascot.js:601:23)
[   63757ms] ReferenceError: t is not defined
    at animate (http://localhost:8123/mascot/mascot.js:601:23)
[   63765ms] ReferenceError: t is not defined
    at animate (http://localhost:8123/mascot/mascot.js:601:23)
[   63774ms] ReferenceError: t is not defined
    at animate (http://localhost:8123/mascot/mascot.js:601:23)
[   63782ms] ReferenceError: t is not defined
    at animate (http://localhost:8123/mascot/mascot.js:601:23)
[   63790ms] ReferenceError: t is not defined
    at animate (http://localhost:8123/mascot/mascot.js:601:23)
[   63799ms] ReferenceError: t is not defined
    at animate (http://localhost:8123/mascot/mascot.js:601:23)
[   63807ms] ReferenceError: t is not defined
    at animate (http://localhost:8123/mascot/mascot.js:601:23)
[   63816ms] ReferenceError: t is not defined
    at animate (http://localhost:8123/mascot/mascot.js:601:23)
[   63824ms] ReferenceError: t is not defined
    at animate (http://localhost:8123/mascot/mascot.js:601:23)
[   63833ms] ReferenceError: t is not defined
    at animate (http://localhost:8123/mascot/mascot.js:601:23)
[   63841ms] ReferenceError: t is not defined
    at animate (http://localhost:8123/mascot/mascot.js:601:23)
[   63849ms] ReferenceError: t is not defined
    at animate (http://localhost:8123/mascot/mascot.js:601:23)
[   63857ms] ReferenceError: t is not defined
    at animate (http://localhost:8123/mascot/mascot.js:601:23)
[   63866ms] ReferenceError: t is not defined
    at animate (http://localhost:8123/mascot/mascot.js:601:23)
[   63874ms] ReferenceError: t is not defined
    at animate (http://localhost:8123/mascot/mascot.js:601:23)
[   63883ms] ReferenceError: t is not defined
    at animate (http://localhost:8123/mascot/mascot.js:601:23)
[   63891ms] ReferenceError: t is not defined
    at animate (http://localhost:8123/mascot/mascot.js:601:23)
[   63899ms] ReferenceError: t is not defined
    at animate (http://localhost:8123/mascot/mascot.js:601:23)
[   63907ms] ReferenceError: t is not defined
    at animate (http://localhost:8123/mascot/mascot.js:601:23)
[   63916ms] ReferenceError: t is not defined
    at animate (http://localhost:8123/mascot/mascot.js:601:23)
[   63924ms] ReferenceError: t is not defined
    at animate (http://localhost:8123/mascot/mascot.js:601:23)
[   63933ms] ReferenceError: t is not defined
    at animate (http://localhost:8123/mascot/mascot.js:601:23)
[   63940ms] ReferenceError: t is not defined
    at animate (http://localhost:8123/mascot/mascot.js:601:23)
[   63948ms] ReferenceError: t is not defined
    at animate (http://localhost:8123/mascot/mascot.js:601:23)
[   63957ms] ReferenceError: t is not defined
    at animate (http://localhost:8123/mascot/mascot.js:601:23)
[   63965ms] ReferenceError: t is not defined
    at animate (http://localhost:8123/mascot/mascot.js:601:23)
[   63973ms] ReferenceError: t is not defined
    at animate (http://localhost:8123/mascot/mascot.js:601:23)
[   63987ms] ReferenceError: t is not defined
    at animate (http://localhost:8123/mascot/mascot.js:601:23)
[   63992ms] ReferenceError: t is not defined
    at animate (http://localhost:8123/mascot/mascot.js:601:23)
[   63998ms] ReferenceError: t is not defined
    at animate (http://localhost:8123/mascot/mascot.js:601:23)
[   64008ms] ReferenceError: t is not defined
    at animate (http://localhost:8123/mascot/mascot.js:601:23)
[   64016ms] ReferenceError: t is not defined
    at animate (http://localhost:8123/mascot/mascot.js:601:23)
[   64024ms] ReferenceError: t is not defined
    at animate (http://localhost:8123/mascot/mascot.js:601:23)
[   64032ms] ReferenceError: t is not defined
    at animate (http://localhost:8123/mascot/mascot.js:601:23)
[   64040ms] ReferenceError: t is not defined
    at animate (http://localhost:8123/mascot/mascot.js:601:23)
[   64048ms] ReferenceError: t is not defined
    at animate (http://localhost:8123/mascot/mascot.js:601:23)
[   64056ms] ReferenceError: t is not defined
    at animate (http://localhost:8123/mascot/mascot.js:601:23)
[   64064ms] ReferenceError: t is not defined
    at animate (http://localhost:8123/mascot/mascot.js:601:23)
[   64073ms] ReferenceError: t is not defined
    at animate (http://localhost:8123/mascot/mascot.js:601:23)
[   64081ms] ReferenceError: t is not defined
    at animate (http://localhost:8123/mascot/mascot.js:601:23)
[   64090ms] ReferenceError: t is not defined
    at animate (http://localhost:8123/mascot/mascot.js:601:23)
[   64098ms] ReferenceError: t is not defined
    at animate (http://localhost:8123/mascot/mascot.js:601:23)
[   64106ms] ReferenceError: t is not defined
    at animate (http://localhost:8123/mascot/mascot.js:601:23)
[   64115ms] ReferenceError: t is not defined
    at animate (http://localhost:8123/mascot/mascot.js:601:23)
[   64123ms] ReferenceError: t is not defined
    at animate (http://localhost:8123/mascot/mascot.js:601:23)
[   64131ms] ReferenceError: t is not defined
    at animate (http://localhost:8123/mascot/mascot.js:601:23)
[   64139ms] ReferenceError: t is not defined
    at animate (http://localhost:8123/mascot/mascot.js:601:23)
[   64147ms] ReferenceError: t is not defined
    at animate (http://localhost:8123/mascot/mascot.js:601:23)
[   64156ms] ReferenceError: t is not defined
    at animate (http://localhost:8123/mascot/mascot.js:601:23)
[   64164ms] ReferenceError: t is not defined
    at animate (http://localhost:8123/mascot/mascot.js:601:23)
[   64172ms] ReferenceError: t is not defined
    at animate (http://localhost:8123/mascot/mascot.js:601:23)
[   64181ms] ReferenceError: t is not defined
    at animate (http://localhost:8123/mascot/mascot.js:601:23)
[   64189ms] ReferenceError: t is not defined
    at animate (http://localhost:8123/mascot/mascot.js:601:23)
[   64198ms] ReferenceError: t is not defined
    at animate (http://localhost:8123/mascot/mascot.js:601:23)
[   64206ms] ReferenceError: t is not defined
    at animate (http://localhost:8123/mascot/mascot.js:601:23)
[   64215ms] ReferenceError: t is not defined
    at animate (http://localhost:8123/mascot/mascot.js:601:23)
[   64223ms] ReferenceError: t is not defined
    at animate (http://localhost:8123/mascot/mascot.js:601:23)
[   64231ms] ReferenceError: t is not defined
    at animate (http://localhost:8123/mascot/mascot.js:601:23)
[   64239ms] ReferenceError: t is not defined
    at animate (http://localhost:8123/mascot/mascot.js:601:23)
[   64248ms] ReferenceError: t is not defined
    at animate (http://localhost:8123/mascot/mascot.js:601:23)
[   64256ms] ReferenceError: t is not defined
    at animate (http://localhost:8123/mascot/mascot.js:601:23)
[   64265ms] ReferenceError: t is not defined
    at animate (http://localhost:8123/mascot/mascot.js:601:23)
[   64273ms] ReferenceError: t is not defined
    at animate (http://localhost:8123/mascot/mascot.js:601:23)
[   64281ms] ReferenceError: t is not defined
    at animate (http://localhost:8123/mascot/mascot.js:601:23)
[   64290ms] ReferenceError: t is not defined
    at animate (http://localhost:8123/mascot/mascot.js:601:23)
[   64298ms] ReferenceError: t is not defined
    at animate (http://localhost:8123/mascot/mascot.js:601:23)
[   64307ms] ReferenceError: t is not defined
    at animate (http://localhost:8123/mascot/mascot.js:601:23)
[   64315ms] ReferenceError: t is not defined
    at animate (http://localhost:8123/mascot/mascot.js:601:23)
[   64323ms] ReferenceError: t is not defined
    at animate (http://localhost:8123/mascot/mascot.js:601:23)
[   64332ms] ReferenceError: t is not defined
    at animate (http://localhost:8123/mascot/mascot.js:601:23)
[   64341ms] ReferenceError: t is not defined
    at animate (http://localhost:8123/mascot/mascot.js:601:23)
[   64348ms] ReferenceError: t is not defined
    at animate (http://localhost:8123/mascot/mascot.js:601:23)
[   64357ms] ReferenceError: t is not defined
    at animate (http://localhost:8123/mascot/mascot.js:601:23)
[   64366ms] ReferenceError: t is not defined
    at animate (http://localhost:8123/mascot/mascot.js:601:23)
[   64373ms] ReferenceError: t is not defined
    at animate (http://localhost:8123/mascot/mascot.js:601:23)
[   64381ms] ReferenceError: t is not defined
    at animate (http://localhost:8123/mascot/mascot.js:601:23)
[   64390ms] ReferenceError: t is not defined
    at animate (http://localhost:8123/mascot/mascot.js:601:23)
[   64399ms] ReferenceError: t is not defined
    at animate (http://localhost:8123/mascot/mascot.js:601:23)
[   64407ms] ReferenceError: t is not defined
    at animate (http://localhost:8123/mascot/mascot.js:601:23)
[   64415ms] ReferenceError: t is not defined
    at animate (http://localhost:8123/mascot/mascot.js:601:23)
[   64425ms] ReferenceError: t is not defined
    at animate (http://localhost:8123/mascot/mascot.js:601:23)
[   64433ms] ReferenceError: t is not defined
    at animate (http://localhost:8123/mascot/mascot.js:601:23)
[   64440ms] ReferenceError: t is not defined
    at animate (http://localhost:8123/mascot/mascot.js:601:23)
[   64449ms] ReferenceError: t is not defined
    at animate (http://localhost:8123/mascot/mascot.js:601:23)
[   64457ms] ReferenceError: t is not defined
    at animate (http://localhost:8123/mascot/mascot.js:601:23)
[   64466ms] ReferenceError: t is not defined
    at animate (http://localhost:8123/mascot/mascot.js:601:23)
[   64473ms] ReferenceError: t is not defined
    at animate (http://localhost:8123/mascot/mascot.js:601:23)
[   64482ms] ReferenceError: t is not defined
    at animate (http://localhost:8123/mascot/mascot.js:601:23)
[   64490ms] ReferenceError: t is not defined
    at animate (http://localhost:8123/mascot/mascot.js:601:23)
[   64498ms] ReferenceError: t is not defined
    at animate (http://localhost:8123/mascot/mascot.js:601:23)
[   64507ms] ReferenceError: t is not defined
    at animate (http://localhost:8123/mascot/mascot.js:601:23)
[   64515ms] ReferenceError: t is not defined
    at animate (http://localhost:8123/mascot/mascot.js:601:23)
[   64524ms] ReferenceError: t is not defined
    at animate (http://localhost:8123/mascot/mascot.js:601:23)
[   64532ms] ReferenceError: t is not defined
    at animate (http://localhost:8123/mascot/mascot.js:601:23)
[   64540ms] ReferenceError: t is not defined
    at animate (http://localhost:8123/mascot/mascot.js:601:23)
[   64548ms] ReferenceError: t is not defined
    at animate (http://localhost:8123/mascot/mascot.js:601:23)
[   64557ms] ReferenceError: t is not defined
    at animate (http://localhost:8123/mascot/mascot.js:601:23)
[   64565ms] ReferenceError: t is not defined
    at animate (http://localhost:8123/mascot/mascot.js:601:23)
[   64574ms] ReferenceError: t is not defined
    at animate (http://localhost:8123/mascot/mascot.js:601:23)
[   64582ms] ReferenceError: t is not defined
    at animate (http://localhost:8123/mascot/mascot.js:601:23)
[   64590ms] ReferenceError: t is not defined
    at animate (http://localhost:8123/mascot/mascot.js:601:23)
[   64599ms] ReferenceError: t is not defined
    at animate (http://localhost:8123/mascot/mascot.js:601:23)
[   64607ms] ReferenceError: t is not defined
    at animate (http://localhost:8123/mascot/mascot.js:601:23)
[   64615ms] ReferenceError: t is not defined
    at animate (http://localhost:8123/mascot/mascot.js:601:23)
[   64623ms] ReferenceError: t is not defined
    at animate (http://localhost:8123/mascot/mascot.js:601:23)
[   64632ms] ReferenceError: t is not defined
    at animate (http://localhost:8123/mascot/mascot.js:601:23)
[   64640ms] ReferenceError: t is not defined
    at animate (http://localhost:8123/mascot/mascot.js:601:23)
[   64649ms] ReferenceError: t is not defined
    at animate (http://localhost:8123/mascot/mascot.js:601:23)
[   64657ms] ReferenceError: t is not defined
    at animate (http://localhost:8123/mascot/mascot.js:601:23)
[   64665ms] ReferenceError: t is not defined
    at animate (http://localhost:8123/mascot/mascot.js:601:23)
[   64674ms] ReferenceError: t is not defined
    at animate (http://localhost:8123/mascot/mascot.js:601:23)
[   64682ms] ReferenceError: t is not defined
    at animate (http://localhost:8123/mascot/mascot.js:601:23)
[   64690ms] ReferenceError: t is not defined
    at animate (http://localhost:8123/mascot/mascot.js:601:23)
[   64699ms] ReferenceError: t is not defined
    at animate (http://localhost:8123/mascot/mascot.js:601:23)
[   64708ms] ReferenceError: t is not defined
    at animate (http://localhost:8123/mascot/mascot.js:601:23)
[   64715ms] ReferenceError: t is not defined
    at animate (http://localhost:8123/mascot/mascot.js:601:23)
[   64724ms] ReferenceError: t is not defined
    at animate (http://localhost:8123/mascot/mascot.js:601:23)
[   64732ms] ReferenceError: t is not defined
    at animate (http://localhost:8123/mascot/mascot.js:601:23)
[   64741ms] ReferenceError: t is not defined
    at animate (http://localhost:8123/mascot/mascot.js:601:23)
[   64749ms] ReferenceError: t is not defined
    at animate (http://localhost:8123/mascot/mascot.js:601:23)
[   64757ms] ReferenceError: t is not defined
    at animate (http://localhost:8123/mascot/mascot.js:601:23)
[   64766ms] ReferenceError: t is not defined
    at animate (http://localhost:8123/mascot/mascot.js:601:23)
[   64773ms] ReferenceError: t is not defined
    at animate (http://localhost:8123/mascot/mascot.js:601:23)
[   64783ms] ReferenceError: t is not defined
    at animate (http://localhost:8123/mascot/mascot.js:601:23)
[   64791ms] ReferenceError: t is not defined
    at animate (http://localhost:8123/mascot/mascot.js:601:23)
[   64798ms] ReferenceError: t is not defined
    at animate (http://localhost:8123/mascot/mascot.js:601:23)
[   64807ms] ReferenceError: t is not defined
    at animate (http://localhost:8123/mascot/mascot.js:601:23)
[   64815ms] ReferenceError: t is not defined
    at animate (http://localhost:8123/mascot/mascot.js:601:23)
[   64824ms] ReferenceError: t is not defined
    at animate (http://localhost:8123/mascot/mascot.js:601:23)
[   64832ms] ReferenceError: t is not defined
    at animate (http://localhost:8123/mascot/mascot.js:601:23)
[   64841ms] ReferenceError: t is not defined
    at animate (http://localhost:8123/mascot/mascot.js:601:23)
[   64848ms] ReferenceError: t is not defined
    at animate (http://localhost:8123/mascot/mascot.js:601:23)
[   64857ms] ReferenceError: t is not defined
    at animate (http://localhost:8123/mascot/mascot.js:601:23)
[   64865ms] ReferenceError: t is not defined
    at animate (http://localhost:8123/mascot/mascot.js:601:23)
[   64873ms] ReferenceError: t is not defined
    at animate (http://localhost:8123/mascot/mascot.js:601:23)
[   64882ms] ReferenceError: t is not defined
    at animate (http://localhost:8123/mascot/mascot.js:601:23)
[   64890ms] ReferenceError: t is not defined
    at animate (http://localhost:8123/mascot/mascot.js:601:23)
[   64899ms] ReferenceError: t is not defined
    at animate (http://localhost:8123/mascot/mascot.js:601:23)
[   64907ms] ReferenceError: t is not defined
    at animate (http://localhost:8123/mascot/mascot.js:601:23)
[   64915ms] ReferenceError: t is not defined
    at animate (http://localhost:8123/mascot/mascot.js:601:23)
[   64923ms] ReferenceError: t is not defined
    at animate (http://localhost:8123/mascot/mascot.js:601:23)
[   64933ms] ReferenceError: t is not defined
    at animate (http://localhost:8123/mascot/mascot.js:601:23)
[   64941ms] ReferenceError: t is not defined
    at animate (http://localhost:8123/mascot/mascot.js:601:23)
[   64949ms] ReferenceError: t is not defined
    at animate (http://localhost:8123/mascot/mascot.js:601:23)
[   64957ms] ReferenceError: t is not defined
    at animate (http://localhost:8123/mascot/mascot.js:601:23)
[   64965ms] ReferenceError: t is not defined
    at animate (http://localhost:8123/mascot/mascot.js:601:23)
[   64973ms] ReferenceError: t is not defined
    at animate (http://localhost:8123/mascot/mascot.js:601:23)
[   64981ms] ReferenceError: t is not defined
    at animate (http://localhost:8123/mascot/mascot.js:601:23)
[   64991ms] ReferenceError: t is not defined
    at animate (http://localhost:8123/mascot/mascot.js:601:23)
[   65006ms] ReferenceError: t is not defined
    at animate (http://localhost:8123/mascot/mascot.js:601:23)
[   65007ms] ReferenceError: t is not defined
    at animate (http://localhost:8123/mascot/mascot.js:601:23)
[   65015ms] ReferenceError: t is not defined
    at animate (http://localhost:8123/mascot/mascot.js:601:23)
[   65024ms] ReferenceError: t is not defined
    at animate (http://localhost:8123/mascot/mascot.js:601:23)
[   65032ms] ReferenceError: t is not defined
    at animate (http://localhost:8123/mascot/mascot.js:601:23)
[   65040ms] ReferenceError: t is not defined
    at animate (http://localhost:8123/mascot/mascot.js:601:23)
[   65048ms] ReferenceError: t is not defined
    at animate (http://localhost:8123/mascot/mascot.js:601:23)
[   65057ms] ReferenceError: t is not defined
    at animate (http://localhost:8123/mascot/mascot.js:601:23)
[   65065ms] ReferenceError: t is not defined
    at animate (http://localhost:8123/mascot/mascot.js:601:23)
[   65073ms] ReferenceError: t is not defined
    at animate (http://localhost:8123/mascot/mascot.js:601:23)
[   65081ms] ReferenceError: t is not defined
    at animate (http://localhost:8123/mascot/mascot.js:601:23)
[   65089ms] ReferenceError: t is not defined
    at animate (http://localhost:8123/mascot/mascot.js:601:23)
[   65098ms] ReferenceError: t is not defined
    at animate (http://localhost:8123/mascot/mascot.js:601:23)
[   65106ms] ReferenceError: t is not defined
    at animate (http://localhost:8123/mascot/mascot.js:601:23)
[   65114ms] ReferenceError: t is not defined
    at animate (http://localhost:8123/mascot/mascot.js:601:23)
[   65123ms] ReferenceError: t is not defined
    at animate (http://localhost:8123/mascot/mascot.js:601:23)
[   65131ms] ReferenceError: t is not defined
    at animate (http://localhost:8123/mascot/mascot.js:601:23)
[   65139ms] ReferenceError: t is not defined
    at animate (http://localhost:8123/mascot/mascot.js:601:23)
[   65148ms] ReferenceError: t is not defined
    at animate (http://localhost:8123/mascot/mascot.js:601:23)
[   65156ms] ReferenceError: t is not defined
    at animate (http://localhost:8123/mascot/mascot.js:601:23)
[   65165ms] ReferenceError: t is not defined
    at animate (http://localhost:8123/mascot/mascot.js:601:23)
[   65173ms] ReferenceError: t is not defined
    at animate (http://localhost:8123/mascot/mascot.js:601:23)
[   65182ms] ReferenceError: t is not defined
    at animate (http://localhost:8123/mascot/mascot.js:601:23)
[   65190ms] ReferenceError: t is not defined
    at animate (http://localhost:8123/mascot/mascot.js:601:23)
[   65198ms] ReferenceError: t is not defined
    at animate (http://localhost:8123/mascot/mascot.js:601:23)
[   65207ms] ReferenceError: t is not defined
    at animate (http://localhost:8123/mascot/mascot.js:601:23)
[   65215ms] ReferenceError: t is not defined
    at animate (http://localhost:8123/mascot/mascot.js:601:23)
[   65224ms] ReferenceError: t is not defined
    at animate (http://localhost:8123/mascot/mascot.js:601:23)
[   65232ms] ReferenceError: t is not defined
    at animate (http://localhost:8123/mascot/mascot.js:601:23)
[   65240ms] ReferenceError: t is not defined
    at animate (http://localhost:8123/mascot/mascot.js:601:23)
[   65248ms] ReferenceError: t is not defined
    at animate (http://localhost:8123/mascot/mascot.js:601:23)
[   65256ms] ReferenceError: t is not defined
    at animate (http://localhost:8123/mascot/mascot.js:601:23)
[   65265ms] ReferenceError: t is not defined
    at animate (http://localhost:8123/mascot/mascot.js:601:23)
[   65273ms] ReferenceError: t is not defined
    at animate (http://localhost:8123/mascot/mascot.js:601:23)
[   65282ms] ReferenceError: t is not defined
    at animate (http://localhost:8123/mascot/mascot.js:601:23)
[   65290ms] ReferenceError: t is not defined
    at animate (http://localhost:8123/mascot/mascot.js:601:23)
[   65298ms] ReferenceError: t is not defined
    at animate (http://localhost:8123/mascot/mascot.js:601:23)
[   65307ms] ReferenceError: t is not defined
    at animate (http://localhost:8123/mascot/mascot.js:601:23)
[   65315ms] ReferenceError: t is not defined
    at animate (http://localhost:8123/mascot/mascot.js:601:23)
[   65324ms] ReferenceError: t is not defined
    at animate (http://localhost:8123/mascot/mascot.js:601:23)
[   65332ms] ReferenceError: t is not defined
    at animate (http://localhost:8123/mascot/mascot.js:601:23)
[   65340ms] ReferenceError: t is not defined
    at animate (http://localhost:8123/mascot/mascot.js:601:23)
[   65349ms] ReferenceError: t is not defined
    at animate (http://localhost:8123/mascot/mascot.js:601:23)
[   65357ms] ReferenceError: t is not defined
    at animate (http://localhost:8123/mascot/mascot.js:601:23)
[   65366ms] ReferenceError: t is not defined
    at animate (http://localhost:8123/mascot/mascot.js:601:23)
[   65374ms] ReferenceError: t is not defined
    at animate (http://localhost:8123/mascot/mascot.js:601:23)
[   65383ms] ReferenceError: t is not defined
    at animate (http://localhost:8123/mascot/mascot.js:601:23)
[   65391ms] ReferenceError: t is not defined
    at animate (http://localhost:8123/mascot/mascot.js:601:23)
[   65400ms] ReferenceError: t is not defined
    at animate (http://localhost:8123/mascot/mascot.js:601:23)
[   65408ms] ReferenceError: t is not defined
    at animate (http://localhost:8123/mascot/mascot.js:601:23)
[   65416ms] ReferenceError: t is not defined
    at animate (http://localhost:8123/mascot/mascot.js:601:23)
[   65425ms] ReferenceError: t is not defined
    at animate (http://localhost:8123/mascot/mascot.js:601:23)
[   65432ms] ReferenceError: t is not defined
    at animate (http://localhost:8123/mascot/mascot.js:601:23)
[   65440ms] ReferenceError: t is not defined
    at animate (http://localhost:8123/mascot/mascot.js:601:23)
[   65449ms] ReferenceError: t is not defined
    at animate (http://localhost:8123/mascot/mascot.js:601:23)
[   65457ms] ReferenceError: t is not defined
    at animate (http://localhost:8123/mascot/mascot.js:601:23)
[   65466ms] ReferenceError: t is not defined
    at animate (http://localhost:8123/mascot/mascot.js:601:23)
[   65474ms] ReferenceError: t is not defined
    at animate (http://localhost:8123/mascot/mascot.js:601:23)
[   65482ms] ReferenceError: t is not defined
    at animate (http://localhost:8123/mascot/mascot.js:601:23)
[   65490ms] ReferenceError: t is not defined
    at animate (http://localhost:8123/mascot/mascot.js:601:23)
[   65498ms] ReferenceError: t is not defined
    at animate (http://localhost:8123/mascot/mascot.js:601:23)
[   65506ms] ReferenceError: t is not defined
    at animate (http://localhost:8123/mascot/mascot.js:601:23)
[   65515ms] ReferenceError: t is not defined
    at animate (http://localhost:8123/mascot/mascot.js:601:23)
[   65523ms] ReferenceError: t is not defined
    at animate (http://localhost:8123/mascot/mascot.js:601:23)
[   65531ms] ReferenceError: t is not defined
    at animate (http://localhost:8123/mascot/mascot.js:601:23)
[   65540ms] ReferenceError: t is not defined
    at animate (http://localhost:8123/mascot/mascot.js:601:23)
[   65550ms] ReferenceError: t is not defined
    at animate (http://localhost:8123/mascot/mascot.js:601:23)
[   65557ms] ReferenceError: t is not defined
    at animate (http://localhost:8123/mascot/mascot.js:601:23)
[   65565ms] ReferenceError: t is not defined
    at animate (http://localhost:8123/mascot/mascot.js:601:23)
[   65573ms] ReferenceError: t is not defined
    at animate (http://localhost:8123/mascot/mascot.js:601:23)
[   65582ms] ReferenceError: t is not defined
    at animate (http://localhost:8123/mascot/mascot.js:601:23)
[   65589ms] ReferenceError: t is not defined
    at animate (http://localhost:8123/mascot/mascot.js:601:23)
[   65598ms] ReferenceError: t is not defined
    at animate (http://localhost:8123/mascot/mascot.js:601:23)
[   65606ms] ReferenceError: t is not defined
    at animate (http://localhost:8123/mascot/mascot.js:601:23)
[   65614ms] ReferenceError: t is not defined
    at animate (http://localhost:8123/mascot/mascot.js:601:23)
[   65623ms] ReferenceError: t is not defined
    at animate (http://localhost:8123/mascot/mascot.js:601:23)
[   65631ms] ReferenceError: t is not defined
    at animate (http://localhost:8123/mascot/mascot.js:601:23)
[   65639ms] ReferenceError: t is not defined
    at animate (http://localhost:8123/mascot/mascot.js:601:23)
[   65648ms] ReferenceError: t is not defined
    at animate (http://localhost:8123/mascot/mascot.js:601:23)
[   65657ms] ReferenceError: t is not defined
    at animate (http://localhost:8123/mascot/mascot.js:601:23)
[   65664ms] ReferenceError: t is not defined
    at animate (http://localhost:8123/mascot/mascot.js:601:23)
[   65672ms] ReferenceError: t is not defined
    at animate (http://localhost:8123/mascot/mascot.js:601:23)
[   65681ms] ReferenceError: t is not defined
    at animate (http://localhost:8123/mascot/mascot.js:601:23)
[   65690ms] ReferenceError: t is not defined
    at animate (http://localhost:8123/mascot/mascot.js:601:23)
[   65699ms] ReferenceError: t is not defined
    at animate (http://localhost:8123/mascot/mascot.js:601:23)
[   65706ms] ReferenceError: t is not defined
    at animate (http://localhost:8123/mascot/mascot.js:601:23)
[   65714ms] ReferenceError: t is not defined
    at animate (http://localhost:8123/mascot/mascot.js:601:23)
[   65724ms] ReferenceError: t is not defined
    at animate (http://localhost:8123/mascot/mascot.js:601:23)
[   65732ms] ReferenceError: t is not defined
    at animate (http://localhost:8123/mascot/mascot.js:601:23)
[   65740ms] ReferenceError: t is not defined
    at animate (http://localhost:8123/mascot/mascot.js:601:23)
[   65748ms] ReferenceError: t is not defined
    at animate (http://localhost:8123/mascot/mascot.js:601:23)
[   65756ms] ReferenceError: t is not defined
    at animate (http://localhost:8123/mascot/mascot.js:601:23)
[   65765ms] ReferenceError: t is not defined
    at animate (http://localhost:8123/mascot/mascot.js:601:23)
[   65773ms] ReferenceError: t is not defined
    at animate (http://localhost:8123/mascot/mascot.js:601:23)
[   65782ms] ReferenceError: t is not defined
    at animate (http://localhost:8123/mascot/mascot.js:601:23)
[   65790ms] ReferenceError: t is not defined
    at animate (http://localhost:8123/mascot/mascot.js:601:23)
[   65799ms] ReferenceError: t is not defined
    at animate (http://localhost:8123/mascot/mascot.js:601:23)
[   65807ms] ReferenceError: t is not defined
    at animate (http://localhost:8123/mascot/mascot.js:601:23)
[   65815ms] ReferenceError: t is not defined
    at animate (http://localhost:8123/mascot/mascot.js:601:23)
[   65824ms] ReferenceError: t is not defined
    at animate (http://localhost:8123/mascot/mascot.js:601:23)
[   65832ms] ReferenceError: t is not defined
    at animate (http://localhost:8123/mascot/mascot.js:601:23)
[   65840ms] ReferenceError: t is not defined
    at animate (http://localhost:8123/mascot/mascot.js:601:23)
[   65850ms] ReferenceError: t is not defined
    at animate (http://localhost:8123/mascot/mascot.js:601:23)
[   65857ms] ReferenceError: t is not defined
    at animate (http://localhost:8123/mascot/mascot.js:601:23)
[   65866ms] ReferenceError: t is not defined
    at animate (http://localhost:8123/mascot/mascot.js:601:23)
[   65874ms] ReferenceError: t is not defined
    at animate (http://localhost:8123/mascot/mascot.js:601:23)
[   65882ms] ReferenceError: t is not defined
    at animate (http://localhost:8123/mascot/mascot.js:601:23)
[   65891ms] ReferenceError: t is not defined
    at animate (http://localhost:8123/mascot/mascot.js:601:23)
[   65899ms] ReferenceError: t is not defined
    at animate (http://localhost:8123/mascot/mascot.js:601:23)
[   65908ms] ReferenceError: t is not defined
    at animate (http://localhost:8123/mascot/mascot.js:601:23)
[   65916ms] ReferenceError: t is not defined
    at animate (http://localhost:8123/mascot/mascot.js:601:23)
[   65924ms] ReferenceError: t is not defined
    at animate (http://localhost:8123/mascot/mascot.js:601:23)
[   65932ms] ReferenceError: t is not defined
    at animate (http://localhost:8123/mascot/mascot.js:601:23)
[   65940ms] ReferenceError: t is not defined
    at animate (http://localhost:8123/mascot/mascot.js:601:23)
[   65949ms] ReferenceError: t is not defined
    at animate (http://localhost:8123/mascot/mascot.js:601:23)
[   65958ms] ReferenceError: t is not defined
    at animate (http://localhost:8123/mascot/mascot.js:601:23)
[   65965ms] ReferenceError: t is not defined
    at animate (http://localhost:8123/mascot/mascot.js:601:23)
[   65974ms] ReferenceError: t is not defined
    at animate (http://localhost:8123/mascot/mascot.js:601:23)
[   65982ms] ReferenceError: t is not defined
    at animate (http://localhost:8123/mascot/mascot.js:601:23)
[   65990ms] ReferenceError: t is not defined
    at animate (http://localhost:8123/mascot/mascot.js:601:23)
[   65998ms] ReferenceError: t is not defined
    at animate (http://localhost:8123/mascot/mascot.js:601:23)
[   66007ms] ReferenceError: t is not defined
    at animate (http://localhost:8123/mascot/mascot.js:601:23)
[   66015ms] ReferenceError: t is not defined
    at animate (http://localhost:8123/mascot/mascot.js:601:23)
[   66024ms] ReferenceError: t is not defined
    at animate (http://localhost:8123/mascot/mascot.js:601:23)
[   66032ms] ReferenceError: t is not defined
    at animate (http://localhost:8123/mascot/mascot.js:601:23)
[   66040ms] ReferenceError: t is not defined
    at animate (http://localhost:8123/mascot/mascot.js:601:23)
[   66049ms] ReferenceError: t is not defined
    at animate (http://localhost:8123/mascot/mascot.js:601:23)
[   66056ms] ReferenceError: t is not defined
    at animate (http://localhost:8123/mascot/mascot.js:601:23)
[   66065ms] ReferenceError: t is not defined
    at animate (http://localhost:8123/mascot/mascot.js:601:23)
[   66073ms] ReferenceError: t is not defined
    at animate (http://localhost:8123/mascot/mascot.js:601:23)
[   66081ms] ReferenceError: t is not defined
    at animate (http://localhost:8123/mascot/mascot.js:601:23)
[   66089ms] ReferenceError: t is not defined
    at animate (http://localhost:8123/mascot/mascot.js:601:23)
[   66098ms] ReferenceError: t is not defined
    at animate (http://localhost:8123/mascot/mascot.js:601:23)
[   66106ms] ReferenceError: t is not defined
    at animate (http://localhost:8123/mascot/mascot.js:601:23)
[   66114ms] ReferenceError: t is not defined
    at animate (http://localhost:8123/mascot/mascot.js:601:23)
[   66123ms] ReferenceError: t is not defined
    at animate (http://localhost:8123/mascot/mascot.js:601:23)
[   66131ms] ReferenceError: t is not defined
    at animate (http://localhost:8123/mascot/mascot.js:601:23)
[   66140ms] ReferenceError: t is not defined
    at animate (http://localhost:8123/mascot/mascot.js:601:23)
[   66149ms] ReferenceError: t is not defined
    at animate (http://localhost:8123/mascot/mascot.js:601:23)
[   66156ms] ReferenceError: t is not defined
    at animate (http://localhost:8123/mascot/mascot.js:601:23)
[   66164ms] ReferenceError: t is not defined
    at animate (http://localhost:8123/mascot/mascot.js:601:23)
[   66173ms] ReferenceError: t is not defined
    at animate (http://localhost:8123/mascot/mascot.js:601:23)
[   66181ms] ReferenceError: t is not defined
    at animate (http://localhost:8123/mascot/mascot.js:601:23)
[   66190ms] ReferenceError: t is not defined
    at animate (http://localhost:8123/mascot/mascot.js:601:23)
[   66198ms] ReferenceError: t is not defined
    at animate (http://localhost:8123/mascot/mascot.js:601:23)
[   66207ms] ReferenceError: t is not defined
    at animate (http://localhost:8123/mascot/mascot.js:601:23)
[   66215ms] ReferenceError: t is not defined
    at animate (http://localhost:8123/mascot/mascot.js:601:23)
[   66223ms] ReferenceError: t is not defined
    at animate (http://localhost:8123/mascot/mascot.js:601:23)
[   66231ms] ReferenceError: t is not defined
    at animate (http://localhost:8123/mascot/mascot.js:601:23)
[   66240ms] ReferenceError: t is not defined
    at animate (http://localhost:8123/mascot/mascot.js:601:23)
[   66249ms] ReferenceError: t is not defined
    at animate (http://localhost:8123/mascot/mascot.js:601:23)
[   66257ms] ReferenceError: t is not defined
    at animate (http://localhost:8123/mascot/mascot.js:601:23)
[   66265ms] ReferenceError: t is not defined
    at animate (http://localhost:8123/mascot/mascot.js:601:23)
[   66274ms] ReferenceError: t is not defined
    at animate (http://localhost:8123/mascot/mascot.js:601:23)
[   66283ms] ReferenceError: t is not defined
    at animate (http://localhost:8123/mascot/mascot.js:601:23)
[   66290ms] ReferenceError: t is not defined
    at animate (http://localhost:8123/mascot/mascot.js:601:23)
[   66299ms] ReferenceError: t is not defined
    at animate (http://localhost:8123/mascot/mascot.js:601:23)
[   66307ms] ReferenceError: t is not defined
    at animate (http://localhost:8123/mascot/mascot.js:601:23)
[   66315ms] ReferenceError: t is not defined
    at animate (http://localhost:8123/mascot/mascot.js:601:23)
[   66323ms] ReferenceError: t is not defined
    at animate (http://localhost:8123/mascot/mascot.js:601:23)
[   66332ms] ReferenceError: t is not defined
    at animate (http://localhost:8123/mascot/mascot.js:601:23)
[   66340ms] ReferenceError: t is not defined
    at animate (http://localhost:8123/mascot/mascot.js:601:23)
[   66349ms] ReferenceError: t is not defined
    at animate (http://localhost:8123/mascot/mascot.js:601:23)
[   66357ms] ReferenceError: t is not defined
    at animate (http://localhost:8123/mascot/mascot.js:601:23)
[   66366ms] ReferenceError: t is not defined
    at animate (http://localhost:8123/mascot/mascot.js:601:23)
[   66374ms] ReferenceError: t is not defined
    at animate (http://localhost:8123/mascot/mascot.js:601:23)
[   66382ms] ReferenceError: t is not defined
    at animate (http://localhost:8123/mascot/mascot.js:601:23)
[   66391ms] ReferenceError: t is not defined
    at animate (http://localhost:8123/mascot/mascot.js:601:23)
[   66399ms] ReferenceError: t is not defined
    at animate (http://localhost:8123/mascot/mascot.js:601:23)
[   66407ms] ReferenceError: t is not defined
    at animate (http://localhost:8123/mascot/mascot.js:601:23)
[   66415ms] ReferenceError: t is not defined
    at animate (http://localhost:8123/mascot/mascot.js:601:23)
[   66424ms] ReferenceError: t is not defined
    at animate (http://localhost:8123/mascot/mascot.js:601:23)
[   66432ms] ReferenceError: t is not defined
    at animate (http://localhost:8123/mascot/mascot.js:601:23)
[   66441ms] ReferenceError: t is not defined
    at animate (http://localhost:8123/mascot/mascot.js:601:23)
[   66449ms] ReferenceError: t is not defined
    at animate (http://localhost:8123/mascot/mascot.js:601:23)
[   66457ms] ReferenceError: t is not defined
    at animate (http://localhost:8123/mascot/mascot.js:601:23)
[   66465ms] ReferenceError: t is not defined
    at animate (http://localhost:8123/mascot/mascot.js:601:23)
[   66473ms] ReferenceError: t is not defined
    at animate (http://localhost:8123/mascot/mascot.js:601:23)
[   66482ms] ReferenceError: t is not defined
    at animate (http://localhost:8123/mascot/mascot.js:601:23)
[   66491ms] ReferenceError: t is not defined
    at animate (http://localhost:8123/mascot/mascot.js:601:23)
[   66501ms] ReferenceError: t is not defined
    at animate (http://localhost:8123/mascot/mascot.js:601:23)
[   66507ms] ReferenceError: t is not defined
    at animate (http://localhost:8123/mascot/mascot.js:601:23)
[   66516ms] ReferenceError: t is not defined
    at animate (http://localhost:8123/mascot/mascot.js:601:23)
[   66523ms] ReferenceError: t is not defined
    at animate (http://localhost:8123/mascot/mascot.js:601:23)
[   66532ms] ReferenceError: t is not defined
    at animate (http://localhost:8123/mascot/mascot.js:601:23)
[   66540ms] ReferenceError: t is not defined
    at animate (http://localhost:8123/mascot/mascot.js:601:23)
[   66548ms] ReferenceError: t is not defined
    at animate (http://localhost:8123/mascot/mascot.js:601:23)
[   66557ms] ReferenceError: t is not defined
    at animate (http://localhost:8123/mascot/mascot.js:601:23)
[   66565ms] ReferenceError: t is not defined
    at animate (http://localhost:8123/mascot/mascot.js:601:23)
[   66574ms] ReferenceError: t is not defined
    at animate (http://localhost:8123/mascot/mascot.js:601:23)
[   66590ms] ReferenceError: t is not defined
    at animate (http://localhost:8123/mascot/mascot.js:601:23)
[   66590ms] ReferenceError: t is not defined
    at animate (http://localhost:8123/mascot/mascot.js:601:23)
[   66599ms] ReferenceError: t is not defined
    at animate (http://localhost:8123/mascot/mascot.js:601:23)
[   66607ms] ReferenceError: t is not defined
    at animate (http://localhost:8123/mascot/mascot.js:601:23)
[   66615ms] ReferenceError: t is not defined
    at animate (http://localhost:8123/mascot/mascot.js:601:23)
[   66624ms] ReferenceError: t is not defined
    at animate (http://localhost:8123/mascot/mascot.js:601:23)
[   66632ms] ReferenceError: t is not defined
    at animate (http://localhost:8123/mascot/mascot.js:601:23)
[   66640ms] ReferenceError: t is not defined
    at animate (http://localhost:8123/mascot/mascot.js:601:23)
[   66648ms] ReferenceError: t is not defined
    at animate (http://localhost:8123/mascot/mascot.js:601:23)
[   66656ms] ReferenceError: t is not defined
    at animate (http://localhost:8123/mascot/mascot.js:601:23)
[   66664ms] ReferenceError: t is not defined
    at animate (http://localhost:8123/mascot/mascot.js:601:23)
[   66673ms] ReferenceError: t is not defined
    at animate (http://localhost:8123/mascot/mascot.js:601:23)
[   66681ms] ReferenceError: t is not defined
    at animate (http://localhost:8123/mascot/mascot.js:601:23)
[   66689ms] ReferenceError: t is not defined
    at animate (http://localhost:8123/mascot/mascot.js:601:23)
[   66698ms] ReferenceError: t is not defined
    at animate (http://localhost:8123/mascot/mascot.js:601:23)
[   66706ms] ReferenceError: t is not defined
    at animate (http://localhost:8123/mascot/mascot.js:601:23)
[   66714ms] ReferenceError: t is not defined
    at animate (http://localhost:8123/mascot/mascot.js:601:23)
[   66723ms] ReferenceError: t is not defined
    at animate (http://localhost:8123/mascot/mascot.js:601:23)
[   66731ms] ReferenceError: t is not defined
    at animate (http://localhost:8123/mascot/mascot.js:601:23)
[   66739ms] ReferenceError: t is not defined
    at animate (http://localhost:8123/mascot/mascot.js:601:23)
[   66748ms] ReferenceError: t is not defined
    at animate (http://localhost:8123/mascot/mascot.js:601:23)
[   66756ms] ReferenceError: t is not defined
    at animate (http://localhost:8123/mascot/mascot.js:601:23)
[   66764ms] ReferenceError: t is not defined
    at animate (http://localhost:8123/mascot/mascot.js:601:23)
[   66773ms] ReferenceError: t is not defined
    at animate (http://localhost:8123/mascot/mascot.js:601:23)
[   66781ms] ReferenceError: t is not defined
    at animate (http://localhost:8123/mascot/mascot.js:601:23)
[   66789ms] ReferenceError: t is not defined
    at animate (http://localhost:8123/mascot/mascot.js:601:23)
[   66798ms] ReferenceError: t is not defined
    at animate (http://localhost:8123/mascot/mascot.js:601:23)
[   66806ms] ReferenceError: t is not defined
    at animate (http://localhost:8123/mascot/mascot.js:601:23)
[   66814ms] ReferenceError: t is not defined
    at animate (http://localhost:8123/mascot/mascot.js:601:23)
[   66823ms] ReferenceError: t is not defined
    at animate (http://localhost:8123/mascot/mascot.js:601:23)
[   66831ms] ReferenceError: t is not defined
    at animate (http://localhost:8123/mascot/mascot.js:601:23)
[   66839ms] ReferenceError: t is not defined
    at animate (http://localhost:8123/mascot/mascot.js:601:23)
[   66849ms] ReferenceError: t is not defined
    at animate (http://localhost:8123/mascot/mascot.js:601:23)
[   66856ms] ReferenceError: t is not defined
    at animate (http://localhost:8123/mascot/mascot.js:601:23)
[   66866ms] ReferenceError: t is not defined
    at animate (http://localhost:8123/mascot/mascot.js:601:23)
[   66873ms] ReferenceError: t is not defined
    at animate (http://localhost:8123/mascot/mascot.js:601:23)
[   66882ms] ReferenceError: t is not defined
    at animate (http://localhost:8123/mascot/mascot.js:601:23)
[   66890ms] ReferenceError: t is not defined
    at animate (http://localhost:8123/mascot/mascot.js:601:23)
[   66898ms] ReferenceError: t is not defined
    at animate (http://localhost:8123/mascot/mascot.js:601:23)
[   66907ms] ReferenceError: t is not defined
    at animate (http://localhost:8123/mascot/mascot.js:601:23)
[   66915ms] ReferenceError: t is not defined
    at animate (http://localhost:8123/mascot/mascot.js:601:23)
[   66924ms] ReferenceError: t is not defined
    at animate (http://localhost:8123/mascot/mascot.js:601:23)
[   66931ms] ReferenceError: t is not defined
    at animate (http://localhost:8123/mascot/mascot.js:601:23)
[   66940ms] ReferenceError: t is not defined
    at animate (http://localhost:8123/mascot/mascot.js:601:23)
[   66948ms] ReferenceError: t is not defined
    at animate (http://localhost:8123/mascot/mascot.js:601:23)
[   66957ms] ReferenceError: t is not defined
    at animate (http://localhost:8123/mascot/mascot.js:601:23)
[   66965ms] ReferenceError: t is not defined
    at animate (http://localhost:8123/mascot/mascot.js:601:23)
[   66974ms] ReferenceError: t is not defined
    at animate (http://localhost:8123/mascot/mascot.js:601:23)
[   66982ms] ReferenceError: t is not defined
    at animate (http://localhost:8123/mascot/mascot.js:601:23)
[   66990ms] ReferenceError: t is not defined
    at animate (http://localhost:8123/mascot/mascot.js:601:23)
[   66999ms] ReferenceError: t is not defined
    at animate (http://localhost:8123/mascot/mascot.js:601:23)
[   67008ms] ReferenceError: t is not defined
    at animate (http://localhost:8123/mascot/mascot.js:601:23)
[   67015ms] ReferenceError: t is not defined
    at animate (http://localhost:8123/mascot/mascot.js:601:23)
[   67023ms] ReferenceError: t is not defined
    at animate (http://localhost:8123/mascot/mascot.js:601:23)
[   67032ms] ReferenceError: t is not defined
    at animate (http://localhost:8123/mascot/mascot.js:601:23)
[   67040ms] ReferenceError: t is not defined
    at animate (http://localhost:8123/mascot/mascot.js:601:23)
[   67048ms] ReferenceError: t is not defined
    at animate (http://localhost:8123/mascot/mascot.js:601:23)
[   67056ms] ReferenceError: t is not defined
    at animate (http://localhost:8123/mascot/mascot.js:601:23)
[   67065ms] ReferenceError: t is not defined
    at animate (http://localhost:8123/mascot/mascot.js:601:23)
[   67072ms] ReferenceError: t is not defined
    at animate (http://localhost:8123/mascot/mascot.js:601:23)
[   67080ms] ReferenceError: t is not defined
    at animate (http://localhost:8123/mascot/mascot.js:601:23)
[   67089ms] ReferenceError: t is not defined
    at animate (http://localhost:8123/mascot/mascot.js:601:23)
[   67098ms] ReferenceError: t is not defined
    at animate (http://localhost:8123/mascot/mascot.js:601:23)
[   67106ms] ReferenceError: t is not defined
    at animate (http://localhost:8123/mascot/mascot.js:601:23)
[   67115ms] ReferenceError: t is not defined
    at animate (http://localhost:8123/mascot/mascot.js:601:23)
[   67123ms] ReferenceError: t is not defined
    at animate (http://localhost:8123/mascot/mascot.js:601:23)
[   67131ms] ReferenceError: t is not defined
    at animate (http://localhost:8123/mascot/mascot.js:601:23)
[   67139ms] ReferenceError: t is not defined
    at animate (http://localhost:8123/mascot/mascot.js:601:23)
[   67148ms] ReferenceError: t is not defined
    at animate (http://localhost:8123/mascot/mascot.js:601:23)
[   67156ms] ReferenceError: t is not defined
    at animate (http://localhost:8123/mascot/mascot.js:601:23)
[   67165ms] ReferenceError: t is not defined
    at animate (http://localhost:8123/mascot/mascot.js:601:23)
[   67173ms] ReferenceError: t is not defined
    at animate (http://localhost:8123/mascot/mascot.js:601:23)
[   67181ms] ReferenceError: t is not defined
    at animate (http://localhost:8123/mascot/mascot.js:601:23)
[   67190ms] ReferenceError: t is not defined
    at animate (http://localhost:8123/mascot/mascot.js:601:23)
[   67198ms] ReferenceError: t is not defined
    at animate (http://localhost:8123/mascot/mascot.js:601:23)
[   67207ms] ReferenceError: t is not defined
    at animate (http://localhost:8123/mascot/mascot.js:601:23)
[   67215ms] ReferenceError: t is not defined
    at animate (http://localhost:8123/mascot/mascot.js:601:23)
[   67224ms] ReferenceError: t is not defined
    at animate (http://localhost:8123/mascot/mascot.js:601:23)
[   67232ms] ReferenceError: t is not defined
    at animate (http://localhost:8123/mascot/mascot.js:601:23)
[   67240ms] ReferenceError: t is not defined
    at animate (http://localhost:8123/mascot/mascot.js:601:23)
[   67249ms] ReferenceError: t is not defined
    at animate (http://localhost:8123/mascot/mascot.js:601:23)
[   67257ms] ReferenceError: t is not defined
    at animate (http://localhost:8123/mascot/mascot.js:601:23)
[   67265ms] ReferenceError: t is not defined
    at animate (http://localhost:8123/mascot/mascot.js:601:23)
[   67273ms] ReferenceError: t is not defined
    at animate (http://localhost:8123/mascot/mascot.js:601:23)
[   67282ms] ReferenceError: t is not defined
    at animate (http://localhost:8123/mascot/mascot.js:601:23)
[   67290ms] ReferenceError: t is not defined
    at animate (http://localhost:8123/mascot/mascot.js:601:23)
[   67300ms] ReferenceError: t is not defined
    at animate (http://localhost:8123/mascot/mascot.js:601:23)
[   67307ms] ReferenceError: t is not defined
    at animate (http://localhost:8123/mascot/mascot.js:601:23)
[   67315ms] ReferenceError: t is not defined
    at animate (http://localhost:8123/mascot/mascot.js:601:23)
[   67323ms] ReferenceError: t is not defined
    at animate (http://localhost:8123/mascot/mascot.js:601:23)
[   67332ms] ReferenceError: t is not defined
    at animate (http://localhost:8123/mascot/mascot.js:601:23)
[   67340ms] ReferenceError: t is not defined
    at animate (http://localhost:8123/mascot/mascot.js:601:23)
[   67349ms] ReferenceError: t is not defined
    at animate (http://localhost:8123/mascot/mascot.js:601:23)
[   67358ms] ReferenceError: t is not defined
    at animate (http://localhost:8123/mascot/mascot.js:601:23)
[   67366ms] ReferenceError: t is not defined
    at animate (http://localhost:8123/mascot/mascot.js:601:23)
[   67374ms] ReferenceError: t is not defined
    at animate (http://localhost:8123/mascot/mascot.js:601:23)
[   67382ms] ReferenceError: t is not defined
    at animate (http://localhost:8123/mascot/mascot.js:601:23)
[   67390ms] ReferenceError: t is not defined
    at animate (http://localhost:8123/mascot/mascot.js:601:23)
[   67399ms] ReferenceError: t is not defined
    at animate (http://localhost:8123/mascot/mascot.js:601:23)
[   67407ms] ReferenceError: t is not defined
    at animate (http://localhost:8123/mascot/mascot.js:601:23)
[   67415ms] ReferenceError: t is not defined
    at animate (http://localhost:8123/mascot/mascot.js:601:23)
[   67424ms] ReferenceError: t is not defined
    at animate (http://localhost:8123/mascot/mascot.js:601:23)
[   67433ms] ReferenceError: t is not defined
    at animate (http://localhost:8123/mascot/mascot.js:601:23)
[   67440ms] ReferenceError: t is not defined
    at animate (http://localhost:8123/mascot/mascot.js:601:23)
[   67448ms] ReferenceError: t is not defined
    at animate (http://localhost:8123/mascot/mascot.js:601:23)
[   67457ms] ReferenceError: t is not defined
    at animate (http://localhost:8123/mascot/mascot.js:601:23)
[   67465ms] ReferenceError: t is not defined
    at animate (http://localhost:8123/mascot/mascot.js:601:23)
[   67474ms] ReferenceError: t is not defined
    at animate (http://localhost:8123/mascot/mascot.js:601:23)
[   67482ms] ReferenceError: t is not defined
    at animate (http://localhost:8123/mascot/mascot.js:601:23)
[   67490ms] ReferenceError: t is not defined
    at animate (http://localhost:8123/mascot/mascot.js:601:23)
[   67498ms] ReferenceError: t is not defined
    at animate (http://localhost:8123/mascot/mascot.js:601:23)
[   67507ms] ReferenceError: t is not defined
    at animate (http://localhost:8123/mascot/mascot.js:601:23)
[   67516ms] ReferenceError: t is not defined
    at animate (http://localhost:8123/mascot/mascot.js:601:23)
[   67524ms] ReferenceError: t is not defined
    at animate (http://localhost:8123/mascot/mascot.js:601:23)
[   67532ms] ReferenceError: t is not defined
    at animate (http://localhost:8123/mascot/mascot.js:601:23)
[   67541ms] ReferenceError: t is not defined
    at animate (http://localhost:8123/mascot/mascot.js:601:23)
[   67548ms] ReferenceError: t is not defined
    at animate (http://localhost:8123/mascot/mascot.js:601:23)
[   67558ms] ReferenceError: t is not defined
    at animate (http://localhost:8123/mascot/mascot.js:601:23)
[   67565ms] ReferenceError: t is not defined
    at animate (http://localhost:8123/mascot/mascot.js:601:23)
[   67580ms] ReferenceError: t is not defined
    at animate (http://localhost:8123/mascot/mascot.js:601:23)
[   67582ms] ReferenceError: t is not defined
    at animate (http://localhost:8123/mascot/mascot.js:601:23)
[   67590ms] ReferenceError: t is not defined
    at animate (http://localhost:8123/mascot/mascot.js:601:23)
[   67600ms] ReferenceError: t is not defined
    at animate (http://localhost:8123/mascot/mascot.js:601:23)
[   67607ms] ReferenceError: t is not defined
    at animate (http://localhost:8123/mascot/mascot.js:601:23)
[   67616ms] ReferenceError: t is not defined
    at animate (http://localhost:8123/mascot/mascot.js:601:23)
[   67624ms] ReferenceError: t is not defined
    at animate (http://localhost:8123/mascot/mascot.js:601:23)
[   67632ms] ReferenceError: t is not defined
    at animate (http://localhost:8123/mascot/mascot.js:601:23)
[   67640ms] ReferenceError: t is not defined
    at animate (http://localhost:8123/mascot/mascot.js:601:23)
[   67648ms] ReferenceError: t is not defined
    at animate (http://localhost:8123/mascot/mascot.js:601:23)
[   67656ms] ReferenceError: t is not defined
    at animate (http://localhost:8123/mascot/mascot.js:601:23)
[   67664ms] ReferenceError: t is not defined
    at animate (http://localhost:8123/mascot/mascot.js:601:23)
[   67672ms] ReferenceError: t is not defined
    at animate (http://localhost:8123/mascot/mascot.js:601:23)
[   67681ms] ReferenceError: t is not defined
    at animate (http://localhost:8123/mascot/mascot.js:601:23)
[   67689ms] ReferenceError: t is not defined
    at animate (http://localhost:8123/mascot/mascot.js:601:23)
[   67698ms] ReferenceError: t is not defined
    at animate (http://localhost:8123/mascot/mascot.js:601:23)
[   67706ms] ReferenceError: t is not defined
    at animate (http://localhost:8123/mascot/mascot.js:601:23)
[   67715ms] ReferenceError: t is not defined
    at animate (http://localhost:8123/mascot/mascot.js:601:23)
[   67723ms] ReferenceError: t is not defined
    at animate (http://localhost:8123/mascot/mascot.js:601:23)
[   67731ms] ReferenceError: t is not defined
    at animate (http://localhost:8123/mascot/mascot.js:601:23)
[   67740ms] ReferenceError: t is not defined
    at animate (http://localhost:8123/mascot/mascot.js:601:23)
[   67748ms] ReferenceError: t is not defined
    at animate (http://localhost:8123/mascot/mascot.js:601:23)
[   67756ms] ReferenceError: t is not defined
    at animate (http://localhost:8123/mascot/mascot.js:601:23)
[   67764ms] ReferenceError: t is not defined
    at animate (http://localhost:8123/mascot/mascot.js:601:23)
[   67773ms] ReferenceError: t is not defined
    at animate (http://localhost:8123/mascot/mascot.js:601:23)
[   67782ms] ReferenceError: t is not defined
    at animate (http://localhost:8123/mascot/mascot.js:601:23)
[   67789ms] ReferenceError: t is not defined
    at animate (http://localhost:8123/mascot/mascot.js:601:23)
[   67798ms] ReferenceError: t is not defined
    at animate (http://localhost:8123/mascot/mascot.js:601:23)
[   67806ms] ReferenceError: t is not defined
    at animate (http://localhost:8123/mascot/mascot.js:601:23)
[   67814ms] ReferenceError: t is not defined
    at animate (http://localhost:8123/mascot/mascot.js:601:23)
[   67823ms] ReferenceError: t is not defined
    at animate (http://localhost:8123/mascot/mascot.js:601:23)
[   67831ms] ReferenceError: t is not defined
    at animate (http://localhost:8123/mascot/mascot.js:601:23)
[   67840ms] ReferenceError: t is not defined
    at animate (http://localhost:8123/mascot/mascot.js:601:23)
[   67848ms] ReferenceError: t is not defined
    at animate (http://localhost:8123/mascot/mascot.js:601:23)
[   67856ms] ReferenceError: t is not defined
    at animate (http://localhost:8123/mascot/mascot.js:601:23)
[   67864ms] ReferenceError: t is not defined
    at animate (http://localhost:8123/mascot/mascot.js:601:23)
[   67873ms] ReferenceError: t is not defined
    at animate (http://localhost:8123/mascot/mascot.js:601:23)
[   67881ms] ReferenceError: t is not defined
    at animate (http://localhost:8123/mascot/mascot.js:601:23)
[   67889ms] ReferenceError: t is not defined
    at animate (http://localhost:8123/mascot/mascot.js:601:23)
[   67898ms] ReferenceError: t is not defined
    at animate (http://localhost:8123/mascot/mascot.js:601:23)
[   67906ms] ReferenceError: t is not defined
    at animate (http://localhost:8123/mascot/mascot.js:601:23)
[   67915ms] ReferenceError: t is not defined
    at animate (http://localhost:8123/mascot/mascot.js:601:23)
[   67924ms] ReferenceError: t is not defined
    at animate (http://localhost:8123/mascot/mascot.js:601:23)
[   67933ms] ReferenceError: t is not defined
    at animate (http://localhost:8123/mascot/mascot.js:601:23)
[   67940ms] ReferenceError: t is not defined
    at animate (http://localhost:8123/mascot/mascot.js:601:23)
[   67948ms] ReferenceError: t is not defined
    at animate (http://localhost:8123/mascot/mascot.js:601:23)
[   67968ms] ReferenceError: t is not defined
    at animate (http://localhost:8123/mascot/mascot.js:601:23)
[   67968ms] ReferenceError: t is not defined
    at animate (http://localhost:8123/mascot/mascot.js:601:23)
[   67973ms] ReferenceError: t is not defined
    at animate (http://localhost:8123/mascot/mascot.js:601:23)
[   67982ms] ReferenceError: t is not defined
    at animate (http://localhost:8123/mascot/mascot.js:601:23)
[   67990ms] ReferenceError: t is not defined
    at animate (http://localhost:8123/mascot/mascot.js:601:23)
[   67999ms] ReferenceError: t is not defined
    at animate (http://localhost:8123/mascot/mascot.js:601:23)
[   68008ms] ReferenceError: t is not defined
    at animate (http://localhost:8123/mascot/mascot.js:601:23)
[   68016ms] ReferenceError: t is not defined
    at animate (http://localhost:8123/mascot/mascot.js:601:23)
[   68024ms] ReferenceError: t is not defined
    at animate (http://localhost:8123/mascot/mascot.js:601:23)
[   68032ms] ReferenceError: t is not defined
    at animate (http://localhost:8123/mascot/mascot.js:601:23)
[   68041ms] ReferenceError: t is not defined
    at animate (http://localhost:8123/mascot/mascot.js:601:23)
[   68049ms] ReferenceError: t is not defined
    at animate (http://localhost:8123/mascot/mascot.js:601:23)
[   68057ms] ReferenceError: t is not defined
    at animate (http://localhost:8123/mascot/mascot.js:601:23)
[   68065ms] ReferenceError: t is not defined
    at animate (http://localhost:8123/mascot/mascot.js:601:23)
[   68073ms] ReferenceError: t is not defined
    at animate (http://localhost:8123/mascot/mascot.js:601:23)
[   68082ms] ReferenceError: t is not defined
    at animate (http://localhost:8123/mascot/mascot.js:601:23)
[   68090ms] ReferenceError: t is not defined
    at animate (http://localhost:8123/mascot/mascot.js:601:23)
[   68099ms] ReferenceError: t is not defined
    at animate (http://localhost:8123/mascot/mascot.js:601:23)
[   68107ms] ReferenceError: t is not defined
    at animate (http://localhost:8123/mascot/mascot.js:601:23)
[   68115ms] ReferenceError: t is not defined
    at animate (http://localhost:8123/mascot/mascot.js:601:23)
[   68124ms] ReferenceError: t is not defined
    at animate (http://localhost:8123/mascot/mascot.js:601:23)
[   68129ms] ReferenceError: t is not defined
    at animate (http://localhost:8123/mascot/mascot.js:601:23)
[   68138ms] ReferenceError: t is not defined
    at animate (http://localhost:8123/mascot/mascot.js:601:23)
[   68145ms] ReferenceError: t is not defined
    at animate (http://localhost:8123/mascot/mascot.js:601:23)
[   68154ms] ReferenceError: t is not defined
    at animate (http://localhost:8123/mascot/mascot.js:601:23)
[   68161ms] ReferenceError: t is not defined
    at animate (http://localhost:8123/mascot/mascot.js:601:23)
[   68170ms] ReferenceError: t is not defined
    at animate (http://localhost:8123/mascot/mascot.js:601:23)
[   68177ms] ReferenceError: t is not defined
    at animate (http://localhost:8123/mascot/mascot.js:601:23)
[   68187ms] ReferenceError: t is not defined
    at animate (http://localhost:8123/mascot/mascot.js:601:23)
[   68195ms] ReferenceError: t is not defined
    at animate (http://localhost:8123/mascot/mascot.js:601:23)
[   68203ms] ReferenceError: t is not defined
    at animate (http://localhost:8123/mascot/mascot.js:601:23)
[   68211ms] ReferenceError: t is not defined
    at animate (http://localhost:8123/mascot/mascot.js:601:23)
[   68219ms] ReferenceError: t is not defined
    at animate (http://localhost:8123/mascot/mascot.js:601:23)
[   68227ms] ReferenceError: t is not defined
    at animate (http://localhost:8123/mascot/mascot.js:601:23)
[   68236ms] ReferenceError: t is not defined
    at animate (http://localhost:8123/mascot/mascot.js:601:23)
[   68245ms] ReferenceError: t is not defined
    at animate (http://localhost:8123/mascot/mascot.js:601:23)
